X1,ACCIDENT_YEAR,COLLISION_DATE,COLLISION_TIME,DAY_OF_WEEK,PRIMARY_RD,SECONDARY_RD,DIRECTION,INTERSECTION,STATE_ROUTE,LOCATION_TYPE,COLLISION_SEVERITY,NUMBER_KILLED,NUMBER_INJURED,PRIMARY_COLL_FACTOR,PCF_VIOL_CATEGORY,TYPE_OF_COLLISION,MVIW,PED_ACTION,ROAD_COND_1,LIGHTING,PEDESTRIAN_ACCIDENT,BICYCLE_ACCIDENT,MOTORCYCLE_ACCIDENT,TRUCK_ACCIDENT,ALCOHOL_INVOLVED,COUNT_SEVERE_INJ,COUNT_VISIBLE_INJ,COUNT_COMPLAINT_PAIN,COUNT_PED_KILLED,COUNT_PED_INJURED,COUNT_BICYCLIST_KILLED,COUNT_BICYCLIST_INJURED,COUNT_MC_KILLED,COUNT_MC_INJURED,CITY,lon,lat,geometry,city_new
366,2013,5/15/13,2013-05-15T15:20:00Z,Wednesday,EAST MARKET ST,NORTH MADEIRA AV,NA,Y,NA,NA,4,0,1,A,12,G,B,B,H,A,Y,N,N,N,N,0,0,1,0,1,0,0,0,0,SALINAS,-121.6381128,36.6770649,"c(-121.6381128, 36.6770649)",Salinas
367,2013,5/22/13,2013-05-22T12:01:00Z,Wednesday,LIGHTHOUSE,DAVID,S,N,NA,NA,4,0,1,A,3,C,C,A,H,A,N,N,N,N,N,0,0,1,0,0,0,0,0,0,MONTEREY,-121.9042199,36.6165477,"c(-121.9042199, 36.6165477)",Monterey
368,2013,4/3/13,2013-04-03T15:16:00Z,Wednesday,PALM AV,MAJOR AV,N,N,NA,NA,3,0,1,A,NA,H,G,A,H,A,N,Y,N,N,Y,0,1,0,0,0,0,1,0,0,SOLEDAD,-121.3179046,36.4239861,"c(-121.3179046, 36.4239861)",Soledad
369,2013,4/10/13,2013-04-10T18:39:00Z,Wednesday,WALKER DR,GRANADA ST,NA,Y,NA,NA,4,0,1,A,10,G,B,B,H,A,Y,N,N,N,N,0,0,1,0,1,0,0,0,0,SOLEDAD,-121.3210028,36.430665,"c(-121.3210028, 36.430665)",Soledad
370,2013,4/13/13,2013-04-13T20:11:00Z,Saturday,146,DIXIE ST,S,N,NA,NA,4,0,1,A,11,G,B,D,H,C,Y,N,N,N,N,0,0,1,0,1,0,0,0,0,SOLEDAD,-121.3252496,36.4242972,"c(-121.3252496, 36.4242972)",Soledad
371,2013,4/28/13,2013-04-28T09:51:00Z,Sunday,SOLEDAD ST,NORTH ST,NA,Y,NA,NA,4,0,1,A,NA,C,C,A,H,A,N,N,N,N,N,0,0,1,0,0,0,0,0,0,SOLEDAD,-121.3251628,36.4293249,"c(-121.3251628, 36.4293249)",Soledad
372,2013,5/9/13,2013-05-09T11:55:00Z,Thursday,FREMONT,MESA,N,N,NA,NA,3,0,1,A,5,D,G,A,H,A,N,Y,N,N,N,0,1,0,0,0,0,1,0,0,MONTEREY,-121.888653,36.594975,"c(-121.888653, 36.594975)",Monterey
373,2013,5/5/13,2013-05-05T02:06:00Z,Sunday,DURAN CIR,CHEROKEE,S,N,NA,NA,2,0,1,A,1,G,B,E,H,C,Y,N,N,N,Y,1,0,0,0,1,0,0,0,0,SALINAS,-121.6625407,36.7091708,"c(-121.6625407, 36.7091708)",Salinas
374,2013,5/13/13,2013-05-13T17:14:00Z,Monday,DEL MONTE BL,MORTIMER LN,N,N,NA,NA,3,0,2,A,8,D,C,A,H,A,N,N,N,N,N,0,1,1,0,0,0,0,0,0,MARINA,-121.8017007,36.6856014,"c(-121.8017007, 36.6856014)",Marina
375,2013,5/3/13,2013-05-03T12:35:00Z,Friday,NACIMIEN,SAN MIGUELITO LOOP RD,W,N,NA,NA,4,0,1,A,3,F,A,A,H,A,N,N,Y,N,N,0,0,1,0,0,0,0,0,1,BIG SUR,-121.3346207,35.9753118,"c(-121.3346207, 35.9753118)",Big Sur
376,2013,5/14/13,2013-05-14T08:00:00Z,Tuesday,1,CASA VERDE WY,N,N,1,H,4,0,1,A,3,C,C,A,H,A,N,N,N,N,N,0,0,1,0,0,0,0,0,0,MONTEREY,-121.863173,36.6006349,"c(-121.863173, 36.6006349)",Monterey
377,2013,5/7/13,2013-05-07T17:30:00Z,Tuesday,SAN MIGUEL CANYON RD,APRICOT LN,N,N,NA,NA,4,0,3,A,3,C,C,A,H,A,N,N,N,N,N,0,0,3,0,0,0,0,0,0,ROYAL OAKS,-121.6920968,36.8541946,"c(-121.6920968, 36.8541946)",Royal Oake
378,2013,5/3/13,2013-05-03T13:20:00Z,Friday,101,RT 101,N,N,101,R,4,0,1,A,3,E,I,A,H,A,N,N,N,Y,N,0,0,1,0,0,0,0,0,0,KING CITY,-121.1537428,36.2000649,"c(-121.1537428, 36.2000649)",Other Unincorporated
379,2013,4/21/13,2013-04-21T17:44:00Z,Sunday,RESERVATION RD,BLANCO RD,NA,Y,NA,NA,3,0,1,A,1,F,A,A,H,A,N,N,Y,N,Y,0,1,0,0,0,0,0,0,1,MARINA,-121.756763,36.666755,"c(-121.756763, 36.666755)",Other Unincorporated
380,2013,4/26/13,2013-04-26T09:59:00Z,Friday,101,FRONT ST,N,N,101,H,4,0,1,A,7,C,C,A,H,A,N,N,N,N,N,0,0,1,0,0,0,0,0,0,SOLEDAD,-121.3391229,36.4345949,"c(-121.3391229, 36.4345949)",Other Unincorporated
381,2013,4/28/13,2013-04-28T15:00:00Z,Sunday,101,MALLORY CANYON RD,S,N,101,H,4,0,1,A,3,C,C,A,D,A,N,N,N,N,N,0,0,1,0,0,0,0,0,0,SALINAS,-121.6417529,36.813235,"c(-121.6417529, 36.813235)",Other Unincorporated
382,2013,4/29/13,2013-04-29T18:49:00Z,Monday,BLACKIE RD,ROLLING MEADOWS LN,W,N,NA,NA,2,0,1,A,9,NA,C,A,H,A,N,N,Y,N,N,1,0,0,0,0,0,0,0,1,SALINAS,-121.6878556,36.7760349,"c(-121.6878556, 36.7760349)",Other Unincorporated
383,2013,4/28/13,2013-04-28T22:05:00Z,Sunday,101,MARKET ST,N,N,101,H,2,0,1,A,11,G,B,E,H,D,Y,N,N,N,N,1,0,0,0,1,0,0,0,0,SALINAS,-121.6422113,36.680043,"c(-121.6422113, 36.680043)",Salinas
384,2013,4/21/13,2013-04-21T01:06:00Z,Sunday,101,BLACKIE RD,S,N,101,H,3,0,1,A,1,C,C,A,D,D,N,N,N,N,Y,0,1,0,0,0,0,0,0,0,SALINAS,-121.6691568,36.771379,"c(-121.6691568, 36.771379)",Other Unincorporated
385,2013,4/20/13,2013-04-20T13:30:00Z,Saturday,TARPEY RD,MAHER RD,NA,Y,NA,NA,4,0,2,A,9,D,C,A,H,A,N,N,N,N,N,0,0,2,0,0,0,0,0,0,ROYAL OAKS,-121.6871129,36.860985,"c(-121.6871129, 36.860985)",Royal Oake
386,2013,4/19/13,2013-04-19T05:38:00Z,Friday,1,RT 218,N,N,1,H,4,0,1,A,8,E,I,A,H,D,N,N,N,N,N,0,0,1,0,0,0,0,0,0,SEASIDE,-121.8566801,36.6110551,"c(-121.8566801, 36.6110551)",Seaside
387,2013,4/17/13,2013-04-17T06:45:00Z,Wednesday,DAVIS RD,HITCHCOCK RD,NA,Y,NA,NA,4,0,1,A,9,A,C,A,H,A,N,N,N,N,N,0,0,1,0,0,0,0,0,0,SALINAS,-121.6919729,36.658655,"c(-121.6919729, 36.658655)",Other Unincorporated
388,2013,4/6/13,2013-04-06T17:25:00Z,Saturday,101,CAMPHORA GLORIA RD,S,N,101,H,4,0,3,A,8,F,A,A,H,A,N,N,N,N,N,0,0,3,0,0,0,0,0,0,SOLEDAD,-121.3619357,36.4480251,"c(-121.3619357, 36.4480251)",Other Unincorporated
389,2013,4/5/13,2013-04-05T02:00:00Z,Friday,1,JENSEN RD,NA,Y,1,I,4,0,1,A,1,D,C,A,H,D,N,N,N,N,Y,0,0,1,0,0,0,0,0,0,ROYAL OAKS,-121.771113,36.8535382,"c(-121.771113, 36.8535382)",Royal Oake
390,2013,4/8/13,2013-04-08T05:55:00Z,Monday,101,NORTH MAIN ST,N,N,101,H,3,0,2,A,7,B,C,A,H,D,N,N,N,N,N,0,1,1,0,0,0,0,0,0,SALINAS,-121.6580161,36.6903497,"c(-121.6580161, 36.6903497)",Salinas
391,2013,5/4/13,2013-05-04T15:49:00Z,Saturday,CACHAGUA RD,NASON RD,N,N,NA,NA,3,0,2,A,5,A,C,A,H,A,N,N,N,N,N,0,1,1,0,0,0,0,0,0,CARMEL VALLEY,-121.6728998,36.4126419,"c(-121.6728998, 36.4126419)",Carmel Valley
392,2013,5/4/13,2013-05-04T06:18:00Z,Saturday,68,LAGUNA SECA,E,N,68,H,3,0,1,A,8,E,I,A,H,B,N,N,N,N,N,0,1,0,0,0,0,0,0,0,SALINAS,-121.756999,36.5698691,"c(-121.756999, 36.5698691)",Other Unincorporated
393,2013,5/3/13,2013-05-03T11:31:00Z,Friday,1,CARPENTER ST,N,N,1,H,4,0,2,A,3,C,C,A,H,A,N,N,N,N,N,0,0,2,0,0,0,0,0,0,CARMEL,-121.9130025,36.5662325,"c(-121.9130025, 36.5662325)",Other Unincorporated
394,2013,5/3/13,2013-05-03T07:45:00Z,Friday,DAVIS RD,AMBROSE DR,N,N,NA,NA,4,0,1,A,3,C,C,A,H,A,N,N,N,N,N,0,0,1,0,0,0,0,0,0,SALINAS,-121.6824568,36.6698559,"c(-121.6824568, 36.6698559)",Other Unincorporated
395,2013,1/5/13,2013-01-05T19:20:00Z,Saturday,WEST LAUREL DR,NORTH DAVIS RD,E,N,NA,NA,4,0,3,A,12,A,C,A,H,C,N,N,N,N,N,0,0,3,0,0,0,0,0,0,SALINAS,-121.6674561,36.6977561,"c(-121.6674561, 36.6977561)",Salinas
396,2013,5/7/13,2013-05-07T18:48:00Z,Tuesday,N FREMONT,CASANOVA,NA,Y,NA,NA,3,0,1,A,10,G,B,B,H,A,Y,N,N,N,N,0,1,0,0,1,0,0,0,0,MONTEREY,-121.8531829,36.597725,"c(-121.8531829, 36.597725)",Monterey
397,2013,5/12/13,2013-05-12T09:46:00Z,Sunday,NORTH MAIN ST,EAST ALVIN DR,NA,Y,NA,NA,4,0,1,A,17,D,G,A,H,A,N,Y,N,N,N,0,0,1,0,0,0,1,0,0,SALINAS,-121.6535329,36.707815,"c(-121.6535329, 36.707815)",Salinas
398,2013,5/7/13,2013-05-07T08:08:00Z,Tuesday,NORTH MAIN ST,ROCHEX AV,NA,Y,NA,NA,3,0,1,A,5,D,G,A,H,A,N,Y,N,N,N,0,1,0,0,0,0,1,0,0,SALINAS,-121.652313,36.7004849,"c(-121.652313, 36.7004849)",Salinas
399,2013,5/8/13,2013-05-08T15:34:00Z,Wednesday,CONSTITUTION BL,INDEPENDENCE BL,N,N,NA,NA,4,0,1,A,3,C,C,A,H,A,N,N,N,N,N,0,0,1,0,0,0,0,0,0,SALINAS,-121.621236,36.7003998,"c(-121.621236, 36.7003998)",Salinas
400,2013,4/14/13,2013-04-14T14:48:00Z,Sunday,EAST GABILAN ST,SOLEDAD ST,NA,Y,NA,NA,3,0,1,A,12,D,G,A,H,A,N,Y,N,N,N,0,1,0,0,0,0,1,0,0,SALINAS,-121.6519329,36.676075,"c(-121.6519329, 36.676075)",Salinas
401,2013,4/30/13,2013-04-30T07:45:00Z,Tuesday,NORTH MAIN ST,EAST CURTIS ST,NA,Y,NA,NA,3,0,1,A,8,D,G,A,H,A,N,Y,N,N,N,0,1,0,0,0,0,1,0,0,SALINAS,-121.6524129,36.701765,"c(-121.6524129, 36.701765)",Salinas
402,2013,4/14/13,2013-04-14T16:00:00Z,Sunday,MONTECI,DELA VINA,W,N,NA,NA,4,0,1,A,5,D,G,A,H,A,N,Y,N,N,N,0,0,1,0,0,0,1,0,0,MONTEREY,-121.8623434,36.5988552,"c(-121.8623434, 36.5988552)",Monterey
403,2013,5/5/13,2013-05-05T16:15:00Z,Sunday,LAURELES GRADE RD,MIRAMONTE RD,N,N,NA,NA,3,0,1,A,8,F,A,A,H,A,N,N,Y,N,N,0,1,0,0,0,0,0,0,1,CARMEL VALLEY,-121.7564169,36.515359,"c(-121.7564169, 36.515359)",Carmel Valley
404,2013,5/3/13,2013-05-03T16:25:00Z,Friday,68,LAGUNA PL,NA,Y,68,I,3,0,3,A,3,C,C,A,H,A,N,N,N,N,N,0,1,2,0,0,0,0,0,0,SALINAS,-121.7499199,36.5702543,"c(-121.7499199, 36.5702543)",Other Unincorporated
405,2013,5/5/13,2013-05-05T00:29:00Z,Sunday,101,ESPERANZA RD,S,N,101,H,4,0,1,A,1,F,A,A,H,D,N,N,N,N,Y,0,0,1,0,0,0,0,0,0,SALINAS,-121.5393379,36.5896825,"c(-121.5393379, 36.5896825)",Other Unincorporated
406,2013,5/13/13,2013-05-13T11:48:00Z,Monday,68,COMMUNITY HOSP,W,N,68,H,4,0,1,A,21,C,C,A,H,A,N,N,N,N,N,0,0,1,0,0,0,0,0,0,PEBBLE BEACH,-121.9176632,36.580981800000004,"c(-121.9176632, 36.5809818)",Pebble Beach
407,2013,5/2/13,2013-05-02T18:25:00Z,Thursday,101,NORTH MAIN ST,S,N,101,H,4,0,1,A,1,F,A,A,H,A,N,N,N,N,Y,0,0,1,0,0,0,0,0,0,SALINAS,-121.6528435,36.686971,"c(-121.6528435, 36.686971)",Salinas
408,2013,5/11/13,2013-05-11T14:17:00Z,Saturday,1,SPRINGFIELD RD,N,N,1,H,4,0,1,A,4,C,C,A,H,A,N,N,N,N,N,0,0,1,0,0,0,0,0,0,ROYAL OAKS,-121.771013,36.8396554,"c(-121.771013, 36.8396554)",Royal Oake
409,2013,5/11/13,2013-05-11T13:15:00Z,Saturday,CARMEL VALLEY RD,RANCHO RD,E,N,NA,NA,4,0,1,A,3,C,C,A,H,A,N,N,N,N,N,0,0,1,0,0,0,0,0,0,CARMEL VALLEY,-121.7457395,36.4934284,"c(-121.7457395, 36.4934284)",Carmel Valley
410,2013,5/8/13,2013-05-08T18:18:00Z,Wednesday,101,GOULD RD,N,N,101,H,4,0,1,A,8,E,I,A,H,A,N,N,N,N,N,0,0,1,0,0,0,0,0,0,SALINAS,-121.5908516,36.6302289,"c(-121.5908516, 36.6302289)",Other Unincorporated
411,2013,5/8/13,2013-05-08T17:23:00Z,Wednesday,1,MUNRAS AV,N,N,1,H,4,0,1,A,3,C,C,A,H,A,N,N,N,N,N,0,0,1,0,0,0,0,0,0,MONTEREY,-121.901645,36.5814251,"c(-121.901645, 36.5814251)",Monterey
412,2013,5/7/13,2013-05-07T15:30:00Z,Tuesday,ELKHORN RD,WALKER VALLEY RD,N,N,NA,NA,3,0,1,D,0,F,A,A,A,A,N,Y,N,N,N,0,1,0,0,0,0,1,0,0,ROYAL OAKS,-121.7220666,36.8153753,"c(-121.7220666, 36.8153753)",Royal Oake
413,2013,5/6/13,2013-05-06T11:40:00Z,Monday,SAN MIGUEL CANYON RD,ECHO VALLEY RD,NA,Y,NA,NA,3,0,3,A,9,D,C,A,H,A,N,N,N,N,N,0,1,2,0,0,0,0,0,0,ROYAL OAKS,-121.673393,36.821655,"c(-121.673393, 36.821655)",Royal Oake
414,2013,5/1/13,2013-05-01T16:45:00Z,Wednesday,1,AGUAJITO RD,N,N,1,H,4,0,1,A,3,C,C,A,H,A,N,N,N,N,N,0,0,1,0,0,0,0,0,0,MONTEREY,-121.8783838,36.5927027,"c(-121.8783838, 36.5927027)",Monterey
415,2013,5/7/13,2013-05-07T15:45:00Z,Tuesday,SALINAS RD,WERNER RD,N,N,NA,NA,1,1,0,A,9,H,G,A,H,A,N,Y,N,N,N,0,0,0,0,0,1,0,0,0,ROYAL OAKS,-121.7506102,36.8783858,"c(-121.7506102, 36.8783858)",Royal Oake
416,2013,5/18/13,2013-05-18T15:50:00Z,Saturday,101,ALVARADO RD,N,N,101,H,4,0,2,A,8,E,I,A,H,A,N,N,N,N,N,0,0,2,0,0,0,0,0,0,SAN ARDO,-120.8807783,35.9548176,"c(-120.8807783, 35.9548176)",San Ardo
417,2013,4/17/13,2013-04-17T17:50:00Z,Wednesday,JOHN ST,SOUTH SANBORN RD,NA,Y,NA,NA,4,0,1,A,12,D,C,A,H,A,N,N,N,N,N,0,0,1,0,0,0,0,0,0,SALINAS,-121.6278929,36.669255,"c(-121.6278929, 36.669255)",Salinas
418,2013,5/3/13,2013-05-03T19:35:00Z,Friday,CALIFORNIA,JOHN ST,NA,Y,NA,NA,4,0,1,A,12,D,C,A,H,A,N,N,N,N,N,0,0,1,0,0,0,0,0,0,SALINAS,-121.6500929,36.669865,"c(-121.6500929, 36.669865)",Salinas
419,2013,4/16/13,2013-04-16T16:38:00Z,Tuesday,E ALVIN,WHEELER,NA,Y,NA,NA,3,0,1,A,5,D,G,A,H,A,N,Y,N,N,N,0,1,0,0,0,0,1,0,0,SALINAS,-121.6520629,36.707995,"c(-121.6520629, 36.707995)",Salinas
420,2013,4/7/13,2013-04-07T13:04:00Z,Sunday,EAST ALISAL ST,TOWT ST,NA,Y,NA,NA,3,0,1,A,1,NA,NA,A,H,A,N,N,N,N,Y,0,1,0,0,0,0,0,0,0,SALINAS,-121.6233729,36.6723949,"c(-121.6233729, 36.6723949)",Salinas
421,2013,4/12/13,2013-04-12T22:02:00Z,Friday,E MARKET DR,SIMAS ST,E,N,NA,NA,4,0,1,A,1,C,C,A,H,C,N,N,N,N,Y,0,0,1,0,0,0,0,0,0,SALINAS,-121.6449681,36.6788281,"c(-121.6449681, 36.6788281)",Salinas
422,2013,4/11/13,2013-04-11T17:43:00Z,Thursday,EAST LAUREL DR,NATIVIDAD RD,E,N,NA,NA,4,0,1,A,3,C,C,A,H,A,N,N,N,N,N,0,0,1,0,0,0,0,0,0,SALINAS,-121.6367356,36.6958381,"c(-121.6367356, 36.6958381)",Salinas
423,2013,4/28/13,2013-04-28T16:30:00Z,Sunday,HILLCREST RD,ZANETTA DR,E,N,NA,NA,4,0,1,A,8,C,C,A,H,A,N,Y,N,N,N,0,0,1,0,0,0,1,0,0,MARINA,-121.7991215,36.6801292,"c(-121.7991215, 36.6801292)",Marina
424,2013,4/28/13,2013-04-28T02:17:00Z,Sunday,RESERVATION RD,DEL MONTE BL,N,N,NA,NA,3,0,1,A,12,B,C,A,H,C,N,N,N,N,N,0,1,0,0,0,0,0,0,0,MARINA,-121.799755,36.6877432,"c(-121.799755, 36.6877432)",Marina
425,2013,5/20/13,2013-05-20T16:43:00Z,Monday,DAVIS RD,BLANCO RD,NA,Y,NA,NA,4,0,2,A,21,C,C,A,H,A,N,N,N,N,N,0,0,2,0,0,0,0,0,0,SALINAS,-121.6850829,36.666745,"c(-121.6850829, 36.666745)",Other Unincorporated
426,2013,5/21/13,2013-05-21T01:50:00Z,Tuesday,101,SPENCE RD,S,N,101,H,3,0,1,C,18,E,H,A,H,D,N,N,N,N,N,0,1,0,0,0,0,0,0,0,SALINAS,-121.566414,36.6124185,"c(-121.566414, 36.6124185)",Other Unincorporated
427,2013,5/26/13,2013-05-26T23:45:00Z,Sunday,1,CARMEL VALLEY RD,N,N,1,H,3,0,2,A,5,A,C,A,H,C,N,N,N,N,N,0,1,1,0,0,0,0,0,0,CARMEL,-121.908223,36.5427649,"c(-121.908223, 36.5427649)",Other Unincorporated
428,2013,5/23/13,2013-05-23T18:25:00Z,Thursday,ROGGE RD,JASPER WY,E,N,NA,NA,4,0,1,A,3,C,C,A,H,A,N,N,N,N,N,0,0,1,0,0,0,0,0,0,SALINAS,-121.6312387,36.7317005,"c(-121.6312387, 36.7317005)",Other Unincorporated
429,2013,5/20/13,2013-05-20T06:25:00Z,Monday,DAVIS RD,FOSTER RD,NA,Y,NA,NA,2,0,2,A,12,D,C,A,H,A,N,N,N,N,N,1,1,0,0,0,0,0,0,0,SALINAS,-121.6979629,36.651575,"c(-121.6979629, 36.651575)",Other Unincorporated
430,2013,5/17/13,2013-05-17T13:00:00Z,Friday,1,CARMEL RIVER BRIDGE,S,N,1,H,3,0,1,A,9,D,C,A,H,A,N,N,N,N,N,0,1,0,0,0,0,0,0,0,CARMEL,-121.9143145,36.5344351,"c(-121.9143145, 36.5344351)",Other Unincorporated
431,2013,5/16/13,2013-05-16T07:50:00Z,Thursday,183,RT 156,NA,Y,183,I,4,0,1,A,12,D,C,A,H,A,N,N,N,N,N,0,0,1,0,0,0,0,0,0,CASTROVILLE,-121.7519829,36.7612449,"c(-121.7519829, 36.7612449)",Castroville
432,2013,5/20/13,2013-05-20T11:56:00Z,Monday,1,SOLEDAD DR,N,N,1,H,4,0,1,A,7,B,C,A,H,A,N,N,N,N,N,0,0,1,0,0,0,0,0,0,MONTEREY,-121.8947808,36.5827011,"c(-121.8947808, 36.5827011)",Monterey
433,2013,5/20/13,2013-05-20T20:33:00Z,Monday,101,1ST ST,S,N,101,H,2,0,3,A,8,F,A,A,H,D,N,N,N,N,N,2,1,0,0,0,0,0,0,0,KING CITY,-121.0976657,36.1967851,"c(-121.0976657, 36.1967851)",Other Unincorporated
434,2013,5/19/13,2013-05-19T11:40:00Z,Sunday,25,LONOAK RD,S,N,25,H,2,0,1,A,8,F,A,A,H,A,N,N,Y,N,N,1,0,0,0,0,0,0,0,1,KING CITY,-120.8977618,36.2379699,"c(-120.8977618, 36.2379699)",Other Unincorporated
435,2013,4/30/13,2013-04-30T18:00:00Z,Tuesday,1,DOLAN RD,NA,Y,1,I,4,0,2,A,9,D,C,A,H,A,N,N,N,N,N,0,0,2,0,0,0,0,0,0,CASTROVILLE,-121.7835761,36.7926181,"c(-121.7835761, 36.7926181)",Castroville
436,2013,4/30/13,2013-04-30T17:30:00Z,Tuesday,68,CORRAL DE TIERRA RD,W,N,68,H,4,0,2,A,3,C,C,A,H,A,N,N,N,N,N,0,0,2,0,0,0,0,0,0,SALINAS,-121.7318347,36.5767068,"c(-121.7318347, 36.5767068)",Other Unincorporated
437,2013,3/24/13,2013-03-24T13:05:00Z,Sunday,8TH ST,OAK AV,S,N,NA,NA,3,0,1,A,NA,H,G,A,H,A,N,Y,N,N,N,0,1,0,0,0,0,1,0,0,GREENFIELD,-121.2421024,36.3211564,"c(-121.2421024, 36.3211564)",Greenfield
438,2013,5/23/13,2013-05-23T13:30:00Z,Thursday,1,LITTLE SUR RIVER BR,N,N,1,H,4,0,1,A,8,F,A,A,H,A,N,N,Y,N,N,0,0,1,0,0,0,0,0,1,CARMEL,-121.89183,36.3427658,"c(-121.89183, 36.3427658)",Other Unincorporated
439,2013,5/16/13,2013-05-16T04:45:00Z,Thursday,101,ESPINOSA RD,N,N,101,H,4,0,1,A,3,C,C,A,D,D,N,N,N,N,N,0,0,1,0,0,0,0,0,0,SALINAS,-121.6584128,36.7387729,"c(-121.6584128, 36.7387729)",Other Unincorporated
440,2013,5/14/13,2013-05-14T16:34:00Z,Tuesday,TYLER,PEARL,N,N,NA,NA,4,0,1,A,3,A,B,E,H,A,Y,N,N,N,N,0,0,1,0,1,0,0,0,0,MONTEREY,-121.8939559,36.5979162,"c(-121.8939559, 36.5979162)",Monterey
441,2013,5/16/13,2013-05-16T18:15:00Z,Thursday,JEFFERSON,PACIFIC,NA,Y,NA,NA,4,0,3,A,9,A,C,A,H,A,N,N,N,N,N,0,0,3,0,0,0,0,0,0,MONTEREY,-121.8964229,36.598325,"c(-121.8964229, 36.598325)",Monterey
442,2013,5/13/13,2013-05-13T16:55:00Z,Monday,PEARL,FIGUEROA,E,N,NA,NA,3,0,1,A,9,D,G,A,H,A,N,Y,N,N,N,0,1,0,0,0,0,1,0,0,MONTEREY,-121.8901315,36.5979269,"c(-121.8901315, 36.5979269)",Monterey
443,2013,6/3/13,2013-06-03T12:15:00Z,Monday,BLACKIE RD,COMMERCIAL PKWY,NA,N,NA,NA,4,0,1,A,9,D,C,A,H,A,N,N,N,N,N,0,0,1,0,0,0,0,0,0,CASTROVILLE,-121.7419129,36.759295,"c(-121.7419129, 36.759295)",Castroville
444,2013,6/6/13,2013-06-06T21:20:00Z,Thursday,1,OCEAN AV,N,N,1,H,4,0,2,A,3,C,C,A,H,D,N,N,N,N,N,0,0,2,0,0,0,0,0,0,CARMEL,-121.9110644,36.5553883,"c(-121.9110644, 36.5553883)",Other Unincorporated
445,2013,6/6/13,2013-06-06T21:42:00Z,Thursday,HALL RD,PINI RD,W,N,NA,NA,3,0,2,A,1,A,C,A,H,D,N,N,N,N,Y,0,1,1,0,0,0,0,0,0,ROYAL OAKS,-121.7185625,36.8641189,"c(-121.7185625, 36.8641189)",Royal Oake
446,2013,5/23/13,2013-05-23T15:05:00Z,Thursday,183,RICO ST,N,N,183,H,4,0,1,A,3,C,C,A,H,A,N,N,N,N,N,0,0,1,0,0,0,0,0,0,CASTROVILLE,-121.7567773,36.7647749,"c(-121.7567773, 36.7647749)",Castroville
447,2013,5/25/13,2013-05-26T01:00:00Z,Saturday,NASHUA RD,MONTE RD,NA,Y,NA,NA,3,0,1,A,1,E,I,A,H,C,N,N,N,N,Y,0,1,0,0,0,0,0,0,0,SALINAS,-121.766313,36.741185,"c(-121.766313, 36.741185)",Other Unincorporated
448,2013,5/15/13,2013-05-15T00:24:00Z,Wednesday,NORTH MAIN ST,CHAPARRAL ST,N,N,NA,NA,3,0,1,A,5,D,G,A,H,C,N,Y,N,N,N,0,1,0,0,0,0,1,0,0,SALINAS,-121.6530083,36.7040564,"c(-121.6530083, 36.7040564)",Salinas
449,2013,5/21/13,2013-05-21T18:55:00Z,Tuesday,CLAY ST,IVERSON ST,E,N,NA,NA,4,0,1,A,8,D,G,A,H,A,N,Y,N,N,N,0,0,1,0,0,0,1,0,0,SALINAS,-121.6624308,36.669582,"c(-121.6624308, 36.669582)",Salinas
450,2013,6/9/13,2013-06-09T14:40:00Z,Sunday,ECHO VALLEY RD,SAN MIGUEL CANYON RD,N,N,NA,NA,4,0,1,A,21,H,C,A,H,A,N,N,N,N,N,0,0,1,0,0,0,0,0,0,ROYAL OAKS,-121.6727801,36.821889,"c(-121.6727801, 36.821889)",Royal Oake
451,2013,5/3/13,2013-05-03T11:29:00Z,Friday,DEL MONTE,ENGLISH,E,N,NA,NA,4,0,1,A,3,C,A,A,H,A,N,N,N,N,N,0,0,1,0,0,0,0,0,0,MONTEREY,-121.8602124,36.6051336,"c(-121.8602124, 36.6051336)",Monterey
452,2013,5/10/13,2013-05-10T20:59:00Z,Friday,HAWTHORNE,PRESCOTT,NA,Y,NA,NA,4,0,2,A,1,D,C,A,H,C,N,N,N,N,Y,0,0,2,0,0,0,0,0,0,MONTEREY,-121.903503,36.6141949,"c(-121.903503, 36.6141949)",Monterey
453,2013,5/15/13,2013-05-15T16:00:00Z,Wednesday,VALLE PACIFICO RD,LANGLEY CANYON RD,N,N,NA,NA,3,0,1,A,6,G,B,E,H,A,Y,N,N,N,N,0,1,0,0,1,0,0,0,0,SALINAS,-121.6607282,36.8114951,"c(-121.6607282, 36.8114951)",Other Unincorporated
454,2013,5/19/13,2013-05-19T10:45:00Z,Sunday,ELKHORN RD,WERNER RD,NA,Y,NA,NA,3,0,1,A,9,D,G,A,H,A,N,Y,N,N,N,0,1,0,0,0,0,1,0,0,ROYAL OAKS,-121.747193,36.878925,"c(-121.747193, 36.878925)",Royal Oake
455,2013,2/17/13,2013-02-17T16:30:00Z,Sunday,218,RT 68,N,N,218,H,3,0,2,A,1,E,I,A,H,A,N,N,N,N,N,0,2,0,0,0,0,0,0,0,DEL REY OAKS,-121.8278647,36.5814729,"c(-121.8278647, 36.5814729)",Del Rey Oaks
456,2013,4/29/13,2013-04-29T18:36:00Z,Monday,DAVID ST,TAYLOR,W,N,NA,NA,3,0,1,A,9,D,C,A,H,A,N,N,N,N,N,0,1,0,0,0,0,0,0,0,MONTEREY,-121.9179506,36.6103929,"c(-121.9179506, 36.6103929)",Monterey
457,2013,6/8/13,2013-06-08T17:55:00Z,Saturday,101,EAST MARKET ST,N,N,101,H,2,0,1,A,1,E,I,A,H,A,N,N,N,N,Y,1,0,0,0,0,0,0,0,0,SALINAS,-121.6424906,36.6808816,"c(-121.6424906, 36.6808816)",Salinas