X1,ACCIDENT_YEAR,COLLISION_DATE,COLLISION_TIME,DAY_OF_WEEK,PRIMARY_RD,SECONDARY_RD,DIRECTION,INTERSECTION,STATE_ROUTE,LOCATION_TYPE,COLLISION_SEVERITY,NUMBER_KILLED,NUMBER_INJURED,PRIMARY_COLL_FACTOR,PCF_VIOL_CATEGORY,TYPE_OF_COLLISION,MVIW,PED_ACTION,ROAD_COND_1,LIGHTING,PEDESTRIAN_ACCIDENT,BICYCLE_ACCIDENT,MOTORCYCLE_ACCIDENT,TRUCK_ACCIDENT,ALCOHOL_INVOLVED,COUNT_SEVERE_INJ,COUNT_VISIBLE_INJ,COUNT_COMPLAINT_PAIN,COUNT_PED_KILLED,COUNT_PED_INJURED,COUNT_BICYCLIST_KILLED,COUNT_BICYCLIST_INJURED,COUNT_MC_KILLED,COUNT_MC_INJURED,CITY,lon,lat,geometry,city_new
458,2013,6/3/13,2013-06-03T15:39:00Z,Monday,SAN MIGUEL CANYON RD,STRAWBERRY RD,N,N,NA,NA,4,0,1,A,9,D,C,A,H,A,N,N,N,Y,N,0,0,1,0,0,0,0,0,0,ROYAL OAKS,-121.6900539,36.8492413,"c(-121.6900539, 36.8492413)",Royal Oake
459,2013,5/28/13,2013-05-28T07:15:00Z,Tuesday,BLANCO RD,RESERVATION RD,E,N,NA,NA,4,0,1,A,7,B,C,A,H,A,N,N,N,N,N,0,0,1,0,0,0,0,0,0,MARINA,-121.7566944,36.6668499,"c(-121.7566944, 36.6668499)",Other Unincorporated
460,2013,6/3/13,2013-06-03T12:29:00Z,Monday,N FREMONT,HANNON,NA,Y,NA,NA,4,0,1,A,3,C,C,A,H,A,N,N,N,N,N,0,0,1,0,0,0,0,0,0,MONTEREY,-121.8545429,36.597515,"c(-121.8545429, 36.597515)",Monterey
461,2013,5/24/13,2013-05-24T15:07:00Z,Friday,LIGHTHOUSE,PRESCOTT,S,N,NA,NA,4,0,2,A,3,C,C,A,H,A,N,N,N,N,N,0,0,2,0,0,0,0,0,0,MONTEREY,-121.9023947,36.6144014,"c(-121.9023947, 36.6144014)",Monterey
462,2013,5/25/13,2013-05-25T20:37:00Z,Saturday,68,JOSSELYN CANYON RD,W,N,68,H,4,0,1,A,9,C,C,A,H,D,N,N,N,N,N,0,0,1,0,0,0,0,0,0,MONTEREY,-121.8611268,36.5853775,"c(-121.8611268, 36.5853775)",Monterey
463,2013,5/25/13,2013-05-25T10:50:00Z,Saturday,68,OLMSTEAD,NA,Y,68,I,3,0,2,A,12,D,C,A,H,A,N,N,N,N,N,0,1,1,0,0,0,0,0,0,MONTEREY,-121.8497529,36.5839749,"c(-121.8497529, 36.5839749)",Monterey
464,2013,5/28/13,2013-05-28T10:13:00Z,Tuesday,AGUAJI,FARRAGUT RD,NA,Y,NA,NA,3,0,1,A,21,H,I,A,H,A,N,N,N,N,N,0,1,0,0,0,0,0,0,0,MONTEREY,-121.874633,36.5863149,"c(-121.874633, 36.5863149)",Monterey
465,2013,5/14/13,2013-05-14T10:30:00Z,Tuesday,WASHING,DEL MONTE,NA,Y,NA,NA,3,0,2,A,12,A,C,A,H,A,N,N,N,N,N,0,1,1,0,0,0,0,0,0,MONTEREY,-121.8922529,36.6006249,"c(-121.8922529, 36.6006249)",Monterey
466,2013,5/20/13,2013-05-20T15:30:00Z,Monday,68,SOUTH MAIN ST,E,N,68,H,3,0,1,A,9,D,G,A,H,A,N,Y,N,N,N,0,1,0,0,0,0,1,0,0,SALINAS,-121.6546934,36.6709193,"c(-121.6546934, 36.6709193)",Salinas
467,2013,5/25/13,2013-05-25T09:49:00Z,Saturday,E BOLIVAR,SOTO PL,W,N,NA,NA,4,0,1,A,9,B,C,A,H,A,N,N,N,N,N,0,0,1,0,0,0,0,0,0,SALINAS,-121.6552771,36.7250049,"c(-121.6552771, 36.7250049)",Salinas
468,2013,4/17/13,2013-04-17T16:42:00Z,Wednesday,ELM AV,6TH ST,S,N,NA,NA,3,0,1,A,5,A,G,A,H,A,N,Y,N,N,N,0,1,0,0,0,0,1,0,0,GREENFIELD,-121.2377508,36.3196093,"c(-121.2377508, 36.3196093)",Greenfield
469,2013,5/21/13,2013-05-21T13:31:00Z,Tuesday,101,ARROYO SECO RD,S,N,101,H,3,0,1,A,8,F,A,A,H,A,N,N,N,Y,N,0,1,0,0,0,0,0,0,0,SOLEDAD,-121.315386,36.4017844,"c(-121.315386, 36.4017844)",Other Unincorporated
470,2013,5/25/13,2013-05-25T16:51:00Z,Saturday,EAST LAUREL DR,1ST AV,NA,Y,NA,NA,4,0,2,A,9,A,C,A,H,A,N,N,N,N,N,0,0,2,0,0,0,0,0,0,SALINAS,-121.615663,36.676745,"c(-121.615663, 36.676745)",Salinas
471,2013,5/30/13,2013-05-30T18:15:00Z,Thursday,MONTEREY ST,E ALISAL,N,N,NA,NA,4,0,1,A,9,A,A,A,H,A,N,N,N,N,N,0,0,1,0,0,0,0,0,0,SALINAS,-121.6539335,36.6747474,"c(-121.6539335, 36.6747474)",Salinas
472,2013,5/29/13,2013-05-29T08:55:00Z,Wednesday,GRIFFIN ST,IVY ST,NA,Y,NA,NA,4,0,1,C,18,NA,I,A,H,A,N,N,N,N,N,0,0,1,0,0,0,0,0,0,SALINAS,-121.6442729,36.677805,"c(-121.6442729, 36.677805)",Salinas
473,2013,5/31/13,2013-05-31T05:58:00Z,Friday,PACHECO ST,TRAZADO AV,NA,Y,NA,NA,4,0,1,A,9,D,C,A,H,A,N,N,N,N,N,0,0,1,0,0,0,0,0,0,SALINAS,-121.6390629,36.699475,"c(-121.6390629, 36.699475)",Salinas
474,2013,5/15/13,2013-05-15T15:12:00Z,Wednesday,101,E MARKET,NA,Y,NA,NA,4,0,1,A,10,G,B,D,H,A,Y,N,N,N,N,0,0,1,0,1,0,0,0,0,SALINAS,-121.641553,36.677765,"c(-121.641553, 36.677765)",Salinas
475,2013,6/10/13,2013-06-10T15:05:00Z,Monday,FIGUEROA,DEL MONTE,W,N,NA,NA,4,0,1,A,9,D,G,A,H,A,N,Y,N,N,N,0,0,1,0,0,0,1,0,0,MONTEREY,-121.8901274,36.5997112,"c(-121.8901274, 36.5997112)",Monterey
476,2013,6/19/13,2013-06-19T11:17:00Z,Wednesday,LIGHTHOUSE,HOFFMAN,N,N,NA,NA,4,0,1,A,3,NA,C,A,H,A,N,N,N,N,N,0,0,1,0,0,0,0,0,0,MONTEREY,-121.9017505,36.6136297,"c(-121.9017505, 36.6136297)",Monterey
477,2013,5/24/13,2013-05-24T11:06:00Z,Friday,PAJARO ST,E SAN LUIS  ST,NA,Y,NA,NA,4,0,2,A,3,C,C,A,H,A,N,N,N,N,N,0,0,2,0,0,0,0,0,0,SALINAS,-121.6522929,36.672285,"c(-121.6522929, 36.672285)",Salinas
478,2013,5/6/13,2013-05-06T01:27:00Z,Monday,BERNARDO AV,FREEDOM PKWY,S,N,NA,NA,4,0,1,A,8,C,E,A,H,C,N,N,N,N,N,0,0,1,0,0,0,0,0,0,SALINAS,-121.6026481,36.6941164,"c(-121.6026481, 36.6941164)",Salinas
479,2013,5/24/13,2013-05-24T22:10:00Z,Friday,COMMISSION ST,PEACH ST,NA,Y,NA,NA,3,0,1,A,8,A,I,A,H,C,N,N,N,N,N,0,1,0,0,0,0,0,0,0,SALINAS,-121.6475529,36.677905,"c(-121.6475529, 36.677905)",Salinas
480,2013,5/21/13,2013-05-21T16:44:00Z,Tuesday,TYLER,HARDING,S,N,NA,NA,4,0,1,A,5,D,C,A,H,A,N,Y,N,N,N,0,0,1,0,0,0,1,0,0,SALINAS,-121.6588711,36.6967901,"c(-121.6588711, 36.6967901)",Salinas
481,2013,5/15/13,2013-05-15T14:20:00Z,Wednesday,1,WILD CATTLE CREEK BRIDGE,S,N,1,H,3,0,1,A,8,E,I,A,H,A,N,N,N,N,N,0,1,0,0,0,0,0,0,0,BIG SUR,-121.4814628,35.955315,"c(-121.4814628, 35.955315)",Big Sur
482,2013,5/29/13,2013-05-29T09:10:00Z,Wednesday,1,HURRICANE POINT,S,N,1,H,2,0,1,A,3,E,I,A,H,A,N,N,Y,N,N,1,0,0,0,0,0,0,0,1,CARMEL,-121.9024524,36.3576118,"c(-121.9024524, 36.3576118)",Other Unincorporated
483,2013,5/29/13,2013-05-29T13:50:00Z,Wednesday,1,CALIFORNIA AV,N,N,1,H,4,0,2,A,3,C,C,A,H,A,N,N,N,N,N,0,0,2,0,0,0,0,0,0,SEASIDE,-121.8384054,36.6280728,"c(-121.8384054, 36.6280728)",Seaside
484,2013,5/20/13,2013-05-20T13:00:00Z,Monday,101,RT 101,E,N,101,R,4,0,1,A,8,E,I,A,H,A,N,N,N,N,N,0,0,1,0,0,0,0,0,0,SALINAS,-121.6671794,36.7912426,"c(-121.6671794, 36.7912426)",Other Unincorporated
485,2013,5/29/13,2013-05-29T16:20:00Z,Wednesday,BLANCO RD,ARMSTRONG RD,W,N,NA,NA,4,0,1,A,3,C,C,A,H,A,N,N,N,N,N,0,0,1,0,0,0,0,0,0,SALINAS,-121.7259618,36.6786449,"c(-121.7259618, 36.6786449)",Other Unincorporated
486,2013,5/25/13,2013-05-25T19:06:00Z,Saturday,1,THE BILL TALMAGE WY,S,N,1,H,2,0,1,A,8,F,A,A,H,A,N,N,Y,N,N,1,0,0,0,0,0,0,0,1,BIG SUR,-121.5147323,36.0079092,"c(-121.5147323, 36.0079092)",Big Sur
487,2013,5/25/13,2013-05-25T17:50:00Z,Saturday,SAN JUAN GRADE RD,AUGUSTA DR,S,N,NA,NA,4,0,2,A,3,C,C,A,H,A,N,N,N,N,N,0,0,2,0,0,0,0,0,0,SALINAS,-121.6294338,36.743804,"c(-121.6294338, 36.743804)",Other Unincorporated
488,2013,6/19/13,2013-06-19T12:50:00Z,Wednesday,ABREGO,FREMONT,NA,Y,NA,NA,3,0,1,A,9,D,C,A,H,A,N,N,N,N,N,0,1,0,0,0,0,0,0,0,MONTEREY,-121.89213289999999,36.595205,"c(-121.8921329, 36.595205)",Monterey
489,2013,6/6/13,2013-06-06T12:29:00Z,Thursday,NAVAJO DR,NORTH MAIN ST,NA,Y,NA,NA,4,0,1,A,10,G,B,B,H,A,Y,N,N,N,N,0,0,1,0,1,0,0,0,0,SALINAS,-121.6533029,36.7056249,"c(-121.6533029, 36.7056249)",Salinas
490,2013,6/2/13,2013-06-02T13:50:00Z,Sunday,BLANCO RD,RIKER ST,NA,Y,NA,NA,3,0,2,A,12,D,C,A,H,A,N,N,N,N,N,0,2,0,0,0,0,0,0,0,SALINAS,-121.6650829,36.658725,"c(-121.6650829, 36.658725)",Salinas
491,2013,6/14/13,2013-06-14T15:45:00Z,Friday,ESPINOSA RD,RT 101,W,N,NA,NA,4,0,1,A,3,C,C,A,H,A,N,N,N,N,N,0,0,1,0,0,0,0,0,0,SALINAS,-121.6590035,36.7352355,"c(-121.6590035, 36.7352355)",Other Unincorporated
492,2013,6/15/13,2013-06-15T05:00:00Z,Saturday,SAN JUAN GRADE RD,ROGGE RD,N,N,NA,NA,3,0,1,A,1,E,I,A,H,D,N,N,N,N,Y,0,1,0,0,0,0,0,0,0,SALINAS,-121.6319601,36.7408556,"c(-121.6319601, 36.7408556)",Other Unincorporated
493,2013,6/8/13,2013-06-08T17:00:00Z,Saturday,101,MAIN ST,S,N,101,H,3,0,2,A,7,B,C,A,H,A,N,N,N,N,N,0,1,1,0,0,0,0,0,0,SALINAS,-121.6539229,36.6874849,"c(-121.6539229, 36.6874849)",Salinas
494,2013,6/7/13,2013-06-07T07:25:00Z,Friday,SALINAS RD,SAN JUAN RD,S,N,NA,NA,4,0,1,A,9,D,C,A,H,A,N,N,N,N,N,0,0,1,0,0,0,0,0,0,PAJARO,-121.7483585,36.9037912,"c(-121.7483585, 36.9037912)",Pajaro
495,2013,6/11/13,2013-06-11T07:30:00Z,Tuesday,183,MONTEREY ST,S,N,183,H,3,0,1,A,8,D,C,A,H,A,N,N,Y,N,N,0,1,0,0,0,0,0,0,1,CASTROVILLE,-121.7484836,36.7586709,"c(-121.7484836, 36.7586709)",Castroville
496,2013,6/6/13,2013-06-06T16:47:00Z,Thursday,CRAZY HORSE CANYON RD,DUMP RD,W,N,NA,NA,3,0,1,A,8,E,I,A,H,A,N,N,N,N,N,0,1,0,0,0,0,0,0,0,SALINAS,-121.6150317,36.801973,"c(-121.6150317, 36.801973)",Other Unincorporated
497,2013,6/16/13,2013-06-16T19:59:00Z,Sunday,101,POTTER RD,S,N,101,H,3,0,3,A,1,C,C,A,H,A,N,N,N,N,Y,0,1,2,0,0,0,0,0,0,SALINAS,-121.5553983,36.6043808,"c(-121.5553983, 36.6043808)",Other Unincorporated
498,2013,6/18/13,2013-06-18T06:50:00Z,Tuesday,SAN JUAN RD,MURPHY RD,NA,Y,NA,NA,4,0,1,A,9,B,C,A,H,A,N,N,N,N,N,0,0,1,0,0,0,0,0,0,ROYAL OAKS,-121.6761129,36.8964249,"c(-121.6761129, 36.8964249)",Royal Oake
499,2013,5/23/13,2013-05-23T17:22:00Z,Thursday,FOAM,MCCLELLAN,NA,Y,NA,NA,3,0,1,A,8,B,C,A,H,A,N,N,Y,N,N,0,1,0,0,0,0,0,0,1,MONTEREY,-121.899983,36.6129449,"c(-121.899983, 36.6129449)",Monterey
500,2013,5/29/13,2013-05-29T12:10:00Z,Wednesday,1,BIG CREEK BR,N,N,1,H,2,0,2,A,3,C,C,A,H,A,N,N,Y,N,N,1,0,1,0,0,0,0,0,2,BIG SUR,-121.6116525,36.080258,"c(-121.6116525, 36.080258)",Big Sur
501,2013,6/6/13,2013-06-06T08:00:00Z,Thursday,PRUNEDALE NORTH RD,COUNTRYSIDE CT,NA,Y,NA,NA,4,0,1,A,9,D,C,A,H,A,N,N,N,N,N,0,0,1,0,0,0,0,0,0,SALINAS,-121.667333,36.795205,"c(-121.667333, 36.795205)",Other Unincorporated
502,2013,6/5/13,2013-06-05T15:40:00Z,Wednesday,SAN JUAN RD,SAN MIGUEL CANYON RD,E,N,NA,NA,4,0,1,A,3,C,C,A,H,A,N,N,N,N,N,0,0,1,0,0,0,0,0,0,ROYAL OAKS,-121.6905152,36.9000021,"c(-121.6905152, 36.9000021)",Royal Oake
503,2013,6/9/13,2013-06-09T05:20:00Z,Sunday,68,SAN BENANCIO RD,E,N,68,H,3,0,1,A,1,E,I,A,H,C,N,N,N,N,Y,0,1,0,0,0,0,0,0,0,SALINAS,-121.719187,36.5806468,"c(-121.719187, 36.5806468)",Other Unincorporated
504,2013,6/2/13,2013-06-02T21:20:00Z,Sunday,101,SALA RD,NA,N,101,H,4,0,1,A,3,E,I,A,D,D,N,N,N,N,Y,0,0,1,0,0,0,0,0,0,SALINAS,-121.6589063,36.7400681,"c(-121.6589063, 36.7400681)",Other Unincorporated
505,2013,6/5/13,2013-06-05T08:45:00Z,Wednesday,101,DUNBARTON RD,N,N,101,H,3,0,1,A,8,F,A,A,H,A,N,N,N,N,N,0,1,0,0,0,0,0,0,0,AROMAS,-121.6358186,36.8476294,"c(-121.6358186, 36.8476294)",Other Unincorporated
506,2013,6/6/13,2013-06-06T18:00:00Z,Thursday,68,CORRAL DE TIERRA,E,N,68,H,4,0,1,A,3,C,C,A,H,A,N,N,N,N,N,0,0,1,0,0,0,0,0,0,SALINAS,-121.7242931,36.5788078,"c(-121.7242931, 36.5788078)",Other Unincorporated
507,2013,6/10/13,2013-06-10T15:03:00Z,Monday,FOOTHILL RD,COLONY RD,N,N,NA,NA,4,0,1,A,9,A,C,A,H,A,N,N,N,N,Y,0,0,1,0,0,0,0,0,0,SOLEDAD,-121.3621686,36.387631,"c(-121.3621686, 36.387631)",Other Unincorporated
508,2013,6/2/13,2013-06-02T16:25:00Z,Sunday,JOLON RD,MISSION RD,S,N,NA,NA,3,0,2,A,8,F,A,A,H,A,N,N,N,N,N,0,1,1,0,0,0,0,0,0,JOLON,-121.1658801,35.9625357,"c(-121.1658801, 35.9625357)",Jolon
509,2013,4/27/13,2013-04-27T00:52:00Z,Saturday,LIGHTHOUSE,PRIVATE BOLIO,S,N,NA,NA,4,0,1,A,8,F,A,A,H,C,N,N,Y,N,Y,0,0,1,0,0,0,0,0,1,MONTEREY,-121.8970158,36.608276,"c(-121.8970158, 36.608276)",Monterey
510,2013,4/22/13,2013-04-22T11:26:00Z,Monday,PACIFIC,ALAMEDA,NA,Y,NA,NA,4,0,1,A,5,D,C,A,H,A,N,N,N,N,N,0,0,1,0,0,0,0,0,0,MONTEREY,-121.9006929,36.5887149,"c(-121.9006929, 36.5887149)",Monterey
511,2013,6/29/13,2013-06-29T17:30:00Z,Saturday,TIOGA AV,SAND DUNES DR,NA,N,NA,NA,4,0,1,A,NA,C,C,A,H,A,N,N,N,N,N,0,0,1,0,0,0,0,0,0,SAND CITY,-121.849303,36.618095,"c(-121.849303, 36.618095)",Sand City
512,2013,6/20/13,2013-06-20T18:46:00Z,Thursday,JOHN ST,SHASTA WY,NA,Y,NA,NA,3,0,1,A,21,D,C,A,H,A,N,N,N,N,Y,0,1,0,0,0,0,0,0,0,SALINAS,-121.6293229,36.6693949,"c(-121.6293229, 36.6693949)",Salinas
513,2013,6/24/13,2013-06-24T18:27:00Z,Monday,EAST LAUREL DR,GRANADA AV,NA,Y,NA,NA,3,0,1,A,9,D,C,A,H,A,N,N,N,N,N,0,1,0,0,0,0,0,0,0,SALINAS,-121.640513,36.696715,"c(-121.640513, 36.696715)",Salinas
514,2013,7/3/13,2013-07-03T18:58:00Z,Wednesday,DEL MONTE,CASA VERDE,NA,Y,NA,NA,4,0,1,A,10,G,B,B,H,A,Y,N,N,N,N,0,0,1,0,1,0,0,0,0,MONTEREY,-121.8665129,36.602175,"c(-121.8665129, 36.602175)",Monterey
515,2013,6/18/13,2013-06-18T21:15:00Z,Tuesday,1,PFEIFFER RD,S,N,1,H,4,0,1,A,5,A,C,A,H,D,N,N,N,N,N,0,0,1,0,0,0,0,0,0,BIG SUR,-121.6748395,36.1643387,"c(-121.6748395, 36.1643387)",Big Sur
516,2013,6/20/13,2013-06-20T14:20:00Z,Thursday,ESPINOSA RD,RODGERS RD,W,N,NA,NA,4,0,3,A,8,C,C,A,H,A,N,N,N,N,N,0,0,3,0,0,0,0,0,0,SALINAS,-121.6979836,36.7466438,"c(-121.6979836, 36.7466438)",Other Unincorporated
517,2013,6/22/13,2013-06-22T10:23:00Z,Saturday,1,DOLAN RD,NA,Y,1,I,4,0,1,A,9,B,G,A,H,A,N,Y,N,N,N,0,0,1,0,0,0,1,0,0,MOSS LANDING,-121.7836902,36.8048703,"c(-121.7836902, 36.8048703)",Moss Landing
518,2013,6/16/13,2013-06-16T15:20:00Z,Sunday,101,PRUNEDALE SOUTH RD,S,N,101,H,2,0,2,A,3,C,C,A,H,A,N,N,Y,N,N,1,1,0,0,0,0,0,0,2,SALINAS,-121.6689287,36.7828159,"c(-121.6689287, 36.7828159)",Other Unincorporated
519,2013,5/31/13,2013-05-31T17:42:00Z,Friday,MARTIN,WOODCREST LN,W,N,NA,NA,3,0,2,A,8,B,E,A,H,A,N,N,N,N,N,0,1,1,0,0,0,0,0,0,MONTEREY,-121.902622,36.5926117,"c(-121.902622, 36.5926117)",Monterey
520,2013,6/17/13,2013-06-17T15:30:00Z,Monday,101,SHERWOOD DR,S,N,101,R,4,0,1,A,3,C,C,A,H,A,N,N,N,N,N,0,0,1,0,0,0,0,0,0,SALINAS,-121.6463129,36.6835149,"c(-121.6463129, 36.6835149)",Salinas
521,2013,6/20/13,2013-06-20T16:10:00Z,Thursday,101,POTTER RD,S,N,101,H,3,0,1,A,3,C,C,A,H,A,N,N,N,N,N,0,1,0,0,0,0,0,0,0,SALINAS,-121.5553983,36.6043808,"c(-121.5553983, 36.6043808)",Other Unincorporated
522,2013,6/20/13,2013-06-20T18:20:00Z,Thursday,CARMEL VALLEY RD,CARMEL RANCHO BL,E,N,NA,NA,4,0,1,A,1,C,C,A,H,A,N,N,N,N,Y,0,0,1,0,0,0,0,0,0,CARMEL,-121.9048124,36.5437529,"c(-121.9048124, 36.5437529)",Other Unincorporated
523,2013,6/21/13,2013-06-21T16:55:00Z,Friday,101,ECHO VALLEY RD,NA,Y,101,I,4,0,1,A,9,D,C,A,H,A,N,N,N,N,N,0,0,1,0,0,0,0,0,0,SALINAS,-121.6301849,36.8220529,"c(-121.6301849, 36.8220529)",Other Unincorporated
524,2013,6/22/13,2013-06-22T06:00:00Z,Saturday,SAN MIGUEL CANYON RD,STRAWBERRY RD,N,N,NA,NA,3,0,2,A,5,A,C,A,H,A,N,N,N,N,N,0,2,0,0,0,0,0,0,0,ROYAL OAKS,-121.6943003,36.8569453,"c(-121.6943003, 36.8569453)",Royal Oake
525,2013,6/13/13,2013-06-13T10:30:00Z,Thursday,DAVIS RD,HITCHCOCK RD,NA,Y,NA,NA,4,0,2,A,9,A,C,A,H,A,N,N,N,N,N,0,0,2,0,0,0,0,0,0,SALINAS,-121.6919729,36.658655,"c(-121.6919729, 36.658655)",Other Unincorporated
526,2013,6/14/13,2013-06-14T17:15:00Z,Friday,101,JOHN ST,S,N,101,H,3,0,1,A,3,C,C,A,H,A,N,N,N,N,N,0,1,0,0,0,0,0,0,0,SALINAS,-121.6364659,36.6692417,"c(-121.6364659, 36.6692417)",Salinas
527,2013,6/22/13,2013-06-22T20:09:00Z,Saturday,CASANOVA,N FREMONT,S,N,NA,NA,4,0,1,A,3,C,C,A,H,A,N,N,N,N,N,0,0,1,0,0,0,0,0,0,MONTEREY,-121.8530966,36.5976629,"c(-121.8530966, 36.5976629)",Monterey
528,2013,6/6/13,2013-06-06T15:36:00Z,Thursday,DEL MONTE BL,CYPRESS AV,NA,Y,NA,NA,3,0,3,A,9,D,C,A,H,A,N,N,N,N,N,0,1,2,0,0,0,0,0,0,MARINA,-121.8052729,36.681845,"c(-121.8052729, 36.681845)",Marina
529,2013,6/13/13,2013-06-13T21:45:00Z,Thursday,101,JOLON RD,N,N,101,H,3,0,1,A,1,E,I,A,H,D,N,N,N,N,Y,0,1,0,0,0,0,0,0,0,SAN ARDO,-120.841335,35.8834658,"c(-120.841335, 35.8834658)",San Ardo
530,2013,5/19/13,2013-05-19T11:40:00Z,Sunday,OCEAN VIEW BL,ASILOMAR AV,W,N,NA,NA,4,0,1,NA,NA,D,G,A,H,A,N,Y,N,N,N,0,0,1,0,0,0,1,0,0,PACIFIC GROVE,-121.9313722,36.636489,"c(-121.9313722, 36.636489)",Pacific Grove
531,2013,6/18/13,2013-06-18T16:50:00Z,Tuesday,BLANCO RD,HITCHCOCK RD,E,N,NA,NA,4,0,3,A,3,C,C,A,H,A,N,N,N,N,N,0,0,3,0,0,0,0,0,0,SALINAS,-121.6987949,36.6744844,"c(-121.6987949, 36.6744844)",Other Unincorporated
532,2013,6/16/13,2013-06-16T12:30:00Z,Sunday,SANBORN RD,CEDAR ST,NA,Y,NA,NA,3,0,1,A,4,C,C,A,H,A,N,N,N,N,N,0,1,0,0,0,0,0,0,0,SALINAS,-121.6262529,36.677665,"c(-121.6262529, 36.677665)",Salinas
533,2013,6/22/13,2013-06-22T17:16:00Z,Saturday,MAIN DR,CHAPARRAL DR,S,N,NA,NA,3,0,1,A,3,H,NA,A,H,A,N,N,N,N,N,0,1,0,0,0,0,0,0,0,SALINAS,-121.6528398,36.70316,"c(-121.6528398, 36.70316)",Salinas
534,2013,6/15/13,2013-06-15T22:54:00Z,Saturday,68,PAJARO ST,NA,Y,68,I,4,0,1,A,12,G,G,A,H,C,N,Y,N,N,N,0,0,1,0,0,0,1,0,0,SALINAS,-121.652177,36.6703467,"c(-121.652177, 36.6703467)",Salinas
535,2013,6/18/13,2013-06-18T17:24:00Z,Tuesday,WILLIAMS RD,GARNER AV,NA,Y,NA,NA,4,0,1,A,9,D,C,A,H,A,N,N,N,N,N,0,0,1,0,0,0,0,0,0,SALINAS,-121.6086828,36.678765,"c(-121.6086828, 36.678765)",Salinas
536,2013,6/15/13,2013-06-15T14:54:00Z,Saturday,PAJARO ST,ALISAL ST,NA,Y,NA,NA,4,0,1,A,12,D,C,A,H,A,N,N,N,N,Y,0,0,1,0,0,0,0,0,0,SALINAS,-121.6526829,36.6741349,"c(-121.6526829, 36.6741349)",Salinas
537,2013,6/22/13,2013-06-22T20:58:00Z,Saturday,MAIN ST,ROSSI,NA,Y,NA,NA,4,0,2,A,3,C,C,A,H,C,N,N,N,N,N,0,0,2,0,0,0,0,0,0,SALINAS,-121.6542029,36.681005,"c(-121.6542029, 36.681005)",Salinas
538,2013,6/14/13,2013-06-14T20:09:00Z,Friday,DAVIS RD,ROSSI,S,N,NA,NA,4,0,1,A,3,C,C,A,H,B,N,N,N,N,N,0,0,1,0,0,0,0,0,0,SALINAS,-121.6720009,36.6882685,"c(-121.6720009, 36.6882685)",Other Unincorporated
539,2013,6/6/13,2013-06-06T12:53:00Z,Thursday,EAST MARKET ST,HEBBRON DR,NA,Y,NA,NA,4,0,2,A,9,D,C,A,H,A,N,N,N,N,N,0,0,2,0,0,0,0,0,0,SALINAS,-121.6318529,36.6764449,"c(-121.6318529, 36.6764449)",Salinas
540,2013,6/14/13,2013-06-14T13:51:00Z,Friday,ALISAL ST,MADEIRA AV,W,N,NA,NA,4,0,1,A,4,C,C,A,H,A,N,N,N,N,N,0,0,1,0,0,0,0,0,0,SALINAS,-121.6386538,36.6739299,"c(-121.6386538, 36.6739299)",Salinas
541,2013,6/1/13,2013-06-01T09:25:00Z,Saturday,101,LOCKWOOD SAN LUCAS RD,N,N,101,H,3,0,2,A,8,E,I,A,H,A,N,N,N,N,N,0,2,0,0,0,0,0,0,0,KING CITY,-121.0250649,36.0983278,"c(-121.0250649, 36.0983278)",Other Unincorporated
542,2013,6/7/13,2013-06-07T13:30:00Z,Friday,LAURELES GRADE,OAK GLEN DR,S,N,NA,NA,2,0,1,A,1,A,C,A,H,A,N,N,N,N,Y,1,0,0,0,0,0,0,0,0,CARMEL VALLEY,-121.7535706,36.5502988,"c(-121.7535706, 36.5502988)",Carmel Valley
543,2013,6/3/13,2013-06-03T07:30:00Z,Monday,68,CORRAL DE TIERRA RD,E,N,68,H,4,0,2,A,3,C,C,A,H,A,N,N,N,N,N,0,0,2,0,0,0,0,0,0,SALINAS,-121.7253433,36.5786796,"c(-121.7253433, 36.5786796)",Other Unincorporated
544,2013,6/3/13,2013-06-03T12:23:00Z,Monday,1,BIXBY BRIDGE,N,N,1,H,3,0,1,C,18,H,J,A,D,A,N,N,N,N,N,0,1,0,0,0,0,0,0,0,CARMEL,-121.904749,36.3747583,"c(-121.904749, 36.3747583)",Other Unincorporated
545,2013,4/22/13,2013-04-22T15:11:00Z,Monday,NATIVIDAD RD,E LAUREL,S,N,NA,NA,4,0,2,A,3,C,C,A,H,A,N,N,N,N,N,0,0,2,0,0,0,0,0,0,SALINAS,-121.6389676,36.6957803,"c(-121.6389676, 36.6957803)",Salinas
546,2013,5/21/13,2013-05-21T23:46:00Z,Tuesday,MARKET WY,SOLEDAD ST,W,N,NA,NA,2,0,1,A,3,G,B,E,H,C,Y,N,N,N,Y,1,0,0,0,1,0,0,0,0,SALINAS,-121.6529402,36.678204,"c(-121.6529402, 36.678204)",Salinas
547,2013,5/9/13,2013-05-09T16:38:00Z,Thursday,S MADEIRA AV,EAST ALISAL ST,NA,Y,NA,NA,3,0,1,A,NA,E,I,A,H,A,N,N,N,N,N,0,1,0,0,0,0,0,0,0,SALINAS,-121.6386029,36.6739249,"c(-121.6386029, 36.6739249)",Salinas
548,2013,5/15/13,2013-05-15T23:40:00Z,Wednesday,NORTH MAIN ST,SAN JUAN GRADE RD,NA,Y,NA,NA,4,0,1,A,11,G,B,A,H,C,N,N,N,N,N,0,0,1,0,0,0,0,0,0,SALINAS,-121.6554628,36.716835,"c(-121.6554628, 36.716835)",Salinas