X1,ACCIDENT_YEAR,COLLISION_DATE,COLLISION_TIME,DAY_OF_WEEK,PRIMARY_RD,SECONDARY_RD,DIRECTION,INTERSECTION,STATE_ROUTE,LOCATION_TYPE,COLLISION_SEVERITY,NUMBER_KILLED,NUMBER_INJURED,PRIMARY_COLL_FACTOR,PCF_VIOL_CATEGORY,TYPE_OF_COLLISION,MVIW,PED_ACTION,ROAD_COND_1,LIGHTING,PEDESTRIAN_ACCIDENT,BICYCLE_ACCIDENT,MOTORCYCLE_ACCIDENT,TRUCK_ACCIDENT,ALCOHOL_INVOLVED,COUNT_SEVERE_INJ,COUNT_VISIBLE_INJ,COUNT_COMPLAINT_PAIN,COUNT_PED_KILLED,COUNT_PED_INJURED,COUNT_BICYCLIST_KILLED,COUNT_BICYCLIST_INJURED,COUNT_MC_KILLED,COUNT_MC_INJURED,CITY,lon,lat,geometry,city_new
3071,2015,2/12/15,2015-02-12T18:40:00Z,Thursday,NORTH SANBORN RD,E ALISAL ST,N,N,NA,NA,3,0,1,A,11,G,B,D,H,C,Y,N,N,N,Y,0,1,0,0,1,0,0,0,0,SALINAS,-121.62744000000001,36.67312978,"c(-121.62744, 36.67312978)",Salinas
3072,2015,2/2/15,2015-02-02T11:17:00Z,Monday,E MARKET,SOLEDAD ST,E,N,NA,NA,4,0,2,A,3,E,I,A,H,C,N,N,N,N,N,0,0,2,0,0,0,0,0,0,SALINAS,-121.65206,36.67804097,"c(-121.65206, 36.67804097)",Salinas
3073,2015,2/17/15,2015-02-17T15:53:00Z,Tuesday,LEMOS AV,CAMPUS AV,NA,Y,NA,NA,4,0,1,A,9,D,C,A,H,A,N,N,N,N,N,0,0,1,0,0,0,0,0,0,SALINAS,-121.6744299,36.67238009,"c(-121.6744299, 36.67238009)",Salinas
3074,2015,2/26/15,2015-02-26T09:53:00Z,Thursday,BLANCO RD,LOS OLIVOS DR,NA,Y,NA,NA,4,0,1,A,3,C,C,A,H,A,N,N,N,N,N,0,0,1,0,0,0,0,0,0,SALINAS,-121.66876,36.66116007,"c(-121.66876, 36.66116007)",Salinas
3075,2015,2/9/15,2015-02-09T15:03:00Z,Monday,68,JOHN ST,S,N,68,H,4,0,1,A,3,C,C,A,H,A,N,N,N,N,N,0,0,1,0,0,0,0,0,0,SALINAS,-121.6550325,36.67045394,"c(-121.6550325, 36.67045394)",Salinas
3076,2015,2/5/15,2015-02-05T16:24:00Z,Thursday,183,PALMETTO ST,NA,Y,183,I,4,0,2,A,3,C,C,A,H,A,N,N,N,N,N,0,0,2,0,0,0,0,0,0,SALINAS,-121.6596134,36.67890736,"c(-121.6596134, 36.67890736)",Salinas
3077,2014,11/3/14,2014-11-03T14:36:00Z,Monday,W ALISAL ST,CAYUGA ST,E,N,NA,NA,4,0,2,A,4,C,C,A,H,A,N,N,N,N,N,0,0,2,0,0,0,0,0,0,SALINAS,-121.6588416,36.67326182,"c(-121.6588416, 36.67326182)",Salinas
3078,2015,4/1/15,2015-04-01T16:04:00Z,Wednesday,FRANKLIN ST,ALVARADO ST,NA,Y,NA,NA,4,0,1,A,8,D,G,A,H,A,N,Y,N,N,N,0,0,1,0,0,0,1,0,0,MONTEREY,-121.8943199,36.5999701,"c(-121.8943199, 36.5999701)",Monterey
3079,2014,9/29/14,2014-09-29T14:55:00Z,Monday,BROADWAY AV,SAN LUCAS ST,E,N,NA,NA,4,0,1,A,3,C,C,A,H,A,N,N,N,N,N,0,0,1,0,0,0,0,0,0,SEASIDE,-121.8391121,36.60905743,"c(-121.8391121, 36.60905743)",Seaside
3080,2014,9/24/14,2014-09-24T13:43:00Z,Wednesday,FREMONT BL,MONTEREY RD,NA,Y,NA,NA,4,0,1,C,18,C,C,A,H,A,N,N,N,N,N,0,0,1,0,0,0,0,0,0,SEASIDE,-121.8412299,36.62375007,"c(-121.8412299, 36.62375007)",Seaside
3081,2014,9/19/14,2014-09-19T07:43:00Z,Friday,FREMONT BL,BROADWAY AV,N,N,NA,NA,4,0,1,A,21,C,C,A,H,A,N,N,N,N,N,0,0,1,0,0,0,0,0,0,SEASIDE,-121.8456304,36.60919807,"c(-121.8456304, 36.60919807)",Seaside
3082,2014,9/18/14,2014-09-18T17:53:00Z,Thursday,GEARY PLZ,FREMONT BL,W,N,NA,NA,4,0,1,A,3,C,C,A,H,A,N,N,N,N,N,0,0,1,0,0,0,0,0,0,SEASIDE,-121.843241,36.61401335,"c(-121.843241, 36.61401335)",Seaside
3083,2014,9/30/14,2014-09-30T14:43:00Z,Tuesday,LIGHT FIGHTER DR,1ST AV,NA,Y,NA,NA,4,0,2,A,12,D,C,A,H,A,N,N,N,N,N,0,0,2,0,0,0,0,0,0,SEASIDE,-121.8120799,36.64774006,"c(-121.8120799, 36.64774006)",Seaside
3084,2015,4/10/15,2015-04-10T13:02:00Z,Friday,OCEAN AV,TORRES ST,NA,Y,NA,NA,3,0,2,A,9,D,C,A,H,A,N,N,N,N,N,0,2,0,0,0,0,0,0,0,CARMEL,-121.9190699,36.55510008,"c(-121.9190699, 36.55510008)",Carmel-by-the-Sea
3085,2015,4/8/15,2015-04-08T16:56:00Z,Wednesday,FREMONT ST,IRIS CANYON RD,E,N,NA,NA,3,0,2,A,8,D,C,A,H,A,N,N,N,N,N,0,1,1,0,0,0,0,0,0,MONTEREY,-121.8871447,36.59470418,"c(-121.8871447, 36.59470418)",Monterey
3086,2015,4/10/15,2015-04-10T17:34:00Z,Friday,4TH ST,PARK AV,NA,Y,NA,NA,4,0,1,A,9,C,C,A,H,A,N,N,N,N,N,0,0,1,0,0,0,0,0,0,MONTEREY,-121.8815199,36.59688002,"c(-121.8815199, 36.59688002)",Monterey
3087,2015,3/23/15,2015-03-23T14:45:00Z,Monday,101,5TH ST,S,N,101,H,3,0,2,A,8,F,NA,A,H,A,N,N,N,N,N,0,2,0,0,0,0,0,0,0,GONZALES,-121.4370565,36.51188904,"c(-121.4370565, 36.51188904)",Gonzales
3088,2015,3/9/15,2015-03-09T17:25:00Z,Monday,183,PAJARO ST,S,N,183,H,4,0,1,A,9,D,C,A,H,A,N,N,N,N,N,0,0,1,0,0,0,0,0,0,CASTROVILLE,-121.7534545,36.76233586,"c(-121.7534545, 36.76233586)",Castroville
3089,2015,4/14/15,2015-04-14T11:07:00Z,Tuesday,MUNRAS AV,SOLEDAD DR,NA,Y,NA,NA,4,0,2,A,3,C,C,A,H,A,N,N,N,N,N,0,0,2,0,0,0,0,0,0,MONTEREY,-121.9018599,36.58336005,"c(-121.9018599, 36.58336005)",Monterey
3090,2015,3/24/15,2015-03-24T15:20:00Z,Tuesday,CRAZY HORSE CANYON RD,WILDHORSE RD,E,N,NA,NA,4,0,4,A,3,C,C,A,H,A,N,N,N,N,N,0,0,4,0,0,0,0,0,0,SALINAS,-121.6227639,36.80829839,"c(-121.6227639, 36.80829839)",Other Unincorporated
3091,2015,3/13/15,2015-03-13T16:29:00Z,Friday,SAN JUAN GRADE RD,PENZANCE ST,NA,Y,NA,NA,4,0,3,A,9,D,C,A,H,A,N,N,N,N,N,0,0,3,0,0,0,0,0,0,SALINAS,-121.63974,36.73186005,"c(-121.63974, 36.73186005)",Other Unincorporated
3092,2015,3/5/15,2015-03-05T15:20:00Z,Thursday,CARMEL VALLEY RD,SAN CLEMENTE DR,E,N,NA,NA,4,0,1,A,5,A,C,A,H,A,N,N,Y,N,N,0,0,1,0,0,0,0,0,1,CARMEL VALLEY,-121.70613,36.4584,"c(-121.70613, 36.4584)",Carmel Valley
3093,2015,3/31/15,2015-03-31T16:22:00Z,Tuesday,1,RT 1,N,N,1,R,4,0,1,A,12,D,C,A,H,A,N,N,N,N,N,0,0,1,0,0,0,0,0,0,MONTEREY,-121.8655293,36.59798994,"c(-121.8655293, 36.59798994)",Monterey
3094,2014,10/28/14,2014-10-28T17:22:00Z,Tuesday,FREMONT BL,PLAYA AV,NA,Y,NA,NA,2,0,1,A,10,G,B,B,NA,A,Y,N,N,N,N,1,0,0,0,1,0,0,0,0,SEASIDE,-121.8411699,36.61800006,"c(-121.8411699, 36.61800006)",Seaside
3095,2015,3/31/15,2015-03-31T06:50:00Z,Tuesday,101,MAJOR FARMS RD,N,N,101,H,4,0,1,A,3,C,C,A,H,A,N,N,N,N,N,0,0,1,0,0,0,0,0,0,SOLEDAD,-121.3130121,36.39798703,"c(-121.3130121, 36.39798703)",Other Unincorporated
3096,2015,3/28/15,2015-03-28T16:20:00Z,Saturday,METZ RD,ELM AV,S,N,NA,NA,2,0,1,A,1,E,J,A,H,A,N,N,N,N,Y,1,0,0,0,0,0,0,0,0,KING CITY,-121.1869885,36.33110855,"c(-121.1869885, 36.33110855)",Other Unincorporated
3097,2015,3/31/15,2015-03-31T14:10:00Z,Tuesday,1,AGUAJITO RD,NA,Y,1,R,4,0,2,A,9,A,C,A,H,A,N,N,N,N,N,0,0,2,0,0,0,0,0,0,CARMEL,-121.9127332,36.57161386,"c(-121.9127332, 36.57161386)",Other Unincorporated
3098,2015,3/5/15,2015-03-05T16:51:00Z,Thursday,NORTH MAIN ST,EAST ALVIN DR,NA,Y,NA,NA,4,0,1,A,9,NA,C,A,H,A,N,N,N,N,N,0,0,1,0,0,0,0,0,0,SALINAS,-121.6534699,36.70790008,"c(-121.6534699, 36.70790008)",Salinas
3099,2015,3/10/15,2015-03-10T14:54:00Z,Tuesday,PAJARO ST,JOHN ST,NA,Y,NA,NA,4,0,2,A,12,D,C,A,H,A,N,N,N,N,N,0,0,2,0,0,0,0,0,0,SALINAS,-121.6522099,36.67050006,"c(-121.6522099, 36.67050006)",Salinas
3100,2014,11/4/14,2014-11-04T07:58:00Z,Tuesday,SHERWOOD DR,SHERWOOD PL,S,N,NA,NA,4,0,1,A,4,C,C,A,H,A,N,N,N,N,N,0,0,1,0,0,0,0,0,0,SALINAS,-121.6484162,36.6847792,"c(-121.6484162, 36.6847792)",Salinas
3101,2014,8/21/14,2014-08-21T16:18:00Z,Thursday,CANAL ST,DIVISION ST,NA,Y,NA,NA,3,0,2,A,9,D,C,A,H,A,N,N,Y,N,N,0,1,1,0,0,0,0,0,2,KING CITY,-121.1306199,36.2049801,"c(-121.1306199, 36.2049801)",King City
3102,2015,1/31/15,2015-01-31T12:45:00Z,Saturday,CARMEL VALLEY RD,RIO RD,E,N,NA,NA,4,0,1,A,9,E,I,A,H,A,N,N,N,N,N,0,0,1,0,0,0,0,0,0,CARMEL,-121.8917868,36.54272409,"c(-121.8917868, 36.54272409)",Other Unincorporated
3103,2015,3/21/15,2015-03-21T15:36:00Z,Saturday,CENTRAL AV,ELM AV,S,N,NA,NA,3,0,1,A,1,A,I,A,H,A,N,N,N,N,Y,0,1,0,0,0,0,0,0,0,GREENFIELD,-121.2473559,36.28664905,"c(-121.2473559, 36.28664905)",Other Unincorporated
3104,2015,3/19/15,2015-03-19T06:40:00Z,Thursday,101,UNDERWOOD RD,NA,Y,101,I,4,0,3,A,7,B,C,A,H,B,N,N,N,N,N,0,0,3,0,0,0,0,0,0,GREENFIELD,-121.2141527,36.29811909,"c(-121.2141527, 36.29811909)",Other Unincorporated
3105,2015,1/9/15,2015-01-09T21:37:00Z,Friday,HOLADAY AV,EAST ST,S,N,NA,NA,4,0,1,A,5,A,B,C,H,C,Y,N,N,N,N,0,0,1,0,1,0,0,0,0,SALINAS,-121.6289052,36.673666420000004,"c(-121.6289052, 36.67366642)",Salinas
3106,2015,3/21/15,2015-03-21T17:36:00Z,Saturday,DEL MONTE AV,SLOAT AV,NA,Y,NA,NA,4,0,1,A,9,D,C,A,H,A,N,N,N,N,N,0,0,1,0,0,0,0,0,0,MONTEREY,-121.87888,36.59986002,"c(-121.87888, 36.59986002)",Monterey
3107,2015,4/28/15,2015-04-28T18:07:00Z,Tuesday,NORTH MADEIRA AV,EAST MARKET ST,N,N,NA,NA,3,0,1,A,11,D,G,A,H,A,N,Y,N,N,N,0,1,0,0,0,0,1,0,0,SALINAS,-121.6379795,36.67718272,"c(-121.6379795, 36.67718272)",Salinas
3108,2015,4/26/15,2015-04-26T10:20:00Z,Sunday,E ALISAL ST,NORTH PEARL ST,W,N,NA,NA,4,0,2,A,9,D,C,A,H,A,N,N,N,N,N,0,0,2,0,0,0,0,0,0,SALINAS,-121.633978,36.67354649,"c(-121.633978, 36.67354649)",Salinas
3109,2015,4/15/15,2015-04-15T17:31:00Z,Wednesday,101,RT 101,NA,Y,101,R,4,0,1,A,3,C,C,A,H,A,N,N,N,N,N,0,0,1,0,0,0,0,0,0,SALINAS,-121.6588758,36.72509631,"c(-121.6588758, 36.72509631)",Other Unincorporated
3110,2015,4/7/15,2015-04-07T10:13:00Z,Tuesday,W ALISAL ST,WEST ACACIA ST,NA,Y,NA,NA,3,0,1,A,12,D,C,A,H,A,N,N,N,N,N,0,1,0,0,0,0,0,0,0,SALINAS,-121.6726999,36.66946003,"c(-121.6726999, 36.66946003)",Salinas
3111,2015,3/12/15,2015-03-12T14:36:00Z,Thursday,EAST MARKET ST,SUN ST,NA,Y,NA,NA,3,0,1,A,9,D,C,A,H,A,N,N,N,N,N,0,1,0,0,0,0,0,0,0,SALINAS,-121.64637,36.67887007,"c(-121.64637, 36.67887007)",Salinas
3112,2015,3/11/15,2015-03-11T18:52:00Z,Wednesday,WILLIAMS RD,GRANDHAVEN ST,NA,Y,NA,NA,4,0,2,A,9,D,C,A,H,B,N,N,N,N,N,0,0,2,0,0,0,0,0,0,SALINAS,-121.61197,36.67683008,"c(-121.61197, 36.67683008)",Salinas
3113,2015,3/25/15,2015-03-25T21:37:00Z,Wednesday,WILLIAMS RD,DEL MONTE AV,N,N,NA,NA,4,0,1,A,3,C,C,A,H,C,N,N,N,N,N,0,0,1,0,0,0,0,0,0,SALINAS,-121.6041531,36.681284839999996,"c(-121.6041531, 36.68128484)",Salinas
3114,2015,3/24/15,2015-03-24T23:51:00Z,Tuesday,NORTH DAVIS RD,WEST ROSSI ST,S,N,NA,NA,4,0,1,A,1,C,C,A,H,C,N,N,N,N,Y,0,0,1,0,0,0,0,0,0,SALINAS,-121.6719938,36.68837038,"c(-121.6719938, 36.68837038)",Other Unincorporated
3115,2015,3/27/15,2015-03-27T16:56:00Z,Friday,NORTH MAIN ST,EAST BORONDA RD,NA,Y,NA,NA,4,0,1,A,4,C,C,A,H,A,N,N,N,N,Y,0,0,1,0,0,0,0,0,0,SALINAS,-121.6562299,36.72162011,"c(-121.6562299, 36.72162011)",Salinas
3116,2015,3/31/15,2015-03-31T21:41:00Z,Tuesday,CENTRAL AV,CAPITOL ST,NA,Y,NA,NA,3,0,1,A,10,G,B,B,H,C,Y,N,N,N,N,0,1,0,0,1,0,0,0,0,SALINAS,-121.6607399,36.67619007,"c(-121.6607399, 36.67619007)",Salinas
3117,2015,3/31/15,2015-03-31T15:23:00Z,Tuesday,NORTH MAIN ST,BORONDA RD,NA,Y,NA,NA,4,0,1,A,12,D,C,A,H,A,N,N,N,N,N,0,0,1,0,0,0,0,0,0,SALINAS,-121.6562299,36.72162011,"c(-121.6562299, 36.72162011)",Salinas
3118,2015,4/15/15,2015-04-15T15:30:00Z,Wednesday,SAN MIGUEL CYN RD,LANGLEY CANYON RD,NA,Y,NA,NA,3,0,2,A,9,D,C,A,H,A,N,N,N,N,N,0,2,0,0,0,0,0,0,0,SALINAS,-121.6677799,36.80448006,"c(-121.6677799, 36.80448006)",Other Unincorporated
3119,2015,4/2/15,2015-04-02T13:00:00Z,Thursday,BLACKIE RD,ROLLING MEADOWS LN,W,N,NA,NA,2,0,1,A,8,E,I,A,H,A,N,N,N,N,Y,1,0,0,0,0,0,0,0,0,SALINAS,-121.6911749,36.77718225,"c(-121.6911749, 36.77718225)",Other Unincorporated
3120,2015,4/23/15,2015-04-23T12:10:00Z,Thursday,198,RT 25,E,N,198,H,4,0,2,A,5,A,C,A,H,A,N,N,N,Y,N,0,0,2,0,0,0,0,0,0,KING CITY,-120.7482376,36.18780171,"c(-120.7482376, 36.18780171)",Other Unincorporated
3121,2015,4/11/15,2015-04-11T06:35:00Z,Saturday,PARAISO SPRINGS RD,FOOTHILL RD,S,N,NA,NA,4,0,1,A,9,A,C,A,H,B,N,N,N,N,N,0,0,1,0,0,0,0,0,0,SOLEDAD,-121.3403792,36.37806009,"c(-121.3403792, 36.37806009)",Other Unincorporated
3122,2015,2/12/15,2015-02-12T20:00:00Z,Thursday,218,CHARLES AV,E,N,NA,NA,1,1,0,A,11,G,B,E,H,C,Y,N,N,N,N,0,0,0,1,0,0,0,0,0,SEASIDE,-121.8516951,36.59989145,"c(-121.8516951, 36.59989145)",Seaside
3123,2015,2/14/15,2015-02-14T13:22:00Z,Saturday,PLAYA AV,FREMONT BL,W,N,NA,NA,4,0,1,A,9,A,C,A,H,A,N,N,N,N,N,0,0,1,0,0,0,0,0,0,SEASIDE,-121.8411699,36.61800006,"c(-121.8411699, 36.61800006)",Seaside
3124,2015,2/18/15,2015-02-18T09:51:00Z,Wednesday,WHEELER ST,HILBY AV,S,N,NA,NA,2,0,2,A,3,D,E,A,H,A,N,N,N,N,N,2,0,0,0,0,0,0,0,0,SEASIDE,-121.8455345,36.60140863,"c(-121.8455345, 36.60140863)",Seaside
3125,2015,2/19/15,2015-02-19T18:33:00Z,Thursday,FREMONT BL,DEL MONTE BL,NA,Y,NA,NA,4,0,1,A,8,D,C,A,H,C,N,N,N,N,N,0,0,1,0,0,0,0,0,0,SEASIDE,-121.8409899,36.62223002,"c(-121.8409899, 36.62223002)",Seaside
3126,2015,2/22/15,2015-02-22T18:31:00Z,Sunday,FREMONT BL,BROADWAY AV,S,N,NA,NA,4,0,1,A,3,C,C,A,H,C,N,N,N,N,N,0,0,1,0,0,0,0,0,0,SEASIDE,-121.8458102,36.60885369,"c(-121.8458102, 36.60885369)",Seaside
3127,2015,4/29/15,2015-04-29T11:30:00Z,Wednesday,68,RT 68,N,N,68,I,4,0,1,A,21,C,C,A,H,A,N,N,N,N,N,0,0,1,0,0,0,0,0,0,SALINAS,-121.6676011,36.63613633,"c(-121.6676011, 36.63613633)",Other Unincorporated
3128,2015,4/29/15,2015-04-29T18:30:00Z,Wednesday,183,SANCHEZ ST,NA,Y,183,I,4,0,1,A,3,C,C,A,H,A,N,N,N,N,N,0,0,1,0,0,0,0,0,0,CASTROVILLE,-121.7602238,36.76732603,"c(-121.7602238, 36.76732603)",Castroville
3129,2015,4/25/15,2015-04-25T20:20:00Z,Saturday,183,SANCHEZ ST,S,N,183,H,4,0,1,A,1,C,E,A,H,C,N,N,N,N,Y,0,0,1,0,0,0,0,0,0,CASTROVILLE,-121.7599523,36.76712599,"c(-121.7599523, 36.76712599)",Castroville
3130,2015,4/26/15,2015-04-26T09:46:00Z,Sunday,101,RT 101,N,N,101,H,4,0,1,D,0,A,C,A,H,A,N,N,N,N,N,0,0,1,0,0,0,0,0,0,SALINAS,-121.6641129,36.79936789,"c(-121.6641129, 36.79936789)",Other Unincorporated
3131,2015,4/24/15,2015-04-24T06:55:00Z,Friday,ALISAL RD,HARTNELL RD,S,N,NA,NA,4,0,2,A,9,D,C,A,H,A,N,N,N,N,N,0,0,2,0,0,0,0,0,0,SALINAS,-121.5754702,36.64433916,"c(-121.5754702, 36.64433916)",Other Unincorporated
3132,2015,4/24/15,2015-04-24T15:30:00Z,Friday,ELKHORN RD,WERNER RD,NA,Y,NA,NA,4,0,1,A,9,D,C,A,H,A,N,N,N,Y,N,0,0,1,0,0,0,0,0,0,ROYAL OAKS,-121.7472299,36.87898004,"c(-121.7472299, 36.87898004)",Royal Oake
3133,2015,4/23/15,2015-04-23T15:31:00Z,Thursday,68,SAN BENANCIO RD,E,N,68,H,4,0,2,A,5,A,C,A,H,A,N,N,N,N,N,0,0,2,0,0,0,0,0,0,SALINAS,-121.7179678,36.58132319,"c(-121.7179678, 36.58132319)",Other Unincorporated
3134,2015,4/24/15,2015-04-24T07:35:00Z,Friday,NASHUA RD,MONTE RD,W,N,NA,NA,3,0,1,A,8,F,A,A,H,A,N,N,N,N,N,0,1,0,0,0,0,0,0,0,SALINAS,-121.7668202,36.74163816,"c(-121.7668202, 36.74163816)",Other Unincorporated
3135,2015,4/23/15,2015-04-23T05:35:00Z,Thursday,101,CAMPHORA GLORIA RD,N,N,101,R,4,0,1,A,3,C,C,A,H,B,N,N,N,N,N,0,0,1,0,0,0,0,0,0,SOLEDAD,-121.3667131,36.45147522,"c(-121.3667131, 36.45147522)",Other Unincorporated
3136,2015,4/23/15,2015-04-23T15:00:00Z,Thursday,101,POTTER RD,S,N,101,H,4,0,1,A,7,F,A,A,H,A,N,N,N,N,N,0,0,1,0,0,0,0,0,0,SALINAS,-121.5559243,36.60450758,"c(-121.5559243, 36.60450758)",Other Unincorporated
3137,2015,3/21/15,2015-03-21T18:20:00Z,Saturday,218,SONOMA AV,NA,Y,NA,NA,4,0,1,A,3,C,C,A,H,A,N,N,N,N,N,0,0,1,0,0,0,0,0,0,SEASIDE,-121.8555499,36.60639008,"c(-121.8555499, 36.60639008)",Seaside
3138,2015,4/28/15,2015-04-28T16:40:00Z,Tuesday,101,CENTRAL AV,S,N,101,H,3,0,1,A,8,E,I,A,H,A,N,N,N,N,N,0,1,0,0,0,0,0,0,0,GREENFIELD,-121.1737127,36.22926296,"c(-121.1737127, 36.22926296)",Other Unincorporated
3139,2015,4/22/15,2015-04-22T02:45:00Z,Wednesday,1,MPM 38,S,N,1,H,3,0,1,A,8,E,I,A,H,D,N,N,N,N,N,0,1,0,0,0,0,0,0,0,BIG SUR,-121.6959677,36.1771289,"c(-121.6959677, 36.1771289)",Big Sur
3140,2015,4/20/15,2015-04-20T11:54:00Z,Monday,CARMEL VALLEY RD,DORRIS DR,W,N,NA,NA,4,0,1,A,8,E,I,A,H,A,N,N,N,N,N,0,0,1,0,0,0,0,0,0,CARMEL,-121.814933,36.52552885,"c(-121.814933, 36.52552885)",Other Unincorporated
3141,2015,4/17/15,2015-04-17T00:54:00Z,Friday,68,PORTOLA DR,E,N,68,H,3,0,1,A,1,H,I,A,H,D,N,N,N,N,Y,0,1,0,0,0,0,0,0,0,SALINAS,-121.6913625,36.60984694,"c(-121.6913625, 36.60984694)",Other Unincorporated
3142,2015,4/22/15,2015-04-22T08:55:00Z,Wednesday,CORRAL DE TIERRA RD,CASTLEROCK RD,N,N,NA,NA,4,0,2,A,5,B,C,A,H,A,N,N,N,N,N,0,0,2,0,0,0,0,0,0,SALINAS,-121.7326031,36.55821284,"c(-121.7326031, 36.55821284)",Other Unincorporated
3143,2015,4/25/15,2015-04-25T22:20:00Z,Saturday,68,SAN BENANCIO RD,E,N,68,H,4,0,1,A,1,E,I,A,D,D,N,N,N,N,Y,0,0,1,0,0,0,0,0,0,SALINAS,-121.7194987,36.58047141,"c(-121.7194987, 36.58047141)",Other Unincorporated
3144,2015,4/17/15,2015-04-17T18:19:00Z,Friday,68,RT 68 2959,W,N,68,H,4,0,2,A,3,C,C,A,H,A,N,N,N,N,N,0,0,2,0,0,0,0,0,0,MONTEREY,-121.8269052,36.58009673,"c(-121.8269052, 36.58009673)",Monterey
3145,2015,4/17/15,2015-04-17T16:40:00Z,Friday,FIGUEROA ST,DEL MONTE,N,N,NA,NA,3,0,1,A,9,D,G,A,H,A,N,Y,N,N,N,0,1,0,0,0,0,1,0,0,MONTEREY,-121.8899353,36.60081408,"c(-121.8899353, 36.60081408)",Monterey
3146,2015,4/2/15,2015-04-02T09:30:00Z,Thursday,BONIFACIO PL,ADAMS ST,W,N,NA,NA,4,0,1,A,21,D,C,A,H,A,N,N,Y,N,N,0,0,1,0,0,0,0,0,1,MONTEREY,-121.8918868,36.59854964,"c(-121.8918868, 36.59854964)",Monterey
3147,2015,4/16/15,2015-04-16T17:01:00Z,Thursday,LIGHTHOUSE AV,IRVING AV,S,N,NA,NA,4,0,1,A,10,G,B,B,H,A,Y,N,N,N,N,0,0,1,0,1,0,0,0,0,MONTEREY,-121.9036162,36.61582543,"c(-121.9036162, 36.61582543)",Monterey
3148,2015,4/15/15,2015-04-15T13:23:00Z,Wednesday,FREMONT ST,MAJOR SHERMAN LN,W,N,NA,NA,4,0,1,A,3,C,C,A,H,A,N,N,N,N,N,0,0,1,0,0,0,0,0,0,MONTEREY,-121.8910527,36.59518617,"c(-121.8910527, 36.59518617)",Monterey
3149,2015,4/10/15,2015-04-10T09:04:00Z,Friday,10TH ST,8TH ST,E,N,NA,NA,3,0,1,A,3,F,J,A,H,A,N,N,Y,N,N,0,1,0,0,0,0,0,0,1,MONTEREY,-121.8814123,36.59371841,"c(-121.8814123, 36.59371841)",Monterey
3150,2015,4/1/15,2015-04-01T17:58:00Z,Wednesday,JEFFERSON ST,LARKIN ST,NA,Y,NA,NA,3,0,1,A,3,E,I,A,H,A,N,N,N,N,N,0,1,0,0,0,0,0,0,0,MONTEREY,-121.89929,36.59902005,"c(-121.89929, 36.59902005)",Monterey
3151,2015,1/15/15,2015-01-15T08:10:00Z,Thursday,LARKIN ST,FLINT WY,E,N,NA,NA,3,0,1,A,11,G,B,D,H,A,Y,N,N,N,N,0,1,0,0,1,0,0,0,0,SALINAS,-121.6632863,36.69169954,"c(-121.6632863, 36.69169954)",Salinas
3152,2015,1/12/15,2015-01-12T12:10:00Z,Monday,W ALISAL ST,WEST ACACIA ST,NA,Y,NA,NA,4,0,1,A,12,F,C,A,H,A,N,N,N,N,N,0,0,1,0,0,0,0,0,0,SALINAS,-121.6726999,36.66946003,"c(-121.6726999, 36.66946003)",Salinas
3153,2015,2/17/15,2015-02-17T22:12:00Z,Tuesday,MESQUITE DR,EAST BORONDA RD,S,N,NA,NA,3,0,1,A,10,D,B,B,H,C,Y,N,N,N,N,0,1,0,0,1,0,0,0,0,SALINAS,-121.5976883,36.69714359,"c(-121.5976883, 36.69714359)",Salinas
3154,2015,2/13/15,2015-02-13T20:15:00Z,Friday,NORTH MAIN ST,NAVAJO DR,N,N,NA,NA,3,0,1,NA,NA,A,B,D,H,C,Y,N,N,N,N,0,1,0,0,1,0,0,0,0,SALINAS,-121.6532713,36.7058141,"c(-121.6532713, 36.7058141)",Salinas
3155,2015,2/10/15,2015-02-10T07:28:00Z,Tuesday,BLANCO RD,LOS OLIVOS DR,NA,Y,NA,NA,4,0,2,A,12,D,C,A,H,A,N,N,N,N,N,0,0,2,0,0,0,0,0,0,SALINAS,-121.66876,36.66116007,"c(-121.66876, 36.66116007)",Salinas
3156,2015,4/12/15,2015-04-12T23:31:00Z,Sunday,EAST BORONDA RD,NATIVIDAD RD,W,N,NA,NA,4,0,1,A,3,NA,I,A,H,C,N,N,N,N,N,0,0,1,0,0,0,0,0,0,SALINAS,-121.6236413,36.7155557,"c(-121.6236413, 36.7155557)",Salinas
3157,2015,4/4/15,2015-04-04T17:45:00Z,Saturday,WILLIAMS RD,GARNER AV,S,N,NA,NA,4,0,1,A,21,D,C,A,H,A,N,N,N,N,N,0,0,1,0,0,0,0,0,0,SALINAS,-121.6086557,36.67872827,"c(-121.6086557, 36.67872827)",Salinas
3158,2015,4/11/15,2015-04-11T10:09:00Z,Saturday,MARKET ST,KIDDER ST,NA,Y,NA,NA,4,0,1,A,9,D,C,A,H,A,N,N,N,N,N,0,0,1,0,0,0,0,0,0,SOLEDAD,-121.32515,36.42761005,"c(-121.32515, 36.42761005)",Soledad
3159,2015,4/21/15,2015-04-21T19:40:00Z,Tuesday,MURPHY RD,SAN JUAN RD,NA,Y,NA,NA,4,0,1,A,9,D,C,A,H,A,N,N,N,N,N,0,0,1,0,0,0,0,0,0,ROYAL OAKS,-121.67608,36.89641007,"c(-121.67608, 36.89641007)",Royal Oake