X1,ACCIDENT_YEAR,COLLISION_DATE,COLLISION_TIME,DAY_OF_WEEK,PRIMARY_RD,SECONDARY_RD,DIRECTION,INTERSECTION,STATE_ROUTE,LOCATION_TYPE,COLLISION_SEVERITY,NUMBER_KILLED,NUMBER_INJURED,PRIMARY_COLL_FACTOR,PCF_VIOL_CATEGORY,TYPE_OF_COLLISION,MVIW,PED_ACTION,ROAD_COND_1,LIGHTING,PEDESTRIAN_ACCIDENT,BICYCLE_ACCIDENT,MOTORCYCLE_ACCIDENT,TRUCK_ACCIDENT,ALCOHOL_INVOLVED,COUNT_SEVERE_INJ,COUNT_VISIBLE_INJ,COUNT_COMPLAINT_PAIN,COUNT_PED_KILLED,COUNT_PED_INJURED,COUNT_BICYCLIST_KILLED,COUNT_BICYCLIST_INJURED,COUNT_MC_KILLED,COUNT_MC_INJURED,CITY,lon,lat,geometry,city_new
4242,2016,4/14/16,2016-04-14T09:10:00Z,Thursday,68,ACACIA ST,NA,Y,NA,NA,4,0,4,A,3,C,C,A,H,A,N,N,N,N,N,0,0,4,0,0,0,0,0,0,SALINAS,-121.65716,36.66424001,"c(-121.65716, 36.66424001)",Salinas
4243,2016,4/11/16,2016-04-11T16:24:00Z,Monday,SOUTH SANBORN RD,OREGON ST,N,N,NA,NA,4,0,1,A,3,C,C,A,H,A,N,N,N,N,N,0,0,1,0,0,0,0,0,0,SALINAS,-121.622008,36.68233605,"c(-121.622008, 36.68233605)",Salinas
4244,2016,4/17/16,2016-04-17T20:21:00Z,Sunday,NORTH MAIN ST,EAST BORONDA RD,NA,Y,NA,NA,3,0,3,D,0,A,C,A,H,C,N,N,N,N,N,0,1,2,0,0,0,0,0,0,SALINAS,-121.6562299,36.72162011,"c(-121.6562299, 36.72162011)",Salinas
4245,2016,4/20/16,2016-04-20T05:26:00Z,Wednesday,E ALISAL ST,FRONT ST,NA,Y,NA,NA,3,0,1,A,12,D,C,A,H,B,N,N,N,N,N,0,1,0,0,0,0,0,0,0,SALINAS,-121.64916,36.6746401,"c(-121.64916, 36.6746401)",Salinas
4246,2016,4/15/16,2016-04-15T07:58:00Z,Friday,HARRIS RD,HARRIS PL,NA,Y,NA,NA,4,0,2,A,9,D,C,A,H,A,N,N,N,N,N,0,0,2,0,0,0,0,0,0,SALINAS,-121.6139599,36.64255001,"c(-121.6139599, 36.64255001)",Salinas
4247,2016,4/14/16,2016-04-14T18:36:00Z,Thursday,HARKINS RD,BURTON AV,W,N,NA,NA,4,0,1,A,8,D,C,A,H,A,N,N,N,N,N,0,0,1,0,0,0,0,0,0,SALINAS,-121.6294275,36.65051799,"c(-121.6294275, 36.65051799)",Salinas
4248,2016,4/17/16,2016-04-17T11:06:00Z,Sunday,MACHADO ST,MOHAR ST,NA,Y,NA,NA,4,0,2,A,9,D,A,A,H,A,N,N,N,N,N,0,0,2,0,0,0,0,0,0,SALINAS,-121.6176199,36.68254009,"c(-121.6176199, 36.68254009)",Salinas
4249,2016,4/7/16,2016-04-07T16:56:00Z,Thursday,E ALISAL,MONTEREY ST,NA,Y,NA,NA,3,0,1,A,12,D,G,A,H,A,N,Y,N,N,N,0,1,0,0,0,0,1,0,0,SALINAS,-121.6536899,36.67396007,"c(-121.6536899, 36.67396007)",Salinas
4250,2016,3/8/16,2016-03-08T07:34:00Z,Tuesday,ROSSI ST,MARTELLA ST,W,N,NA,NA,3,0,6,A,8,D,C,A,H,A,N,N,N,N,N,0,1,5,0,0,0,0,0,0,SALINAS,-121.6555427,36.68169584,"c(-121.6555427, 36.68169584)",Salinas
4251,2016,4/12/16,2016-04-12T07:39:00Z,Tuesday,HOMESTEAD AV,W ALISAL ST,NA,Y,NA,NA,3,0,1,A,9,D,G,A,H,A,N,Y,N,N,N,0,1,0,0,0,0,1,0,0,SALINAS,-121.6643799,36.67252007,"c(-121.6643799, 36.67252007)",Salinas
4252,2016,4/7/16,2016-04-07T18:44:00Z,Thursday,REATA ST,E CURTIS,E,N,NA,NA,4,0,2,A,3,A,C,A,H,A,N,N,N,N,N,0,0,2,0,0,0,0,0,0,SALINAS,-121.6491164,36.70274068,"c(-121.6491164, 36.70274068)",Salinas
4253,2016,4/8/16,2016-04-08T20:55:00Z,Friday,W BORONDA RD,NORTH MAIN ST,NA,Y,NA,NA,2,0,1,A,10,G,B,B,H,C,Y,N,N,N,N,1,0,0,0,1,0,0,0,0,SALINAS,-121.6562299,36.72162011,"c(-121.6562299, 36.72162011)",Salinas
4254,2016,4/4/16,2016-04-04T07:22:00Z,Monday,ACOSTA PLZ,GARNER AV,S,N,NA,NA,4,0,1,A,6,NA,C,A,NA,A,N,N,N,N,N,0,0,1,0,0,0,0,0,0,SALINAS,-121.6169119,36.68749424,"c(-121.6169119, 36.68749424)",Salinas
4255,2016,4/15/16,2016-04-15T21:43:00Z,Friday,SOUTH MAIN ST,HARVEST ST,NA,Y,NA,NA,2,0,1,A,10,G,B,B,H,C,Y,N,N,N,Y,1,0,0,0,1,0,0,0,0,SALINAS,-121.65533,36.6693501,"c(-121.65533, 36.6693501)",Salinas
4256,2016,4/13/16,2016-04-13T23:09:00Z,Wednesday,NORTH DAVIS RD,WESTRIDGE PKWY,N,N,NA,NA,2,0,1,A,9,D,C,A,H,C,N,N,N,N,N,1,0,0,0,0,0,0,0,0,SALINAS,-121.6666637,36.70507722,"c(-121.6666637, 36.70507722)",Salinas
4257,2016,4/29/16,2016-04-29T21:53:00Z,Friday,WEST LAUREL DR,NORTH DAVIS RD,E,N,NA,NA,2,0,1,C,18,F,I,A,H,C,N,N,N,N,N,1,0,0,0,0,0,0,0,0,SALINAS,-121.6673959,36.69787056,"c(-121.6673959, 36.69787056)",Salinas
4258,2016,4/14/16,2016-04-14T04:59:00Z,Thursday,101,RT 101,N,N,101,R,4,0,1,A,3,C,C,A,H,C,N,N,N,N,N,0,0,1,0,0,0,0,0,0,SALINAS,-121.6306651,36.6674847,"c(-121.6306651, 36.6674847)",Salinas
4259,2016,3/17/16,2016-03-17T07:06:00Z,Thursday,PRESCOTT AV,BELDEN ST,NA,Y,NA,NA,4,0,1,A,9,D,C,A,H,A,N,N,N,N,N,0,0,1,0,0,0,0,0,0,MONTEREY,-121.9051899,36.61332003,"c(-121.9051899, 36.61332003)",Monterey
4260,2016,4/12/16,2016-04-12T12:21:00Z,Tuesday,DEL MONTE DR,RINCON RD,NA,Y,NA,NA,4,0,1,A,21,E,I,A,H,A,N,N,N,N,N,0,0,1,0,0,0,0,0,0,GONZALES,-121.44074,36.51506004,"c(-121.44074, 36.51506004)",Gonzales
4261,2016,4/21/16,2016-04-21T17:10:00Z,Thursday,68,OLMSTED RD,W,N,68,H,4,0,2,A,3,C,C,A,H,A,N,N,N,N,N,0,0,2,0,0,0,0,0,0,MONTEREY,-121.8500819,36.58398873,"c(-121.8500819, 36.58398873)",Monterey
4262,2016,4/14/16,2016-04-14T15:46:00Z,Thursday,SOLEDAD DR,MUNRAS AV,E,N,NA,NA,4,0,1,A,9,D,C,A,H,A,N,N,N,N,N,0,0,1,0,0,0,0,0,0,MONTEREY,-121.901678,36.58324888,"c(-121.901678, 36.58324888)",Monterey
4263,2016,4/4/16,2016-04-04T07:14:00Z,Monday,RESERVATION RD,BAYER DR,NA,Y,NA,NA,4,0,2,A,9,D,C,A,H,B,N,N,N,N,N,0,0,2,0,0,0,0,0,0,MARINA,-121.7794099,36.67781009,"c(-121.7794099, 36.67781009)",Marina
4264,2016,4/18/16,2016-04-18T07:50:00Z,Monday,CARMEL AV,CALIFORNIA AV,W,N,NA,NA,3,0,1,A,10,G,B,B,H,A,Y,N,N,N,N,0,1,0,0,1,0,0,0,0,MARINA,-121.7875542,36.67698079,"c(-121.7875542, 36.67698079)",Marina
4265,2016,4/1/16,2016-04-01T05:10:00Z,Friday,RESERVATION RD,IMJIN PW,N,N,NA,NA,4,0,1,D,0,D,C,A,H,C,N,N,Y,N,N,0,0,1,0,0,0,0,0,0,MARINA,-121.7666838,36.67147734,"c(-121.7666838, 36.67147734)",Marina
4266,2016,3/30/16,2016-03-30T18:24:00Z,Wednesday,RESERVATION RD,CRESTVIEW CT,W,N,NA,NA,2,0,1,A,9,D,G,A,H,A,N,Y,N,N,N,1,0,0,0,0,0,1,0,0,MARINA,-121.7861781,36.68122827,"c(-121.7861781, 36.68122827)",Marina
4267,2016,3/21/16,2016-03-21T08:06:00Z,Monday,IMJIN PW,CALIFORNIA AV,W,N,NA,NA,3,0,1,A,3,B,C,A,G,A,N,N,Y,N,N,0,1,0,0,0,0,0,0,0,MARINA,-121.7971737,36.66627993,"c(-121.7971737, 36.66627993)",Marina
4268,2016,3/28/16,2016-03-28T18:47:00Z,Monday,H DE LA ROSA SR ST,NESTLES RD,NA,N,NA,NA,4,0,1,A,3,D,D,A,H,A,N,N,N,N,N,0,0,1,0,0,0,0,0,0,SOLEDAD,-121.3196499,36.41780002,"c(-121.3196499, 36.41780002)",Soledad
4269,2016,4/25/16,2016-04-25T14:40:00Z,Monday,IMJIN PKWY,ABRAMS DR,S,N,NA,NA,3,0,1,A,3,F,J,A,H,A,N,N,Y,N,N,0,1,0,0,0,0,0,0,1,MARINA,-121.7932177,36.66326406,"c(-121.7932177, 36.66326406)",Marina
4270,2016,4/28/16,2016-04-28T13:15:00Z,Thursday,WEST SAN LUIS ST,SALINAS ST,NA,Y,NA,NA,3,0,3,A,12,D,C,A,H,A,N,N,N,N,N,0,2,1,0,0,0,0,0,0,SALINAS,-121.6556599,36.67181007,"c(-121.6556599, 36.67181007)",Salinas
4271,2016,4/30/16,2016-04-30T23:16:00Z,Saturday,NORTH DAVIS RD,CALLE DEL ADOBE,NA,Y,NA,NA,3,0,1,A,1,E,I,A,H,C,N,N,N,N,Y,0,1,0,0,0,0,0,0,0,SALINAS,-121.6680899,36.6979101,"c(-121.6680899, 36.6979101)",Salinas
4272,2016,4/2/16,2016-04-02T21:01:00Z,Saturday,GARNER AV,GREEN ST,E,N,NA,NA,3,0,1,A,8,B,E,A,H,C,N,N,N,N,N,0,1,0,0,0,0,0,0,0,SALINAS,-121.6133708,36.68423008,"c(-121.6133708, 36.68423008)",Salinas
4273,2016,4/6/16,2016-04-06T06:58:00Z,Wednesday,DELMONTE AV,NORTH SANBORN RD,NA,Y,NA,NA,3,0,3,A,9,A,D,A,H,A,N,N,N,N,N,0,3,0,0,0,0,0,0,0,SALINAS,-121.6108199,36.68866008,"c(-121.6108199, 36.68866008)",Salinas
4274,2016,2/23/16,2016-02-23T19:41:00Z,Tuesday,FOREST AV,SPRUCE AV,NA,Y,NA,NA,4,0,1,A,3,A,B,B,H,C,Y,N,N,N,N,0,0,1,0,1,0,0,0,0,PACIFIC GROVE,-121.91923,36.61786005,"c(-121.91923, 36.61786005)",Pacific Grove
4275,2016,4/14/16,2016-04-14T12:12:00Z,Thursday,PEARL ST,TYLER ST,NA,Y,NA,NA,3,0,1,A,10,G,B,B,H,A,Y,N,N,N,N,0,1,0,0,1,0,0,0,0,MONTEREY,-121.89404,36.5977101,"c(-121.89404, 36.5977101)",Monterey
4276,2016,4/23/16,2016-04-23T09:36:00Z,Saturday,LIGHTHOUSE AV,DEL MONTE AV,S,N,NA,NA,4,0,1,A,3,C,C,A,H,A,N,N,N,N,N,0,0,1,0,0,0,0,0,0,MONTEREY,-121.89234,36.60066,"c(-121.89234, 36.60066)",Monterey
4277,2016,5/8/16,2016-05-08T15:12:00Z,Sunday,HAWTHORNE ST,MCCLELLAN AV,NA,Y,NA,NA,4,0,2,A,9,A,C,A,H,A,N,N,N,N,N,0,0,2,0,0,0,0,0,0,MONTEREY,-121.90169,36.61204005,"c(-121.90169, 36.61204005)",Monterey
4278,2016,4/4/16,2016-04-04T17:10:00Z,Monday,CALIFORNIA,JOHN ST,NA,Y,NA,NA,4,0,1,A,8,G,G,A,H,A,N,Y,N,N,N,0,0,1,0,0,0,1,0,0,SALINAS,-121.64995,36.67000008,"c(-121.64995, 36.67000008)",Salinas
4279,2016,4/22/16,2016-04-22T20:40:00Z,Friday,RESERVATION RD,BEACH RD,W,N,NA,NA,2,0,1,A,10,G,B,B,H,C,Y,N,N,N,N,1,0,0,0,1,0,0,0,0,MARINA,-121.8018305,36.69484241,"c(-121.8018305, 36.69484241)",Marina
4280,2016,3/13/16,2016-03-13T13:35:00Z,Sunday,E ALISAL,WOOD ST,W,N,NA,NA,3,0,1,A,9,D,G,A,H,A,N,Y,N,N,N,0,1,0,0,0,0,1,0,0,SALINAS,-121.6355691,36.6737178,"c(-121.6355691, 36.6737178)",Salinas
4281,2016,2/21/16,2016-02-21T21:56:00Z,Sunday,EAST BORONDA RD,SAN JUAN GRADE RD,W,N,NA,NA,4,0,1,A,3,C,C,A,H,C,N,N,N,N,N,0,0,1,0,0,0,0,0,0,SALINAS,-121.6513241,36.71986859,"c(-121.6513241, 36.71986859)",Salinas
4282,2016,2/1/16,2016-02-01T19:40:00Z,Monday,FREMONT BL,HAMILTON AV,NA,Y,NA,NA,3,0,1,A,11,G,B,D,H,C,Y,N,N,N,N,0,1,0,0,1,0,0,0,0,SEASIDE,-121.8474199,36.60555005,"c(-121.8474199, 36.60555005)",Seaside
4283,2016,2/20/16,2016-02-20T21:57:00Z,Saturday,FREMONT BL,ORD GROVE AV,NA,Y,NA,NA,4,0,2,A,12,D,D,A,H,C,N,N,N,N,N,0,0,2,0,0,0,0,0,0,SEASIDE,-121.8406999,36.61931006,"c(-121.8406999, 36.61931006)",Seaside
4284,2016,3/11/16,2016-03-11T16:59:00Z,Friday,LOBOS ST,2ND,NA,Y,NA,NA,2,0,1,C,18,G,B,A,G,A,N,N,N,N,N,1,0,0,0,0,0,0,0,0,CARMEL,-121.9148199,36.56061008,"c(-121.9148199, 36.56061008)",Carmel-by-the-Sea
4285,2016,3/8/16,2016-03-08T09:17:00Z,Tuesday,S 1ST AV,SAN CARLOS ST,W,N,NA,NA,3,0,1,A,8,G,B,E,H,A,Y,N,N,N,N,0,1,0,0,1,0,0,0,0,CARMEL,-121.9220782,36.56183,"c(-121.9220782, 36.56183)",Carmel-by-the-Sea
4286,2016,4/12/16,2016-04-12T23:17:00Z,Tuesday,W FRANKLIN ST,LARKIN ST,NA,Y,NA,NA,4,0,1,A,9,D,C,A,H,NA,N,N,N,N,N,0,0,1,0,0,0,0,0,0,MONTEREY,-121.8986099,36.60085002,"c(-121.8986099, 36.60085002)",Monterey
4287,2016,4/9/16,2016-04-09T23:02:00Z,Saturday,LIGHTHOUSE AV,PRESCOTT AV,NA,Y,NA,NA,4,0,2,A,12,D,C,A,H,C,N,N,N,N,N,0,0,2,0,0,0,0,0,0,MONTEREY,-121.90269,36.61471004,"c(-121.90269, 36.61471004)",Monterey
4288,2016,4/13/16,2016-04-13T17:06:00Z,Wednesday,CAMINO EL ESTERO,DEL MONTE AV,S,N,NA,NA,4,0,1,A,3,C,C,A,H,A,N,N,N,N,N,0,0,1,0,0,0,0,0,0,MONTEREY,-121.8873318,36.59981484,"c(-121.8873318, 36.59981484)",Monterey
4289,2016,3/7/16,2016-03-07T08:02:00Z,Monday,SAN AN,BEDFORD AV,S,N,NA,NA,4,0,2,A,4,C,C,A,H,A,N,N,N,N,N,0,0,2,0,0,0,0,0,0,KING CITY,-121.1399763,36.20929464,"c(-121.1399763, 36.20929464)",King City
4290,2016,4/7/16,2016-04-07T17:10:00Z,Thursday,CALIFORNIA AV,MONTEREY RD,NA,Y,NA,NA,4,0,1,A,3,C,C,A,H,A,N,N,N,N,N,0,0,1,0,0,0,0,0,0,SAND CITY,-121.8417899,36.6236901,"c(-121.8417899, 36.6236901)",Sand City
4291,2016,3/9/16,2016-03-09T09:43:00Z,Wednesday,FREEDOM,NORTH SANBORN RD,NA,Y,NA,NA,2,0,1,A,12,D,C,A,H,A,N,N,N,N,N,1,0,0,0,0,0,0,0,0,SALINAS,-121.6013499,36.69213004,"c(-121.6013499, 36.69213004)",Salinas
4292,2016,3/1/16,2016-03-01T12:28:00Z,Tuesday,EAST LAUREL DR,NORTH DAVIS RD,NA,Y,NA,NA,4,0,1,A,8,B,C,A,H,A,N,N,N,N,N,0,0,1,0,0,0,0,0,0,SALINAS,-121.6680899,36.6979101,"c(-121.6680899, 36.6979101)",Salinas
4293,2016,3/29/16,2016-03-29T02:04:00Z,Tuesday,PASEO GRANDE,TOWT ST,W,N,NA,NA,3,0,1,A,5,A,C,A,H,C,N,N,N,N,N,0,1,0,0,0,0,0,0,0,SALINAS,-121.6026627,36.68841813,"c(-121.6026627, 36.68841813)",Salinas
4294,2016,3/26/16,2016-03-26T20:23:00Z,Saturday,NA,ALMA,S,N,NA,NA,4,0,1,A,9,D,C,A,H,C,N,N,N,N,N,0,0,1,0,0,0,0,0,0,SALINAS,-121.6127722,36.68199671,"c(-121.6127722, 36.68199671)",Salinas
4295,2016,3/20/16,2016-03-20T15:26:00Z,Sunday,EAST LAUREL DR,NOICE DR,NA,Y,NA,NA,4,0,1,A,5,D,C,A,H,A,N,N,N,N,N,0,0,1,0,0,0,0,0,0,SALINAS,-121.6508499,36.69913007,"c(-121.6508499, 36.69913007)",Salinas
4296,2016,3/21/16,2016-03-21T19:42:00Z,Monday,EAST BORONDA RD,CONSTITUTION,E,N,NA,NA,3,0,5,A,1,A,C,A,H,C,N,N,N,N,Y,0,5,0,0,0,0,0,0,0,SALINAS,-121.602937,36.70355263,"c(-121.602937, 36.70355263)",Salinas
4297,2016,3/28/16,2016-03-28T13:37:00Z,Monday,W ALISAL ST,LINCOLN AV,NA,Y,NA,NA,4,0,2,A,12,D,C,A,H,A,N,N,N,N,N,0,0,2,0,0,0,0,0,0,SALINAS,-121.65685,36.67352009,"c(-121.65685, 36.67352009)",Salinas
4298,2016,3/3/16,2016-03-03T13:16:00Z,Thursday,CONSTITUTION BL,LAS CASITAS DR,NA,Y,NA,NA,4,0,1,A,9,D,C,A,H,A,N,N,N,N,N,0,0,1,0,0,0,0,0,0,SALINAS,-121.6125899,36.69878004,"c(-121.6125899, 36.69878004)",Salinas
4299,2016,3/17/16,2016-03-17T22:00:00Z,Thursday,NORTH SANBORN RD,FREEDOM PKWY,NA,Y,NA,NA,4,0,1,A,9,A,C,A,H,C,N,N,N,N,N,0,0,1,0,0,0,0,0,0,SALINAS,-121.6013499,36.69213004,"c(-121.6013499, 36.69213004)",Salinas
4300,2016,3/1/16,2016-03-01T00:45:00Z,Tuesday,JOHN ST,S WOOD ST,W,N,NA,NA,3,0,1,A,3,A,E,A,H,C,N,N,N,N,N,0,1,0,0,0,0,0,0,0,SALINAS,-121.6370822,36.67047355,"c(-121.6370822, 36.67047355)",Salinas
4301,2016,3/15/16,2016-03-15T14:52:00Z,Tuesday,EAST BORONDA RD,NORTH MAIN ST,W,N,NA,NA,4,0,1,A,3,C,C,A,H,A,N,N,N,N,N,0,0,1,0,0,0,0,0,0,SALINAS,-121.6573101,36.72174905,"c(-121.6573101, 36.72174905)",Salinas
4302,2016,3/14/16,2016-03-14T08:25:00Z,Monday,W ALISAL ST,PALMA DR,NA,Y,NA,NA,4,0,1,A,9,A,C,A,H,A,N,N,Y,N,N,0,0,1,0,0,0,0,0,1,SALINAS,-121.67541,36.66723007,"c(-121.67541, 36.66723007)",Salinas
4303,2016,3/14/16,2016-03-14T10:06:00Z,Monday,NORTH MAIN ST,CHAPARRAL ST,NA,Y,NA,NA,4,0,1,A,9,D,C,A,H,A,N,N,N,N,N,0,0,1,0,0,0,0,0,0,SALINAS,-121.6529199,36.70403006,"c(-121.6529199, 36.70403006)",Salinas
4304,2016,3/6/16,2016-03-06T00:29:00Z,Sunday,ABBOTT ST,JOHN ST,NA,Y,NA,NA,3,0,1,A,1,D,C,A,H,C,N,N,N,N,Y,0,1,0,0,0,0,0,0,0,SALINAS,-121.6468699,36.66943001,"c(-121.6468699, 36.66943001)",Salinas
4305,2016,3/20/16,2016-03-20T02:54:00Z,Sunday,CENTRAL AV,VILLA ST,NA,Y,NA,NA,4,0,1,A,3,A,I,A,H,C,N,N,N,N,Y,0,0,1,0,0,0,0,0,0,SALINAS,-121.66717,36.67528011,"c(-121.66717, 36.67528011)",Salinas
4306,2016,3/5/16,2016-03-05T23:14:00Z,Saturday,EAST LAUREL DR,LINWOOD DR,E,N,NA,NA,3,0,1,A,1,B,E,A,F,C,N,Y,N,N,Y,0,1,0,0,0,0,1,0,0,SALINAS,-121.6424107,36.69720037,"c(-121.6424107, 36.69720037)",Salinas
4307,2016,3/9/16,2016-03-09T16:57:00Z,Wednesday,SOUTH SANBORN RD,PELLET AV,S,N,NA,NA,4,0,1,A,3,C,C,A,H,A,N,N,N,N,N,0,0,1,0,0,0,0,0,0,SALINAS,-121.6331078,36.66082958,"c(-121.6331078, 36.66082958)",Salinas
4308,2016,3/11/16,2016-03-11T21:39:00Z,Friday,EAST MARKET ST,KERN ST,NA,Y,NA,NA,3,0,1,A,1,E,I,A,NA,C,N,N,N,N,Y,0,1,0,0,0,0,0,0,0,SALINAS,-121.64008,36.67739001,"c(-121.64008, 36.67739001)",Salinas
4309,2016,3/10/16,2016-03-10T06:31:00Z,Thursday,NORTH SANBORN RD,CIRCLE DR,NA,Y,NA,NA,4,0,1,A,12,D,C,A,H,A,N,N,N,N,Y,0,0,1,0,0,0,0,0,0,SALINAS,-121.6252599,36.67901002,"c(-121.6252599, 36.67901002)",Salinas
4310,2016,3/31/16,2016-03-31T15:51:00Z,Thursday,NATIVIDAD RD,CHAPARRAL,NA,Y,NA,NA,2,0,4,A,12,D,C,A,H,A,N,N,N,N,N,1,1,2,0,0,0,0,0,0,SALINAS,-121.6345199,36.70013003,"c(-121.6345199, 36.70013003)",Salinas
4311,2016,3/19/16,2016-03-19T15:32:00Z,Saturday,NORTH SANBORN RD,CIRCLE DR,N,N,NA,NA,3,0,1,A,1,C,C,A,H,A,N,N,N,N,Y,0,1,0,0,0,0,0,0,0,SALINAS,-121.6249362,36.67945896,"c(-121.6249362, 36.67945896)",Salinas
4312,2016,3/16/16,2016-03-16T21:07:00Z,Wednesday,PAJARO ST,E ALISAL ST,NA,Y,NA,NA,4,0,1,A,12,D,C,A,H,C,N,N,N,N,N,0,0,1,0,0,0,0,0,0,SALINAS,-121.6525599,36.67412,"c(-121.6525599, 36.67412)",Salinas
4313,2016,3/18/16,2016-03-18T13:38:00Z,Friday,183,LINCOLN AV,S,N,NA,NA,4,0,2,A,12,C,C,A,H,A,N,N,N,N,N,0,0,2,0,0,0,0,0,0,SALINAS,-121.657469,36.67816854,"c(-121.657469, 36.67816854)",Salinas
4314,2016,3/7/16,2016-03-07T15:37:00Z,Monday,GARNER AV,1ST AV,W,N,NA,NA,2,0,4,A,9,D,C,A,H,A,N,N,N,N,N,1,0,3,0,0,0,0,0,0,SALINAS,-121.6099413,36.68031856,"c(-121.6099413, 36.68031856)",Salinas
4315,2016,3/19/16,2016-03-19T15:27:00Z,Saturday,NORTH MAIN ST,E BERNAL ST,NA,Y,NA,NA,4,0,1,A,1,C,C,A,H,A,N,N,N,N,Y,0,0,1,0,0,0,0,0,0,SALINAS,-121.65228,36.68997003,"c(-121.65228, 36.68997003)",Salinas
4316,2016,3/18/16,2016-03-18T12:00:00Z,Friday,NORTH MAIN ST,CASENTINI ST,S,N,NA,NA,4,0,2,A,3,C,C,A,H,A,N,N,N,N,N,0,0,2,0,0,0,0,0,0,SALINAS,-121.6528741,36.68417158,"c(-121.6528741, 36.68417158)",Salinas
4317,2016,3/28/16,2016-03-28T16:31:00Z,Monday,WILLIAMS RD,BARDIN RD,E,N,NA,NA,3,0,1,A,9,A,C,A,H,A,N,N,N,N,N,0,1,0,0,0,0,0,0,0,SALINAS,-121.6066133,36.67988907,"c(-121.6066133, 36.67988907)",Salinas
4318,2016,3/8/16,2016-03-08T07:46:00Z,Tuesday,ALAMEDA AV,MAPLEWOOD DR,S,N,NA,NA,4,0,1,A,9,A,C,A,H,A,N,N,N,N,N,0,0,1,0,0,0,0,0,0,SALINAS,-121.6476521,36.66245755,"c(-121.6476521, 36.66245755)",Salinas
4319,2016,3/7/16,2016-03-07T15:14:00Z,Monday,JOHN ST,WOOD ST,NA,N,NA,NA,4,0,1,A,3,C,C,A,H,A,N,N,N,N,N,0,0,1,0,0,0,0,0,0,SALINAS,-121.6359299,36.67037002,"c(-121.6359299, 36.67037002)",Salinas
4320,2016,2/26/16,2016-02-26T21:32:00Z,Friday,FREEDOM PKWY,RIDER AV,NA,Y,NA,NA,4,0,1,A,12,A,C,A,H,C,N,N,N,N,N,0,0,1,0,0,0,0,0,0,SALINAS,-121.6041099,36.69611012,"c(-121.6041099, 36.69611012)",Salinas
4321,2016,2/26/16,2016-02-26T17:39:00Z,Friday,EAST ALVIN DR,SOLANO WY,E,N,NA,NA,4,0,2,A,8,D,C,A,H,A,N,N,N,N,N,0,0,2,0,0,0,0,0,0,SALINAS,-121.6421901,36.70636068,"c(-121.6421901, 36.70636068)",Salinas
4322,2016,2/22/16,2016-02-22T12:50:00Z,Monday,GRIFFIN ST,E ALISAL,N,N,NA,NA,4,0,1,A,10,D,B,B,H,A,Y,N,N,N,N,0,0,1,0,1,0,0,0,0,SALINAS,-121.6412523,36.6743032,"c(-121.6412523, 36.6743032)",Salinas
4323,2016,2/29/16,2016-02-29T16:30:00Z,Monday,EAST MARKET ST,CARR AV,W,N,NA,NA,2,0,3,A,3,C,C,A,H,A,N,N,N,N,N,1,0,2,0,0,0,0,0,0,SALINAS,-121.6355576,36.67692723,"c(-121.6355576, 36.67692723)",Salinas
4324,2016,2/24/16,2016-02-24T16:11:00Z,Wednesday,NORTH MAIN ST,EAST LAURLE DR,NA,Y,NA,NA,4,0,1,A,5,D,G,A,H,A,N,Y,N,N,N,0,0,1,0,0,0,1,0,0,SALINAS,-121.65181,36.69932009,"c(-121.65181, 36.69932009)",Salinas
4325,2016,2/29/16,2016-02-29T10:24:00Z,Monday,NA,EAST MARKET ST,NA,Y,NA,NA,4,0,1,A,9,NA,C,A,H,A,N,N,N,N,N,0,0,1,0,0,0,0,0,0,SALINAS,-121.6216099,36.67671003,"c(-121.6216099, 36.67671003)",Salinas
4326,2016,1/26/16,2016-01-26T15:04:00Z,Tuesday,EAST ALISAL,SOUTH PEARL ST,E,N,NA,NA,4,0,1,A,3,C,C,A,H,A,N,N,N,N,N,0,0,1,0,0,0,0,0,0,SALINAS,-121.6332741,36.67347578,"c(-121.6332741, 36.67347578)",Salinas
4327,2016,1/19/16,2016-01-19T15:12:00Z,Tuesday,NORTH MILDRED AV,BROADWAY ST,N,N,NA,NA,3,0,1,A,17,A,B,F,H,A,Y,Y,N,N,Y,0,1,0,0,1,0,0,0,0,KING CITY,-121.132017,36.20969605,"c(-121.132017, 36.20969605)",King City
4328,2016,3/31/16,2016-03-31T10:36:00Z,Thursday,68,DAVID AV,S,N,NA,NA,4,0,1,A,3,C,C,A,H,A,N,N,N,N,N,0,0,1,0,0,0,0,0,0,PACIFIC GROVE,-121.9225767,36.60834339,"c(-121.9225767, 36.60834339)",Pacific Grove
4329,2016,3/22/16,2016-03-22T06:51:00Z,Tuesday,7TH ST,LUCKETT ST,N,N,NA,NA,4,0,3,A,9,A,C,A,H,A,N,N,N,N,N,0,0,3,0,0,0,0,0,0,KING CITY,-121.1295038,36.20812456,"c(-121.1295038, 36.20812456)",King City
4330,2016,4/24/16,2016-04-24T15:52:00Z,Sunday,146,NESTLES RD,NA,N,NA,NA,4,0,1,A,3,C,C,A,H,A,N,N,N,N,N,0,0,1,0,0,0,0,0,0,SOLEDAD,-121.32274,36.42034008,"c(-121.32274, 36.42034008)",Soledad
4331,2016,5/13/16,2016-05-13T15:50:00Z,Friday,FREMONT ST,CASANOVA AV,E,N,NA,NA,4,0,2,A,9,D,C,A,H,A,N,N,N,N,N,0,0,2,0,0,0,0,0,0,MONTEREY,-121.8524751,36.59789254,"c(-121.8524751, 36.59789254)",Monterey