X1,ACCIDENT_YEAR,COLLISION_DATE,COLLISION_TIME,DAY_OF_WEEK,PRIMARY_RD,SECONDARY_RD,DIRECTION,INTERSECTION,STATE_ROUTE,LOCATION_TYPE,COLLISION_SEVERITY,NUMBER_KILLED,NUMBER_INJURED,PRIMARY_COLL_FACTOR,PCF_VIOL_CATEGORY,TYPE_OF_COLLISION,MVIW,PED_ACTION,ROAD_COND_1,LIGHTING,PEDESTRIAN_ACCIDENT,BICYCLE_ACCIDENT,MOTORCYCLE_ACCIDENT,TRUCK_ACCIDENT,ALCOHOL_INVOLVED,COUNT_SEVERE_INJ,COUNT_VISIBLE_INJ,COUNT_COMPLAINT_PAIN,COUNT_PED_KILLED,COUNT_PED_INJURED,COUNT_BICYCLIST_KILLED,COUNT_BICYCLIST_INJURED,COUNT_MC_KILLED,COUNT_MC_INJURED,CITY,lon,lat,geometry,city_new
4514,2016,6/9/16,2016-06-09T20:49:00Z,Thursday,ALISAL RD,SCONBERG PKWY,W,N,NA,NA,4,0,2,A,3,A,C,A,H,C,N,N,N,N,N,0,0,2,0,0,0,0,0,0,SALINAS,-121.6009479,36.67275366,"c(-121.6009479, 36.67275366)",Salinas
4515,2016,6/29/16,2016-06-29T18:37:00Z,Wednesday,SANBORN RD,FREEDOM PKWY,S,N,NA,NA,4,0,2,A,17,B,C,A,H,A,N,N,N,N,N,0,0,2,0,0,0,0,0,0,SALINAS,-121.601407,36.69211164,"c(-121.601407, 36.69211164)",Salinas
4516,2016,6/26/16,2016-06-26T22:34:00Z,Sunday,BORONDA RD,NATIVIDAD RD,E,N,NA,NA,4,0,3,A,1,C,C,A,H,C,N,N,N,N,Y,0,0,3,0,0,0,0,0,0,SALINAS,-121.6230019,36.71549523,"c(-121.6230019, 36.71549523)",Salinas
4517,2016,6/27/16,2016-06-27T22:36:00Z,Monday,DEL MONTE BL,CYPRESS AV,NA,Y,NA,NA,4,0,1,A,9,D,C,A,H,C,N,N,N,N,N,0,0,1,0,0,0,0,0,0,MARINA,-121.8052199,36.68178,"c(-121.8052199, 36.68178)",Marina
4518,2016,7/9/16,2016-07-09T15:06:00Z,Saturday,9TH ST,2ND AV,W,N,NA,NA,4,0,1,A,8,D,G,A,H,A,N,Y,N,N,N,0,0,1,0,0,0,1,0,0,MARINA,-121.8102117,36.66251425,"c(-121.8102117, 36.66251425)",Marina
4519,2016,8/11/16,2016-08-11T11:04:00Z,Thursday,PACIFIC ST,FRANKLIN ST,S,N,NA,NA,4,0,1,A,3,C,C,A,H,A,N,N,N,N,N,0,0,1,0,0,0,0,0,0,MONTEREY,-121.8958486,36.60007034,"c(-121.8958486, 36.60007034)",Monterey
4520,2016,8/10/16,2016-08-10T17:17:00Z,Wednesday,OCEAN,4TH ST,S,N,NA,NA,4,0,1,A,8,D,C,A,H,A,N,N,N,N,N,0,0,1,0,0,0,0,0,0,MONTEREY,-121.8799052,36.59709075,"c(-121.8799052, 36.59709075)",Monterey
4521,2016,8/9/16,2016-08-09T07:16:00Z,Tuesday,DEL MONTE AV,PALO VERDE AV,NA,Y,NA,NA,4,0,1,A,9,D,C,A,H,A,N,N,Y,N,N,0,0,1,0,0,0,0,0,1,MONTEREY,-121.8693799,36.60084004,"c(-121.8693799, 36.60084004)",Monterey
4522,2016,8/12/16,2016-08-12T12:31:00Z,Friday,DAVID AV,LIGHTHOUSE,W,N,NA,NA,3,0,1,A,8,F,I,A,H,A,N,Y,N,N,N,0,1,0,0,0,0,1,0,0,MONTEREY,-121.904575,36.6167443,"c(-121.904575, 36.6167443)",Monterey
4523,2016,8/3/16,2016-08-03T20:24:00Z,Wednesday,FREMONT ST,CASA VERDE WY,E,N,NA,NA,3,0,1,A,3,C,C,A,H,A,N,N,N,N,N,0,1,0,0,0,0,0,0,0,MONTEREY,-121.8620206,36.5963127,"c(-121.8620206, 36.5963127)",Monterey
4524,2016,8/4/16,2016-08-04T15:07:00Z,Thursday,DEL MONTE AV,CASA VERDE WY,NA,Y,NA,NA,3,0,1,A,17,D,G,A,H,A,N,Y,N,N,N,0,1,0,0,0,0,1,0,0,MONTEREY,-121.8665999,36.60208001,"c(-121.8665999, 36.60208001)",Monterey
4525,2016,4/22/16,2016-04-22T15:28:00Z,Friday,BROADWAY ST,S VANDERHURST AV,W,N,NA,NA,4,0,1,A,3,C,C,A,H,A,N,N,N,N,N,0,0,1,0,0,0,0,0,0,KING CITY,-121.1277851,36.21217493,"c(-121.1277851, 36.21217493)",King City
4526,2016,4/21/16,2016-04-21T17:07:00Z,Thursday,S MILDRED AV,REICH ST,NA,Y,NA,NA,4,0,1,A,12,G,G,A,H,A,N,Y,N,N,N,0,0,1,0,0,0,1,0,0,KING CITY,-121.1298099,36.20693011,"c(-121.1298099, 36.20693011)",King City
4527,2016,4/25/16,2016-04-25T16:52:00Z,Monday,ADAMS ST,TULANE ST,S,N,NA,NA,3,0,1,A,8,A,G,A,H,A,N,Y,N,N,N,0,1,0,0,0,0,1,0,0,SALINAS,-121.6629603,36.70044126,"c(-121.6629603, 36.70044126)",Salinas
4528,2016,6/15/16,2016-06-15T07:02:00Z,Wednesday,MUNRAS AV,WEBSTER ST,W,N,NA,NA,4,0,2,A,3,C,C,A,H,A,N,N,N,N,N,0,0,2,0,0,0,0,0,0,MONTEREY,-121.8938821,36.59656123,"c(-121.8938821, 36.59656123)",Monterey
4529,2016,6/16/16,2016-06-16T17:32:00Z,Thursday,IMJIN PKWY,PRESTON AV,S,N,NA,NA,4,0,3,A,3,C,C,A,H,A,N,N,N,N,N,0,0,3,0,0,0,0,0,0,MARINA,-121.7724172,36.66683047,"c(-121.7724172, 36.66683047)",Marina
4530,2016,6/19/16,2016-06-19T09:14:00Z,Sunday,SEACREST AV,CARMEL AV,N,N,NA,NA,4,0,1,A,12,G,B,B,H,A,Y,N,N,N,N,0,0,1,0,1,0,0,0,0,MARINA,-121.7985847,36.68229142,"c(-121.7985847, 36.68229142)",Marina
4531,2016,6/9/16,2016-06-09T14:56:00Z,Thursday,IMJIN PKWY,2ND AV,E,N,NA,NA,4,0,1,A,12,D,C,A,H,A,N,N,N,N,N,0,0,1,0,0,0,0,0,0,MARINA,-121.8087146,36.66773484,"c(-121.8087146, 36.66773484)",Marina
4532,2016,6/25/16,2016-06-25T20:54:00Z,Saturday,LIGHTHOUSE AV,DRAKE,N,N,NA,NA,3,0,6,A,1,C,C,A,H,C,N,N,N,N,Y,0,1,5,0,0,0,0,0,0,MONTEREY,-121.9000272,36.61155503,"c(-121.9000272, 36.61155503)",Monterey
4533,2016,6/19/16,2016-06-19T16:08:00Z,Sunday,DEL MONTE AV,WASHINGTON ST,E,N,NA,NA,4,0,1,A,3,C,C,A,H,A,N,N,N,N,N,0,0,1,0,0,0,0,0,0,MONTEREY,-121.8921253,36.60059141,"c(-121.8921253, 36.60059141)",Monterey
4534,2016,5/31/16,2016-05-31T18:30:00Z,Tuesday,SINEX AV,19TH ST,E,N,NA,NA,3,0,1,A,8,A,E,A,H,A,N,N,N,N,N,0,1,0,0,0,0,0,0,0,PACIFIC GROVE,-121.9221002,36.61555679,"c(-121.9221002, 36.61555679)",Pacific Grove
4535,2016,6/28/16,2016-06-28T05:29:00Z,Tuesday,OAK AV,4TH ST,NA,N,NA,NA,4,0,1,A,12,H,C,A,H,A,N,N,N,N,N,0,0,1,0,0,0,0,0,0,GREENFIELD,-121.23751,36.32412009,"c(-121.23751, 36.32412009)",Greenfield
4536,2016,8/8/16,2016-08-08T15:08:00Z,Monday,146,EAST ST,N,N,NA,NA,2,0,1,D,0,G,A,A,H,A,N,Y,N,Y,N,1,0,0,0,0,0,1,0,0,SOLEDAD,-121.3261925,36.42490812,"c(-121.3261925, 36.42490812)",Soledad
4537,2016,8/26/16,2016-08-26T21:57:00Z,Friday,IMJIN PW,IMJIN RD,NA,Y,NA,NA,4,0,1,A,1,E,I,A,H,C,N,N,N,N,Y,0,0,1,0,0,0,0,0,0,MARINA,-121.7913699,36.66174009,"c(-121.7913699, 36.66174009)",Marina
4538,2016,8/16/16,2016-08-16T14:35:00Z,Tuesday,LINCOLN ST,7TH,N,N,NA,NA,4,0,1,A,21,G,B,F,H,A,Y,N,Y,N,N,0,0,1,0,1,0,0,0,0,CARMEL,-121.9235591,36.55391089,"c(-121.9235591, 36.55391089)",Carmel-by-the-Sea
4539,2016,6/25/16,2016-06-25T14:29:00Z,Saturday,GARNER AV,ATLANTIC ST,W,N,NA,NA,4,0,1,A,9,A,G,A,NA,NA,N,Y,N,N,N,0,0,1,0,0,0,1,0,0,SALINAS,-121.6175156,36.68897076,"c(-121.6175156, 36.68897076)",Salinas
4540,2016,6/14/16,2016-06-14T17:40:00Z,Tuesday,BORONDA RD,NATIVIDAD RD,E,N,NA,NA,4,0,2,A,4,C,C,A,H,A,N,N,N,N,N,0,0,2,0,0,0,0,0,0,SALINAS,-121.6201205,36.71530411,"c(-121.6201205, 36.71530411)",Salinas
4541,2016,6/26/16,2016-06-26T16:39:00Z,Sunday,68,PAJARO ST,NA,Y,NA,NA,4,0,3,A,12,A,C,A,H,A,N,N,N,N,N,0,0,3,0,0,0,0,0,0,SALINAS,-121.6522099,36.67050006,"c(-121.6522099, 36.67050006)",Salinas
4542,2016,6/16/16,2016-06-16T18:27:00Z,Thursday,EAST BORONDA RD,MCKINNON ST,E,N,NA,NA,2,0,1,A,3,C,C,A,H,A,N,N,N,N,N,1,0,0,0,0,0,0,0,0,SALINAS,-121.6435765,36.71705608,"c(-121.6435765, 36.71705608)",Salinas
4543,2016,6/9/16,2016-06-09T18:13:00Z,Thursday,ALISAL ST,LINCOLN AV,NA,Y,NA,NA,4,0,1,A,12,D,C,A,H,A,N,N,N,N,Y,0,0,1,0,0,0,0,0,0,SALINAS,-121.65685,36.67352009,"c(-121.65685, 36.67352009)",Salinas
4544,2016,6/2/16,2016-06-02T16:57:00Z,Thursday,CHEROKEE DR,DURAN ST,NA,Y,NA,NA,4,0,2,A,9,A,C,A,H,A,N,N,N,N,N,0,0,2,0,0,0,0,0,0,SALINAS,-121.6621,36.70996007,"c(-121.6621, 36.70996007)",Salinas
4545,2016,6/14/16,2016-06-14T00:11:00Z,Tuesday,ALISAL RD,TOWT ST,E,N,NA,NA,3,0,1,A,8,C,E,A,H,C,N,N,N,N,N,0,1,0,0,0,0,0,0,0,SALINAS,-121.6209272,36.67223893,"c(-121.6209272, 36.67223893)",Salinas
4546,2016,6/19/16,2016-06-19T19:18:00Z,Sunday,NA,ALMA AV,NA,Y,NA,NA,4,0,2,A,9,D,C,A,H,A,N,N,N,N,N,0,0,2,0,0,0,0,0,0,SALINAS,-121.6127299,36.68202007,"c(-121.6127299, 36.68202007)",Salinas
4547,2016,6/14/16,2016-06-14T18:42:00Z,Tuesday,ROMIE LN,PAJARO ST,NA,Y,NA,NA,4,0,1,A,12,D,C,A,H,A,N,N,N,N,N,0,0,1,0,0,0,0,0,0,SALINAS,-121.65522,36.66204001,"c(-121.65522, 36.66204001)",Salinas
4548,2016,6/23/16,2016-06-23T18:18:00Z,Thursday,MARKET ST,FRONT ST,NA,Y,NA,NA,4,0,1,A,7,B,C,A,H,A,N,N,N,N,N,0,0,1,0,0,0,0,0,0,SALINAS,-121.6529199,36.67779001,"c(-121.6529199, 36.67779001)",Salinas
4549,2016,6/19/16,2016-06-19T16:16:00Z,Sunday,SANBORN,GARNER AV,N,N,NA,NA,3,0,1,A,11,G,B,D,NA,A,Y,N,N,N,Y,0,1,0,0,1,0,0,0,0,SALINAS,-121.6149299,36.68632761,"c(-121.6149299, 36.68632761)",Salinas
4550,2016,6/5/16,2016-06-05T18:42:00Z,Sunday,MARKET ST,MERCED ST,NA,Y,NA,NA,4,0,1,A,9,A,D,A,H,A,N,N,N,N,N,0,0,1,0,0,0,0,0,0,SALINAS,-121.6423199,36.67811006,"c(-121.6423199, 36.67811006)",Salinas
4551,2016,7/16/16,2016-07-16T15:21:00Z,Saturday,ABREGO ST,FREMONT ST,N,N,NA,NA,4,0,1,A,9,B,C,A,H,A,N,N,Y,N,N,0,0,1,0,0,0,0,0,0,MONTEREY,-121.8921733,36.5953102,"c(-121.8921733, 36.5953102)",Monterey
4552,2016,7/19/16,2016-07-19T17:46:00Z,Tuesday,CLAY ST,FRANKLIN ST,NA,Y,NA,NA,4,0,1,A,9,D,C,A,H,A,N,N,N,N,N,0,0,1,0,0,0,0,0,0,MONTEREY,-121.9021399,36.60168008,"c(-121.9021399, 36.60168008)",Monterey
4553,2016,7/17/16,2016-07-17T18:43:00Z,Sunday,LIGHTHOUSE,PACIFIC,NA,Y,NA,NA,3,0,1,A,1,E,I,A,H,A,N,N,N,N,Y,0,1,0,0,0,0,0,0,0,PACIFIC GROVE,-121.9227299,36.62344008,"c(-121.9227299, 36.62344008)",Pacific Grove
4554,2016,7/12/16,2016-07-12T17:26:00Z,Tuesday,PRESCOTT AV,LOTTIE ST,E,N,NA,NA,4,0,2,A,3,C,C,A,H,A,N,N,N,N,N,0,0,2,0,0,0,0,0,0,MONTEREY,-121.9161103,36.60729998,"c(-121.9161103, 36.60729998)",Monterey
4555,2016,6/26/16,2016-06-26T02:08:00Z,Sunday,DEL MONTE,WASHINGTON ST,E,N,NA,NA,4,0,1,A,3,A,I,A,H,C,N,N,N,N,Y,0,0,1,0,0,0,0,0,0,MONTEREY,-121.8917508,36.60053246,"c(-121.8917508, 36.60053246)",Monterey
4556,2016,5/7/16,2016-05-07T04:48:00Z,Saturday,BRUNKEN AV,MALARIN ST,S,N,NA,NA,3,0,1,A,21,H,A,A,H,C,N,N,N,N,N,0,1,0,0,0,0,0,0,0,SALINAS,-121.6388522,36.66216489,"c(-121.6388522, 36.66216489)",Salinas
4557,2016,5/4/16,2016-05-04T04:57:00Z,Wednesday,EAST ALISAL ST,HOLADAY AV,W,N,NA,NA,2,0,1,A,11,G,B,D,H,C,Y,N,N,N,N,1,0,0,0,1,0,0,0,0,SALINAS,-121.6291083,36.67306099,"c(-121.6291083, 36.67306099)",Salinas
4558,2016,5/29/16,2016-05-29T03:53:00Z,Sunday,WILLIAMS RD,FREEDOM PKWY,S,N,NA,NA,3,0,1,A,8,D,E,A,NA,C,N,N,N,N,N,0,1,0,0,0,0,0,0,0,SALINAS,-121.599604,36.68390378,"c(-121.599604, 36.68390378)",Salinas
4559,2016,5/31/16,2016-05-31T14:51:00Z,Tuesday,SALINAS ST,WEST SAN LUIS ST,S,N,NA,NA,4,0,1,A,4,C,C,A,H,A,N,N,N,N,N,0,0,1,0,0,0,0,0,0,SALINAS,-121.6555966,36.67156807,"c(-121.6555966, 36.67156807)",Salinas
4560,2016,5/19/16,2016-05-19T15:11:00Z,Thursday,HILBY AV,SHAFER ST,E,N,NA,NA,3,0,2,A,8,B,C,A,H,A,N,N,N,N,N,0,2,0,0,0,0,0,0,0,SEASIDE,-121.8427951,36.602488459999996,"c(-121.8427951, 36.60248846)",Seaside
4561,2016,5/23/16,2016-05-23T15:55:00Z,Monday,HILBY AV,WHEELER ST,E,N,NA,NA,4,0,1,A,4,C,C,A,H,A,N,N,N,N,N,0,0,1,0,0,0,0,0,0,SEASIDE,-121.8453639,36.60253825,"c(-121.8453639, 36.60253825)",Seaside
4562,2016,7/26/16,2016-07-26T16:54:00Z,Tuesday,HAWTHORNE ST,IRVING AV,S,N,NA,NA,4,0,2,A,9,D,C,A,H,A,N,N,N,N,N,0,0,2,0,0,0,0,0,0,MONTEREY,-121.9044537,36.61530676,"c(-121.9044537, 36.61530676)",Monterey
4563,2016,4/14/16,2016-04-14T21:56:00Z,Thursday,SANDOWN ST,SANDRINGHAM ST,S,N,NA,NA,4,0,1,A,1,A,E,A,H,C,N,N,N,N,N,0,0,1,0,0,0,0,0,0,KING CITY,-121.1381435,36.21508103,"c(-121.1381435, 36.21508103)",King City
4564,2016,4/19/16,2016-04-19T18:31:00Z,Tuesday,WENTWORTH ST,WINDSOR ST,W,N,NA,NA,3,0,1,A,8,B,E,A,H,A,N,N,Y,N,N,0,1,0,0,0,0,0,0,1,KING CITY,-121.1365529,36.21300786,"c(-121.1365529, 36.21300786)",King City
4565,2016,7/14/16,2016-07-14T16:31:00Z,Thursday,HARDEN PKWY,REGENCY CIR,W,N,NA,NA,4,0,1,A,3,C,J,A,H,A,N,N,N,N,N,0,0,1,0,0,0,0,0,0,SALINAS,-121.650691,36.7136793,"c(-121.650691, 36.7136793)",Salinas
4566,2016,7/9/16,2016-07-09T19:36:00Z,Saturday,JOHN ST,JOHN CIR,N,N,NA,NA,2,0,3,A,3,C,C,A,H,A,N,N,N,N,N,1,0,2,0,0,0,0,0,0,SALINAS,-121.6201482,36.67167536,"c(-121.6201482, 36.67167536)",Salinas
4567,2016,7/11/16,2016-07-11T11:08:00Z,Monday,NORTH MAIN ST,MADRID ST,NA,Y,NA,NA,4,0,2,A,12,D,C,A,H,A,N,N,N,N,N,0,0,2,0,0,0,0,0,0,SALINAS,-121.6546899,36.71327006,"c(-121.6546899, 36.71327006)",Salinas
4568,2016,7/16/16,2016-07-16T18:11:00Z,Saturday,DENNIS AV,BARDIN RD,S,N,NA,NA,4,0,1,A,9,B,C,A,H,A,N,N,N,N,N,0,0,1,0,0,0,0,0,0,SALINAS,-121.607221,36.67631322,"c(-121.607221, 36.67631322)",Salinas
4569,2016,7/7/16,2016-07-07T15:49:00Z,Thursday,EAST LAUREL DR,BOLERO AV,NA,Y,NA,NA,3,0,2,A,3,D,C,A,H,A,N,N,N,N,N,0,2,0,0,0,0,0,0,0,SALINAS,-121.63873,36.69643007,"c(-121.63873, 36.69643007)",Salinas
4570,2016,7/9/16,2016-07-09T22:35:00Z,Saturday,EAST MARKET ST,PEACH DR,W,N,NA,NA,4,0,1,A,3,C,C,A,H,C,N,N,N,N,N,0,0,1,0,0,0,0,0,0,SALINAS,-121.648242,36.67860579,"c(-121.648242, 36.67860579)",Salinas
4571,2016,7/16/16,2016-07-16T23:50:00Z,Saturday,EAST ALISAL,SOUTH FILICE,NA,Y,NA,NA,2,0,2,A,9,D,C,A,H,C,N,N,N,N,Y,1,0,1,0,0,0,0,0,0,SALINAS,-121.6303799,36.67319001,"c(-121.6303799, 36.67319001)",Salinas
4572,2016,7/23/16,2016-07-23T14:54:00Z,Saturday,EAST ALISAL ST,WORK ST,NA,Y,NA,NA,3,0,3,A,12,D,C,A,H,A,N,N,N,N,N,0,1,2,0,0,0,0,0,0,SALINAS,-121.6433899,36.67449002,"c(-121.6433899, 36.67449002)",Salinas
4573,2016,7/22/16,2016-07-22T19:21:00Z,Friday,WILLIAMS RD,EAST MARKET ST,N,N,NA,NA,4,0,1,A,7,D,C,A,H,A,N,N,N,N,N,0,0,1,0,0,0,0,0,0,SALINAS,-121.61492,36.67515847,"c(-121.61492, 36.67515847)",Salinas
4574,2016,7/10/16,2016-07-10T16:15:00Z,Sunday,LAS CASITAS DR,RANCHERO DR,NA,Y,NA,NA,2,0,1,D,0,D,G,A,H,A,N,Y,N,N,N,1,0,0,0,0,0,1,0,0,SALINAS,-121.6137899,36.69512003,"c(-121.6137899, 36.69512003)",Salinas
4575,2016,7/22/16,2016-07-22T00:56:00Z,Friday,NATIVIDAD RD,LOS COCHES AV,N,N,NA,NA,4,0,1,A,1,A,I,A,H,C,N,N,N,N,Y,0,0,1,0,0,0,0,0,0,SALINAS,-121.6273477,36.70724508,"c(-121.6273477, 36.70724508)",Salinas
4576,2016,7/10/16,2016-07-10T15:24:00Z,Sunday,NORTH MAIN ST,WEST CURTIS ST,S,N,NA,NA,4,0,1,A,3,C,C,A,H,A,N,N,N,N,N,0,0,1,0,0,0,0,0,0,SALINAS,-121.6524138,36.70134643,"c(-121.6524138, 36.70134643)",Salinas
4577,2016,7/2/16,2016-07-02T21:36:00Z,Saturday,EAST LAKE ST,NORTH MAIN ST,E,N,NA,NA,4,0,1,A,3,B,E,A,H,D,N,N,N,N,N,0,0,1,0,0,0,0,0,0,SALINAS,-121.6543237,36.67984852,"c(-121.6543237, 36.67984852)",Salinas
4578,2016,7/20/16,2016-07-20T14:17:00Z,Wednesday,SOUTH SANBORN RD,ABBOTT,N,N,NA,NA,4,0,1,A,8,D,C,A,H,A,N,N,N,N,N,0,0,1,0,0,0,0,0,0,SALINAS,-121.6349742,36.65852172,"c(-121.6349742, 36.65852172)",Salinas
4579,2016,7/21/16,2016-07-21T15:14:00Z,Thursday,EAST MARKET ST,KINGS ST,E,N,NA,NA,4,0,6,A,4,C,C,A,H,A,N,N,N,N,N,0,0,6,0,0,0,0,0,0,SALINAS,-121.6387082,36.67724936,"c(-121.6387082, 36.67724936)",Salinas
4580,2016,7/21/16,2016-07-21T17:26:00Z,Thursday,DAVIS RD,LEMOS DR,N,N,NA,NA,4,0,1,A,3,C,C,A,H,A,N,N,N,N,N,0,0,1,0,0,0,0,0,0,SALINAS,-121.6785715,36.6744276,"c(-121.6785715, 36.6744276)",Other Unincorporated
4581,2016,7/21/16,2016-07-21T22:46:00Z,Thursday,EAST BERNAL DR,NORTH MAIN ST,E,N,NA,NA,4,0,2,A,3,C,C,A,H,C,N,N,N,N,N,0,0,2,0,0,0,0,0,0,SALINAS,-121.6521778,36.68996523,"c(-121.6521778, 36.68996523)",Salinas
4582,2016,7/28/16,2016-07-28T06:17:00Z,Thursday,HARDEN PKWY,NORTH MAIN ST,E,N,NA,NA,4,0,1,A,17,A,C,A,H,B,N,N,N,N,N,0,0,1,0,0,0,0,0,0,SALINAS,-121.6518147,36.71357685,"c(-121.6518147, 36.71357685)",Salinas
4583,2016,7/23/16,2016-07-23T17:37:00Z,Saturday,HARDEN PKWY,REGENCY,NA,Y,NA,NA,3,0,1,A,10,G,B,B,H,A,Y,N,N,N,N,0,1,0,0,1,0,0,0,0,SALINAS,-121.6492599,36.71347008,"c(-121.6492599, 36.71347008)",Salinas
4584,2016,8/10/16,2016-08-10T17:34:00Z,Wednesday,CAMINO REAL,11TH AV,NA,Y,NA,NA,3,0,1,A,11,G,B,B,H,A,Y,N,N,N,N,0,1,0,0,1,0,0,0,0,CARMEL,-121.9260999,36.54884008,"c(-121.9260999, 36.54884008)",Carmel-by-the-Sea
4585,2016,9/2/16,2016-09-02T21:23:00Z,Friday,MUNRAS AV,ALAMEDA ST,NA,Y,NA,NA,3,0,1,A,9,A,G,A,H,C,N,Y,N,N,N,0,1,0,0,0,0,1,0,0,MONTEREY,-121.8979299,36.5887001,"c(-121.8979299, 36.5887001)",Monterey
4586,2016,9/6/16,2016-09-06T08:58:00Z,Tuesday,DEL MONTE AV,ENGLISH AV,NA,Y,NA,NA,4,0,1,A,3,C,C,A,H,A,N,N,N,N,N,0,0,1,0,0,0,0,0,0,MONTEREY,-121.8607199,36.60482009,"c(-121.8607199, 36.60482009)",Monterey
4587,2016,8/30/16,2016-08-30T07:37:00Z,Tuesday,PACIFIC ST,SCOTT ST,NA,Y,NA,NA,4,0,1,A,10,A,G,A,H,A,N,Y,N,N,N,0,0,1,0,0,0,1,0,0,MONTEREY,-121.89537,36.60318007,"c(-121.89537, 36.60318007)",Monterey
4588,2016,8/31/16,2016-08-31T11:49:00Z,Wednesday,PACIFIC ST,FRANKLIN ST,NA,Y,NA,NA,4,0,3,A,9,A,C,A,H,A,N,N,N,N,N,0,0,3,0,0,0,0,0,0,MONTEREY,-121.89581,36.60019011,"c(-121.89581, 36.60019011)",Monterey
4589,2016,9/6/16,2016-09-06T17:34:00Z,Tuesday,NORTH FREMONT ST,RAMONA AV,E,N,NA,NA,4,0,2,A,3,C,C,A,H,A,N,N,N,N,N,0,0,2,0,0,0,0,0,0,MONTEREY,-121.855942,36.59725892,"c(-121.855942, 36.59725892)",Monterey
4590,2016,9/10/16,2016-09-10T15:20:00Z,Saturday,HAWTHORNE ST,MCCLELLAN AV,NA,Y,NA,NA,4,0,2,A,9,A,C,A,H,A,N,N,N,N,N,0,0,2,0,0,0,0,0,0,MONTEREY,-121.90169,36.61204005,"c(-121.90169, 36.61204005)",Monterey
4591,2016,6/24/16,2016-06-24T07:56:00Z,Friday,218,DEL MONTE BL,W,N,218,H,4,0,1,A,3,C,C,A,H,A,N,N,N,N,N,0,0,1,0,0,0,0,0,0,SEASIDE,-121.8559619,36.60756945,"c(-121.8559619, 36.60756945)",Seaside
4592,2016,6/25/16,2016-06-25T14:08:00Z,Saturday,LA SALLE AV,FREMONT BL,W,N,NA,NA,3,0,1,A,NA,D,G,A,H,A,N,Y,N,N,N,0,1,0,0,0,0,1,0,0,SEASIDE,-121.8423143,36.61691833,"c(-121.8423143, 36.61691833)",Seaside
4593,2016,7/28/16,2016-07-28T16:08:00Z,Thursday,FREMONT BL,PALM AV,N,N,NA,NA,3,0,1,A,8,G,G,A,H,A,N,Y,N,N,N,0,1,0,0,0,0,1,0,0,SEASIDE,-121.8460431,36.60841257,"c(-121.8460431, 36.60841257)",Seaside
4594,2016,7/20/16,2016-07-20T16:38:00Z,Wednesday,NOCHE BUENA ST,TRINITY AV,NA,Y,NA,NA,4,0,1,A,9,A,C,A,H,A,N,N,N,N,N,0,0,1,0,0,0,0,0,0,SEASIDE,-121.83785,36.60461001,"c(-121.83785, 36.60461001)",Seaside
4595,2016,7/5/16,2016-07-05T15:11:00Z,Tuesday,NORMANDY RD,CHAPEL RD,NA,Y,NA,NA,4,0,1,A,12,C,C,A,H,A,N,N,N,N,N,0,0,1,0,0,0,0,0,0,SEASIDE,-121.8078899,36.63726005,"c(-121.8078899, 36.63726005)",Seaside
4596,2016,7/22/16,2016-07-22T22:16:00Z,Friday,CHAPARRAL ST,NATIVIDAD RD,NA,Y,NA,NA,4,0,1,A,12,D,D,A,H,C,N,N,N,N,Y,0,0,1,0,0,0,0,0,0,SALINAS,-121.6345199,36.70013003,"c(-121.6345199, 36.70013003)",Salinas
4597,2016,6/26/16,2016-06-26T11:53:00Z,Sunday,101,RT 101,NA,Y,101,R,4,0,1,A,4,C,C,A,H,A,N,N,N,N,N,0,0,1,0,0,0,0,0,0,SALINAS,-121.6608095,36.7178574,"c(-121.6608095, 36.7178574)",Salinas
4598,2016,6/30/16,2016-06-30T19:13:00Z,Thursday,NORTH MAIN ST,HARDEN PKWY,S,N,NA,NA,4,0,1,A,9,D,C,A,H,A,N,N,N,N,N,0,0,1,0,0,0,0,0,0,SALINAS,-121.6542201,36.71166084,"c(-121.6542201, 36.71166084)",Salinas
4599,2016,6/30/16,2016-06-30T07:47:00Z,Thursday,WILLIAMS RD,ALMA AV,N,N,NA,NA,4,0,1,A,21,G,B,D,H,A,Y,N,N,N,N,0,0,1,0,1,0,0,0,0,SALINAS,-121.6093625,36.67832553,"c(-121.6093625, 36.67832553)",Salinas
4600,2016,6/29/16,2016-06-29T20:17:00Z,Wednesday,SALINAS ST,WEST SAN LUIS ST,NA,Y,NA,NA,4,0,1,A,12,D,C,A,H,A,N,N,N,N,N,0,0,1,0,0,0,0,0,0,SALINAS,-121.6556599,36.67181007,"c(-121.6556599, 36.67181007)",Salinas
4601,2016,7/1/16,2016-07-01T21:23:00Z,Friday,NORTH SANBORN RD,FREEDOM PKWY,NA,Y,NA,NA,4,0,4,A,12,D,C,A,H,C,N,N,N,N,N,0,0,4,0,0,0,0,0,0,SALINAS,-121.6013499,36.69213004,"c(-121.6013499, 36.69213004)",Salinas
4602,2016,7/11/16,2016-07-11T17:01:00Z,Monday,NORTH DAVIS RD,POST DR,NA,Y,NA,NA,4,0,1,A,12,D,C,A,H,A,N,N,N,N,N,0,0,1,0,0,0,0,0,0,SALINAS,-121.66876,36.69607005,"c(-121.66876, 36.69607005)",Salinas
4603,2016,7/1/16,2016-07-01T00:35:00Z,Friday,101,RT 101,W,N,101,R,4,0,5,A,1,C,C,A,H,C,N,N,N,N,Y,0,0,5,0,0,0,0,0,0,SALINAS,-121.6608095,36.7178574,"c(-121.6608095, 36.7178574)",Salinas
4604,2016,7/16/16,2016-07-16T13:16:00Z,Saturday,183,STATION PL,NA,Y,183,I,4,0,1,A,4,C,C,A,H,A,N,N,N,N,N,0,0,1,0,0,0,0,0,0,SALINAS,-121.6585756,36.67852854,"c(-121.6585756, 36.67852854)",Salinas