X1,ACCIDENT_YEAR,COLLISION_DATE,COLLISION_TIME,DAY_OF_WEEK,PRIMARY_RD,SECONDARY_RD,DIRECTION,INTERSECTION,STATE_ROUTE,LOCATION_TYPE,COLLISION_SEVERITY,NUMBER_KILLED,NUMBER_INJURED,PRIMARY_COLL_FACTOR,PCF_VIOL_CATEGORY,TYPE_OF_COLLISION,MVIW,PED_ACTION,ROAD_COND_1,LIGHTING,PEDESTRIAN_ACCIDENT,BICYCLE_ACCIDENT,MOTORCYCLE_ACCIDENT,TRUCK_ACCIDENT,ALCOHOL_INVOLVED,COUNT_SEVERE_INJ,COUNT_VISIBLE_INJ,COUNT_COMPLAINT_PAIN,COUNT_PED_KILLED,COUNT_PED_INJURED,COUNT_BICYCLIST_KILLED,COUNT_BICYCLIST_INJURED,COUNT_MC_KILLED,COUNT_MC_INJURED,CITY,lon,lat,geometry,city_new
4960,2016,10/19/16,2016-10-19T07:50:00Z,Wednesday,W FRANKLIN ST,BOWEN ST,W,N,NA,NA,4,0,1,A,11,G,B,D,H,A,Y,N,N,N,N,0,0,1,0,1,0,0,0,0,MONTEREY,-121.9088015,36.60329438,"c(-121.9088015, 36.60329438)",Monterey
4961,2016,10/19/16,2016-10-19T14:54:00Z,Wednesday,NORTH FREMONT ST,AIRPORT RD,E,N,NA,NA,4,0,2,A,3,C,C,A,H,A,N,N,N,Y,N,0,0,2,0,0,0,0,0,0,MONTEREY,-121.8580458,36.5967662,"c(-121.8580458, 36.5967662)",Monterey
4962,2016,9/15/16,2016-09-15T16:52:00Z,Thursday,3RD ST,OAK AV,N,N,NA,NA,2,0,1,A,9,G,G,A,H,A,N,Y,N,N,N,1,0,0,0,0,0,1,0,0,GREENFIELD,-121.2360908,36.32825936,"c(-121.2360908, 36.32825936)",Greenfield
4963,2016,10/19/16,2016-10-19T17:20:00Z,Wednesday,5TH ST,BELDEN ST,NA,Y,NA,NA,3,0,1,A,9,A,C,A,H,A,N,N,N,N,N,0,1,0,0,0,0,0,0,0,GONZALES,-121.44473,36.50815003,"c(-121.44473, 36.50815003)",Gonzales
4964,2017,5/8/17,2017-05-08T14:45:00Z,Monday,MAHER ROAD,ECHO VALLEY ROAD,W,N,NA,NA,4,0,1,A,3,C,C,A,H,A,N,N,N,N,N,0,0,1,0,0,0,0,0,0,ROYAL OAKS,-121.6657906,36.82633043,"c(-121.6657906, 36.82633043)",Royal Oake
4965,2017,5/7/17,2017-05-07T05:50:00Z,Sunday,101,MAIN STREET,N,N,NA,NA,2,0,1,A,8,E,I,A,H,B,N,N,N,N,N,1,0,0,0,0,0,0,0,0,SALINAS,-121.5192203,36.57045494,"c(-121.5192203, 36.57045494)",Other Unincorporated
4966,2017,5/7/17,2017-05-07T01:25:00Z,Sunday,101,DUNBARTON RD.,S,N,101,NA,3,0,1,A,1,F,A,A,H,D,N,N,N,N,Y,0,1,0,0,0,0,0,0,0,SALINAS,-121.6330021,36.84150165,"c(-121.6330021, 36.84150165)",Other Unincorporated
4967,2017,5/6/17,2017-05-06T19:50:00Z,Saturday,SAN MIGUEL CANYON ROAD,DIRT ROAD,S,N,NA,NA,3,0,3,A,9,D,C,A,H,A,N,N,Y,N,N,0,1,2,0,0,0,0,0,1,ROYAL OAKS,-121.67945,36.83205959,"c(-121.67945, 36.83205959)",Royal Oake
4968,2017,5/8/17,2017-05-08T06:20:00Z,Monday,HITCHCOCK ROAD,DAVIS ROAD,E,N,NA,NA,4,0,2,A,6,D,C,A,H,A,N,N,N,N,N,0,0,2,0,0,0,0,0,0,SALINAS,-121.686796,36.65608863,"c(-121.686796, 36.65608863)",Other Unincorporated
4969,2017,5/11/17,2017-05-11T23:05:00Z,Thursday,68,RIVER ROAD,W,N,68,NA,3,0,2,A,1,F,I,A,H,C,N,N,N,N,Y,0,1,1,0,0,0,0,0,0,SALINAS,-121.6849122,36.62130107,"c(-121.6849122, 36.62130107)",Other Unincorporated
4970,2017,5/9/17,2017-05-09T19:50:00Z,Tuesday,PINE CANYON RD. W/B,ROYAL DR.,E,N,NA,NA,4,0,1,A,3,C,C,A,H,A,N,N,N,N,N,0,0,1,0,0,0,0,0,0,KING CITY,-121.15047,36.18379,"c(-121.15047, 36.18379)",Other Unincorporated
4971,2017,5/12/17,2017-05-12T06:45:00Z,Friday,DOLAN RD,SR-1,E,N,NA,NA,4,0,3,A,4,C,C,A,H,A,N,N,N,N,N,0,0,3,0,0,0,0,0,0,MOSS LANDING,-121.7803484,36.80327278,"c(-121.7803484, 36.80327278)",Moss Landing
4972,2017,5/12/17,2017-05-12T12:00:00Z,Friday,1,RIO RD,N,N,1,NA,4,0,2,A,3,C,C,A,H,A,N,N,N,N,N,0,0,2,0,0,0,0,0,0,CARMEL,-121.9099641,36.53976203,"c(-121.9099641, 36.53976203)",Other Unincorporated
4973,2017,5/12/17,2017-05-12T08:19:00Z,Friday,ARROYO SECO ROAD,US-101 SOUTHBOUND,NA,Y,NA,NA,3,0,3,A,9,D,C,A,H,A,N,N,N,N,N,0,2,1,0,0,0,0,0,0,SOLEDAD,-121.3166999,36.40332,"c(-121.3166999, 36.40332)",Other Unincorporated
4974,2017,5/10/17,2017-05-10T17:23:00Z,Wednesday,DAVIS ROAD,BLANCO ROAD,S,N,NA,NA,4,0,1,A,3,B,C,A,H,A,N,N,N,Y,N,0,0,1,0,0,0,0,0,0,SALINAS,-121.6864589,36.66528044,"c(-121.6864589, 36.66528044)",Other Unincorporated
4975,2017,5/11/17,2017-05-11T16:37:00Z,Thursday,SAN JUAN ROAD,ALLISON STREET,NA,Y,NA,NA,2,0,1,A,9,D,C,A,H,A,N,N,N,N,N,1,0,0,0,0,0,0,0,0,PAJARO,-121.7361999,36.90424008,"c(-121.7361999, 36.90424008)",Pajaro
4976,2017,5/3/17,2017-05-03T09:12:00Z,Wednesday,1,WILL CREEK ROAD,S,N,1,NA,2,0,1,A,1,F,A,A,D,A,N,N,Y,N,Y,1,0,0,0,0,0,0,0,1,BIG SUR,-121.4521479,35.88171247,"c(-121.4521479, 35.88171247)",Big Sur
4977,2017,5/14/17,2017-05-14T13:35:00Z,Sunday,DAVIS RD.,BLANCO RD.,NA,Y,NA,NA,4,0,1,A,21,C,C,A,H,A,N,N,N,N,N,0,0,1,0,0,0,0,0,0,SALINAS,-121.68511,36.6668,"c(-121.68511, 36.6668)",Other Unincorporated
4978,2017,5/13/17,2017-05-13T18:55:00Z,Saturday,1,JETTY RD.,NA,Y,1,NA,4,0,1,A,9,D,C,A,H,A,N,N,N,N,N,0,0,1,0,0,0,0,0,0,MOSS LANDING,-121.7859075,36.81697019,"c(-121.7859075, 36.81697019)",Moss Landing
4979,2017,5/16/17,2017-05-16T22:20:00Z,Tuesday,101,SAN JUAN RD,S,N,101,NA,4,0,1,A,8,E,I,A,H,C,N,N,N,N,N,0,0,1,0,0,0,0,0,0,AROMAS,-121.6350727,36.85254508,"c(-121.6350727, 36.85254508)",Other Unincorporated
4980,2017,5/16/17,2017-05-16T18:00:00Z,Tuesday,WEST BLANCO ROAD,HITCHCOCK ROAD,E,N,NA,NA,4,0,1,A,3,C,C,A,H,A,N,N,N,N,N,0,0,1,0,0,0,0,0,0,SALINAS,-121.700004,36.6752321,"c(-121.700004, 36.6752321)",Other Unincorporated
4981,2017,5/16/17,2017-05-16T19:30:00Z,Tuesday,ELKHORN RD.,WERNER RD.,NA,Y,NA,NA,3,0,1,A,9,A,C,A,H,B,N,N,N,N,N,0,1,0,0,0,0,0,0,0,ROYAL OAKS,-121.7472299,36.87898004,"c(-121.7472299, 36.87898004)",Royal Oake
4982,2017,5/17/17,2017-05-17T16:15:00Z,Wednesday,GRANT ST,JACKSON ST,S,N,NA,NA,4,0,2,A,3,C,C,A,H,A,N,N,N,N,N,0,0,2,0,0,0,0,0,0,CHUALAR,-121.5183031,36.57019822,"c(-121.5183031, 36.57019822)",Chualar
4983,2017,5/19/17,2017-05-19T04:49:00Z,Friday,101,GOULD ROAD,NA,Y,101,NA,1,1,0,A,3,D,C,A,H,D,N,N,N,Y,N,0,0,0,0,0,0,0,0,0,SALINAS,-121.611495,36.64537313,"c(-121.611495, 36.64537313)",Other Unincorporated
4984,2017,5/21/17,2017-05-21T13:19:00Z,Sunday,101,PRUNEDALE SOUTH RD O/C,S,N,NA,NA,2,0,2,A,3,C,C,A,H,A,N,N,Y,N,N,1,1,0,0,0,0,0,0,2,SALINAS,-121.6679098,36.76544612,"c(-121.6679098, 36.76544612)",Other Unincorporated
4985,2017,5/18/17,2017-05-18T18:30:00Z,Thursday,RIO ROAD,STATE ROUTE 1,NA,Y,NA,NA,4,0,1,A,7,B,C,A,H,A,N,N,N,N,N,0,0,1,0,0,0,0,0,0,CARMEL,-121.9102399,36.53941005,"c(-121.9102399, 36.53941005)",Other Unincorporated
4986,2017,5/16/17,2017-05-16T21:13:00Z,Tuesday,1,OCEAN AVENUE,S,N,1,NA,3,0,1,A,8,E,I,A,H,C,N,N,N,N,N,0,1,0,0,0,0,0,0,0,CARMEL,-121.9108528,36.55392744,"c(-121.9108528, 36.55392744)",Other Unincorporated
4987,2017,5/21/17,2017-05-21T12:51:00Z,Sunday,CARMEL VALLEY ROAD,LAURELES GRADE,W,N,NA,NA,3,0,1,A,8,F,A,A,G,A,N,Y,N,N,N,0,1,0,0,0,0,1,0,0,CARMEL VALLEY,-121.7570776,36.50127676,"c(-121.7570776, 36.50127676)",Carmel Valley
4988,2017,5/22/17,2017-05-22T16:28:00Z,Monday,BLANCO ROAD,COOPER ROAD,E,N,NA,NA,4,0,1,A,21,C,C,A,H,A,N,N,N,N,N,0,0,1,0,0,0,0,0,0,SALINAS,-121.7224138,36.67871005,"c(-121.7224138, 36.67871005)",Other Unincorporated
4989,2017,5/18/17,2017-05-18T21:33:00Z,Thursday,OLD STAGE RD.,IVERSON RD.,S,N,NA,NA,3,0,1,A,8,F,A,A,H,D,N,N,N,N,N,0,1,0,0,0,0,0,0,0,GONZALES,-121.472161,36.54904602,"c(-121.472161, 36.54904602)",Other Unincorporated
4990,2017,5/21/17,2017-05-21T05:20:00Z,Sunday,RIVER RD,CHUALAR RIVER RD,S,N,NA,NA,3,0,1,A,8,F,A,A,H,B,N,N,N,N,N,0,1,0,0,0,0,0,0,0,SALINAS,-121.5373068,36.53314367,"c(-121.5373068, 36.53314367)",Other Unincorporated
4991,2017,5/22/17,2017-05-22T17:20:00Z,Monday,101,MARKET ST.,N,N,101,NA,4,0,1,A,3,C,C,A,H,A,N,N,N,N,N,0,0,1,0,0,0,0,0,0,SALINAS,-121.641619,36.67859897,"c(-121.641619, 36.67859897)",Salinas
4992,2017,5/25/17,2017-05-25T17:40:00Z,Thursday,101,MARKET ST.,S,N,101,NA,4,0,1,A,3,C,C,A,H,A,N,N,N,N,N,0,0,1,0,0,0,0,0,0,SALINAS,-121.6410555,36.67672419,"c(-121.6410555, 36.67672419)",Salinas
4993,2017,5/23/17,2017-05-23T16:40:00Z,Tuesday,1,MOLERA ROAD,S,N,1,NA,4,0,2,A,3,C,C,A,H,A,N,N,N,N,N,0,0,2,0,0,0,0,0,0,CASTROVILLE,-121.7760854,36.77899167,"c(-121.7760854, 36.77899167)",Castroville
4994,2016,10/14/16,2016-10-14T17:46:00Z,Friday,NORTH SANBORN RD,CEDAR ST,S,N,NA,NA,3,0,1,A,3,C,C,A,H,NA,N,N,N,N,N,0,1,0,0,0,0,0,0,0,SALINAS,-121.6263128,36.67759272,"c(-121.6263128, 36.67759272)",Salinas
4995,2016,10/7/16,2016-10-07T18:51:00Z,Friday,WILLIAMS RD,GRANDHAVEN ST,E,N,NA,NA,4,0,1,A,10,G,B,B,H,A,Y,N,N,N,Y,0,0,1,0,1,0,0,0,0,SALINAS,-121.6118872,36.67687845,"c(-121.6118872, 36.67687845)",Salinas
4996,2016,10/6/16,2016-10-06T07:56:00Z,Thursday,RAINIER ST,LINWOOD ST,NA,Y,NA,NA,4,0,1,A,12,G,G,A,H,NA,N,Y,N,N,N,0,0,1,0,0,0,1,0,0,SALINAS,-121.64222,36.70282003,"c(-121.64222, 36.70282003)",Salinas
4997,2016,10/6/16,2016-10-06T08:05:00Z,Thursday,MASSA ST,BRUTUS ST,NA,Y,NA,NA,4,0,1,A,9,D,C,A,H,A,N,N,N,N,N,0,0,1,0,0,0,0,0,0,SALINAS,-121.65713,36.72576002,"c(-121.65713, 36.72576002)",Salinas
4998,2016,10/3/16,2016-10-03T08:49:00Z,Monday,E ALISAL ST,EAST MARKET ST,NA,Y,NA,NA,3,0,2,A,9,D,C,A,H,A,N,N,N,N,N,0,1,1,0,0,0,0,0,0,SALINAS,-121.6135499,36.67262008,"c(-121.6135499, 36.67262008)",Salinas
4999,2016,10/4/16,2016-10-04T06:16:00Z,Tuesday,EAST LAUREL DR,RAMONA AV,NA,Y,NA,NA,3,0,1,A,11,G,B,D,H,C,Y,N,N,N,N,0,1,0,0,1,0,0,0,0,SALINAS,-121.6395099,36.69660011,"c(-121.6395099, 36.69660011)",Salinas
5000,2016,10/3/16,2016-10-03T13:30:00Z,Monday,SOUTH MAIN ST,WINHAM ST,NA,Y,NA,NA,4,0,1,A,3,C,C,A,H,A,N,N,N,N,N,0,0,1,0,0,0,0,0,0,SALINAS,-121.6550299,36.67025006,"c(-121.6550299, 36.67025006)",Salinas
5001,2016,11/5/16,2016-11-05T13:33:00Z,Saturday,SOLEDAD DR,MUNRAS,E,N,NA,NA,4,0,2,A,9,D,C,A,H,A,N,N,N,N,N,0,0,2,0,0,0,0,0,0,MONTEREY,-121.9013917,36.58308527,"c(-121.9013917, 36.58308527)",Monterey
5002,2016,10/15/16,2016-10-15T18:53:00Z,Saturday,4TH ST,PALM AV,W,N,NA,NA,4,0,1,A,3,D,C,A,H,A,N,N,N,N,N,0,0,1,0,0,0,0,0,0,SOLEDAD,-121.3156699,36.42252007,"c(-121.3156699, 36.42252007)",Soledad
5003,2016,10/28/16,2016-10-28T15:28:00Z,Friday,LIGHTHOUSE AV,DAVID AV,S,N,NA,NA,4,0,1,A,10,A,B,B,H,A,Y,N,N,N,N,0,0,1,0,1,0,0,0,0,MONTEREY,-121.9044642,36.61678324,"c(-121.9044642, 36.61678324)",Monterey
5004,2016,10/31/16,2016-10-31T19:46:00Z,Monday,SOLEDAD DR,MUNRAS AV,E,N,NA,NA,4,0,1,A,3,C,C,A,H,C,N,N,N,N,N,0,0,1,0,0,0,0,0,0,MONTEREY,-121.9018383,36.58334673,"c(-121.9018383, 36.58334673)",Monterey
5005,2016,11/3/16,2016-11-03T07:17:00Z,Thursday,68,OLMSTED RD,E,N,68,H,4,0,1,A,3,C,C,A,H,A,N,N,N,N,N,0,0,1,0,0,0,0,0,0,MONTEREY,-121.8493957,36.58399193,"c(-121.8493957, 36.58399193)",Monterey
5006,2017,5/25/17,2017-05-25T13:50:00Z,Thursday,INDIAN VALLEY RD.,BIG SANDY RD,N,N,NA,NA,4,0,1,A,8,F,A,A,H,A,N,Y,N,N,N,0,0,1,0,0,0,1,0,0,PARKFIELD,-120.6457572,36.00654599,"c(-120.6457572, 36.00654599)",Parkfield
5007,2017,5/21/17,2017-05-21T05:45:00Z,Sunday,101,SOMAVIA RD,N,N,101,NA,3,0,2,A,1,C,C,A,H,B,N,N,N,N,Y,0,1,1,0,0,0,0,0,0,SALINAS,-121.5472139,36.5973394,"c(-121.5472139, 36.5973394)",Other Unincorporated
5008,2017,5/23/17,2017-05-23T18:10:00Z,Tuesday,RIVER ROAD,BERRY DRIVE,N,N,NA,NA,4,0,2,A,3,C,C,A,H,A,N,N,N,N,N,0,0,2,0,0,0,0,0,0,SALINAS,-121.6316291,36.60050204,"c(-121.6316291, 36.60050204)",Other Unincorporated
5009,2017,5/24/17,2017-05-24T19:33:00Z,Wednesday,DAVIS ROAD,RESERVATION ROAD,S,N,NA,NA,3,0,1,A,3,C,C,A,H,A,N,N,N,Y,N,0,1,0,0,0,0,0,0,0,SALINAS,-121.70654,36.64174,"c(-121.70654, 36.64174)",Other Unincorporated
5010,2017,5/24/17,2017-05-24T07:15:00Z,Wednesday,1,IMJIN PARKWAY,N,N,1,NA,4,0,2,A,3,C,C,A,H,A,N,N,N,N,N,0,0,2,0,0,0,0,0,0,MARINA,-121.8130591,36.66972864,"c(-121.8130591, 36.66972864)",Marina
5011,2017,5/20/17,2017-05-20T19:30:00Z,Saturday,METZ RD.,TOPO RD.,S,N,NA,NA,3,0,4,A,8,E,I,A,H,A,N,N,N,N,N,0,2,2,0,0,0,0,0,0,SOLEDAD,-121.2116679,36.35507848,"c(-121.2116679, 36.35507848)",Other Unincorporated
5012,2017,5/29/17,2017-05-29T14:00:00Z,Monday,101,LAUREL DRIVE,S,N,NA,NA,3,0,1,A,8,F,A,A,H,A,N,N,N,N,N,0,1,0,0,0,0,0,0,0,SALINAS,-121.6642099,36.69691325,"c(-121.6642099, 36.69691325)",Salinas
5013,2017,5/29/17,2017-05-29T14:20:00Z,Monday,MCFADDEN ROAD,COOPER ROAD,E,N,NA,NA,4,0,1,A,9,D,C,A,H,A,N,N,N,N,N,0,0,1,0,0,0,0,0,0,SALINAS,-121.7214608,36.69318204,"c(-121.7214608, 36.69318204)",Other Unincorporated
5014,2017,5/26/17,2017-05-26T06:25:00Z,Friday,101,DUNBARTON RD.,S,N,NA,NA,4,0,1,A,8,B,I,A,H,A,N,N,N,N,N,0,0,1,0,0,0,0,0,0,SALINAS,-121.6343605,36.8447454,"c(-121.6343605, 36.8447454)",Other Unincorporated
5015,2017,5/26/17,2017-05-26T10:25:00Z,Friday,1,MOSS LANDING ROAD,N,N,1,NA,2,0,5,A,5,A,C,A,H,A,N,N,N,N,N,2,2,1,0,0,0,0,0,0,MOSS LANDING,-121.7834851,36.80120266,"c(-121.7834851, 36.80120266)",Moss Landing
5016,2016,10/28/16,2016-10-28T08:07:00Z,Friday,5TH ST,GABILAN ST,NA,Y,NA,NA,4,0,1,A,10,G,B,B,H,A,Y,N,N,N,N,0,0,1,0,1,0,0,0,0,GONZALES,-121.43976,36.51183004,"c(-121.43976, 36.51183004)",Gonzales
5017,2016,10/25/16,2016-10-25T14:06:00Z,Tuesday,LIGHTHOUSE AV,HOFFMAN AV,S,N,NA,NA,4,0,1,A,10,G,B,B,H,A,Y,N,N,N,N,0,0,1,0,1,0,0,0,0,MONTEREY,-121.9016927,36.61353958,"c(-121.9016927, 36.61353958)",Monterey
5018,2016,10/28/16,2016-10-28T09:58:00Z,Friday,VIRGIN AV,DEL MONTE AV,S,N,NA,NA,4,0,1,A,10,G,B,B,H,A,Y,N,N,N,N,0,0,1,0,1,0,0,0,0,MONTEREY,-121.8598232,36.60518382,"c(-121.8598232, 36.60518382)",Monterey
5019,2016,10/30/16,2016-10-30T01:45:00Z,Sunday,LIGHTHOUSE AV,HOFFMAN AV,NA,Y,NA,NA,4,0,3,A,1,C,C,A,H,C,N,N,N,N,Y,0,0,3,0,0,0,0,0,0,MONTEREY,-121.9017099,36.61356008,"c(-121.9017099, 36.61356008)",Monterey
5020,2016,10/24/16,2016-10-24T21:40:00Z,Monday,68,OLMSTED RD,W,N,68,H,2,0,1,C,18,E,I,A,H,D,N,N,N,N,Y,1,0,0,0,0,0,0,0,0,MONTEREY,-121.8530281,36.58352308,"c(-121.8530281, 36.58352308)",Monterey
5021,2016,10/30/16,2016-10-30T11:32:00Z,Sunday,IMJIN PKWY,CALIFORNIA AV,E,N,NA,NA,3,0,1,A,1,E,I,A,H,A,N,N,N,N,Y,0,1,0,0,0,0,0,0,0,MARINA,-121.7957007,36.66559619,"c(-121.7957007, 36.66559619)",Marina
5022,2016,10/26/16,2016-10-26T14:15:00Z,Wednesday,DEL MONTE AV,SLOAT AV,NA,Y,NA,NA,3,0,1,A,9,D,C,A,H,A,N,N,Y,N,N,0,1,0,0,0,0,0,0,1,MONTEREY,-121.87888,36.59986002,"c(-121.87888, 36.59986002)",Monterey
5023,2016,10/20/16,2016-10-20T17:05:00Z,Thursday,RESERVATION RD,CRESTVIEW CT,W,N,NA,NA,3,0,3,A,7,A,C,A,H,A,N,N,N,N,N,0,2,1,0,0,0,0,0,0,MARINA,-121.7871776,36.68170741,"c(-121.7871776, 36.68170741)",Marina
5024,2016,10/18/16,2016-10-18T15:42:00Z,Tuesday,EAST BORONDA RD,MCKINNON,E,N,NA,NA,3,0,3,A,3,C,C,A,H,A,N,N,N,N,N,0,1,2,0,0,0,0,0,0,SALINAS,-121.6435598,36.71705329,"c(-121.6435598, 36.71705329)",Salinas
5025,2016,10/14/16,2016-10-14T16:22:00Z,Friday,WILLIAMS RD,EAST MARKET ST,S,N,NA,NA,4,0,1,A,21,C,C,A,H,A,N,N,N,N,N,0,0,1,0,0,0,0,0,0,SALINAS,-121.6151266,36.6750417,"c(-121.6151266, 36.6750417)",Salinas
5026,2016,10/7/16,2016-10-07T13:51:00Z,Friday,MCKINNON ST,CHARDONNAY DR,NA,Y,NA,NA,3,0,3,A,3,C,C,A,H,A,N,N,N,N,Y,0,1,2,0,0,0,0,0,0,SALINAS,-121.64408,36.71491001,"c(-121.64408, 36.71491001)",Salinas
5027,2016,10/20/16,2016-10-20T09:25:00Z,Thursday,68,CHESTNUT ST,S,N,68,H,4,0,1,A,3,C,C,A,H,A,N,N,N,N,N,0,0,1,0,0,0,0,0,0,SALINAS,-121.6559654,36.66777786,"c(-121.6559654, 36.66777786)",Salinas
5028,2017,5/29/17,2017-05-29T17:30:00Z,Monday,1,SR-183,S,N,1,NA,4,0,1,A,3,C,C,A,H,A,N,N,N,N,N,0,0,1,0,0,0,0,0,0,CASTROVILLE,-121.7654187,36.76422883,"c(-121.7654187, 36.76422883)",Castroville
5029,2017,5/23/17,2017-05-23T18:57:00Z,Tuesday,101,BORONDA RD,S,N,101,NA,4,0,1,A,1,E,I,A,H,A,N,N,N,N,Y,0,0,1,0,0,0,0,0,0,SALINAS,-121.6640868,36.70973231,"c(-121.6640868, 36.70973231)",Salinas
5030,2017,5/29/17,2017-05-29T13:15:00Z,Monday,CARMEL VALLEY ROAD,CACHAGUA RD.,W,N,NA,NA,4,0,1,A,8,F,A,A,H,A,N,N,Y,N,N,0,0,1,0,0,0,0,0,1,CARMEL VALLEY,-121.6854647,36.44855236,"c(-121.6854647, 36.44855236)",Carmel Valley
5031,2017,5/21/17,2017-05-21T15:35:00Z,Sunday,101,NORTH MAIN STREET,S,N,101,NA,4,0,1,A,8,F,A,A,H,A,N,N,N,N,N,0,0,1,0,0,0,0,0,0,SALINAS,-121.6499254,36.68571497,"c(-121.6499254, 36.68571497)",Salinas
5032,2017,5/30/17,2017-05-30T15:20:00Z,Tuesday,SAN MIGUEL CANYON RD.,PARADISE RD.,NA,Y,NA,NA,2,0,1,A,9,D,C,A,H,A,N,N,N,N,N,1,0,0,0,0,0,0,0,0,ROYAL OAKS,-121.6758099,36.82518002,"c(-121.6758099, 36.82518002)",Royal Oake
5033,2017,5/30/17,2017-05-30T17:38:00Z,Tuesday,SAN JUAN RD,AROMAS RD,NA,Y,NA,NA,4,0,1,A,9,D,C,A,H,A,N,N,N,Y,N,0,0,1,0,0,0,0,0,0,ROYAL OAKS,-121.66189,36.88257011,"c(-121.66189, 36.88257011)",Royal Oake
5034,2017,5/30/17,2017-05-30T07:15:00Z,Tuesday,156,MONTE DEL LAGO,E,N,156,NA,4,0,1,A,3,C,C,A,H,A,N,N,N,N,N,0,0,1,0,0,0,0,0,0,CASTROVILLE,-121.7307688,36.77203564,"c(-121.7307688, 36.77203564)",Castroville
5035,2017,5/25/17,2017-05-25T18:29:00Z,Thursday,101,SOLEDAD PRISON RD O.C.,N,N,101,NA,4,0,1,A,3,C,C,A,H,A,N,N,N,N,N,0,0,1,0,0,0,0,0,0,GONZALES,-121.3881935,36.46504007,"c(-121.3881935, 36.46504007)",Other Unincorporated
5036,2017,5/28/17,2017-05-28T19:27:00Z,Sunday,CALLE DEL ADOBE,ADDINGTON LANE,NA,Y,NA,NA,3,0,1,A,9,A,C,A,H,B,N,N,N,N,Y,0,1,0,0,0,0,0,0,0,SALINAS,-121.6757,36.69949009,"c(-121.6757, 36.69949009)",Other Unincorporated
5037,2017,5/31/17,2017-05-31T19:20:00Z,Wednesday,SAN JUAN GRADE ROAD,ROGGE VILLAGE WAY,N,N,NA,NA,4,0,1,A,9,D,C,A,H,A,N,N,N,Y,N,0,0,1,0,0,0,0,0,0,SALINAS,-121.6298791,36.74329866,"c(-121.6298791, 36.74329866)",Other Unincorporated
5038,2017,5/29/17,2017-05-29T16:25:00Z,Monday,ECHO VALLEY ROAD,VIA DEL SOL ROAD,E,N,NA,NA,4,0,1,A,8,E,I,A,H,A,N,N,N,N,N,0,0,1,0,0,0,0,0,0,SALINAS,-121.6505831,36.82883953,"c(-121.6505831, 36.82883953)",Other Unincorporated
5039,2017,6/3/17,2017-06-03T14:03:00Z,Saturday,68,TORERO DR,NA,Y,68,NA,2,0,1,A,9,D,C,A,H,A,N,N,Y,N,N,1,0,0,0,0,0,0,0,1,SALINAS,-121.7045224,36.59362004,"c(-121.7045224, 36.59362004)",Other Unincorporated
5040,2017,5/22/17,2017-05-22T09:21:00Z,Monday,SAN MIGUEL CANYON RD,HALL RD,NA,Y,NA,NA,1,1,0,A,9,D,C,A,H,A,N,N,N,Y,N,0,0,0,0,0,0,0,0,0,ROYAL OAKS,-121.6951999,36.8593201,"c(-121.6951999, 36.8593201)",Royal Oake
5041,2017,6/4/17,2017-06-04T01:44:00Z,Sunday,HARRISON ROAD,MARTINES ROAD,N,N,NA,NA,2,0,2,A,1,F,A,A,H,D,N,N,N,N,Y,2,0,0,0,0,0,0,0,0,SALINAS,-121.6573145,36.74939342,"c(-121.6573145, 36.74939342)",Other Unincorporated
5042,2017,5/15/17,2017-05-15T10:55:00Z,Monday,101,LAUREL DRIVE,N,N,101,NA,4,0,1,A,3,C,C,A,H,A,N,N,N,Y,N,0,0,1,0,0,0,0,0,0,SALINAS,-121.6653792,36.706418,"c(-121.6653792, 36.706418)",Salinas
5043,2017,5/24/17,2017-05-24T05:55:00Z,Wednesday,METZ ROAD,ELM AVENUE,N,N,NA,NA,4,0,1,A,8,F,A,A,H,A,N,N,N,N,N,0,0,1,0,0,0,0,0,0,KING CITY,-121.2088366,36.35344734,"c(-121.2088366, 36.35344734)",Other Unincorporated
5044,2017,6/5/17,2017-06-05T14:20:00Z,Monday,101,UNDERWOOD RD,N,N,NA,NA,2,0,1,A,3,C,C,A,H,A,N,N,N,N,N,1,0,0,0,0,0,0,0,0,GREENFIELD,-121.2226165,36.30342504,"c(-121.2226165, 36.30342504)",Other Unincorporated
5045,2017,5/30/17,2017-05-30T22:31:00Z,Tuesday,101,5TH ST.,N,N,101,NA,3,0,1,C,18,C,C,A,H,D,N,N,N,N,N,0,1,0,0,0,0,0,0,0,GONZALES,-121.4454005,36.52029739,"c(-121.4454005, 36.52029739)",Other Unincorporated
5046,2017,5/30/17,2017-05-30T22:30:00Z,Tuesday,101,5TH STREET,N,N,101,NA,4,0,1,A,3,E,I,A,H,D,N,N,N,N,N,0,0,1,0,0,0,0,0,0,GONZALES,-121.4475707,36.52120746,"c(-121.4475707, 36.52120746)",Other Unincorporated
5047,2017,5/30/17,2017-05-30T17:00:00Z,Tuesday,SAN JUAN RD,MURPHY RD,E,N,NA,NA,3,0,1,A,8,B,G,A,H,A,N,Y,N,N,N,0,1,0,0,0,0,1,0,0,ROYAL OAKS,-121.6740912,36.8947102,"c(-121.6740912, 36.8947102)",Royal Oake
5048,2016,10/10/16,2016-10-10T19:38:00Z,Monday,NORTH MAIN ST,EAST BERNAL DR,S,N,NA,NA,4,0,1,A,1,C,C,A,H,C,N,N,N,N,Y,0,0,1,0,0,0,0,0,0,SALINAS,-121.6523268,36.68928427,"c(-121.6523268, 36.68928427)",Salinas