X1,ACCIDENT_YEAR,COLLISION_DATE,COLLISION_TIME,DAY_OF_WEEK,PRIMARY_RD,SECONDARY_RD,DIRECTION,INTERSECTION,STATE_ROUTE,LOCATION_TYPE,COLLISION_SEVERITY,NUMBER_KILLED,NUMBER_INJURED,PRIMARY_COLL_FACTOR,PCF_VIOL_CATEGORY,TYPE_OF_COLLISION,MVIW,PED_ACTION,ROAD_COND_1,LIGHTING,PEDESTRIAN_ACCIDENT,BICYCLE_ACCIDENT,MOTORCYCLE_ACCIDENT,TRUCK_ACCIDENT,ALCOHOL_INVOLVED,COUNT_SEVERE_INJ,COUNT_VISIBLE_INJ,COUNT_COMPLAINT_PAIN,COUNT_PED_KILLED,COUNT_PED_INJURED,COUNT_BICYCLIST_KILLED,COUNT_BICYCLIST_INJURED,COUNT_MC_KILLED,COUNT_MC_INJURED,CITY,lon,lat,geometry,city_new
5405,2017,8/14/17,2017-08-14T18:13:00Z,Monday,HALL ROAD,SAN MIGUEL CANYON ROAD,W,N,NA,NA,3,0,2,A,1,D,C,A,H,A,N,N,N,N,Y,0,2,0,0,0,0,0,0,0,ROYAL OAKS,-121.6987887,36.85955483,"c(-121.6987887, 36.85955483)",Royal Oake
5406,2017,8/15/17,2017-08-15T13:26:00Z,Tuesday,BLACKIE ROAD,US-101,W,N,NA,NA,4,0,1,A,1,B,C,A,H,A,N,N,N,N,Y,0,0,1,0,0,0,0,0,0,SALINAS,-121.6695715,36.77300669,"c(-121.6695715, 36.77300669)",Other Unincorporated
5407,2017,8/15/17,2017-08-15T19:05:00Z,Tuesday,SAN JUAN ROAD,SUMMERLAND ROAD,NA,Y,NA,NA,3,0,9,A,9,D,C,A,H,A,N,N,N,N,N,0,5,4,0,0,0,0,0,0,AROMAS,-121.6599199,36.86220009,"c(-121.6599199, 36.86220009)",Other Unincorporated
5408,2017,8/16/17,2017-08-16T08:25:00Z,Wednesday,1,TIOGA AVENUE O/C,N,N,NA,NA,4,0,1,A,3,C,C,A,H,A,N,N,N,N,N,0,0,1,0,0,0,0,0,0,SAND CITY,-121.84711,36.62019,"c(-121.84711, 36.62019)",Sand City
5409,2017,8/16/17,2017-08-16T16:10:00Z,Wednesday,101,AIRPORT BOULEVARD,N,N,NA,NA,4,0,1,A,3,C,C,A,H,A,N,N,N,N,N,0,0,1,0,0,0,0,0,0,SALINAS,-121.6237084,36.66196905,"c(-121.6237084, 36.66196905)",Salinas
5410,2017,8/16/17,2017-08-16T07:55:00Z,Wednesday,1,IMJIN PARKWAY,N,N,1,NA,4,0,1,A,3,C,C,A,H,A,N,N,N,N,N,0,0,1,0,0,0,0,0,0,MARINA,-121.8127601,36.67024088,"c(-121.8127601, 36.67024088)",Marina
5411,2017,8/17/17,2017-08-17T10:27:00Z,Thursday,ARMSTRONG RD.,MCFADDEN RD.,S,N,NA,NA,4,0,1,A,8,A,C,A,H,A,N,N,N,N,N,0,0,1,0,0,0,0,0,0,SALINAS,-121.7078146,36.68952747,"c(-121.7078146, 36.68952747)",Other Unincorporated
5412,2017,8/17/17,2017-08-17T13:20:00Z,Thursday,68,YORK RD..,E,N,68,NA,3,0,1,A,3,C,C,A,H,A,N,N,N,N,N,0,1,0,0,0,0,0,0,0,MONTEREY,-121.8030573,36.5704776,"c(-121.8030573, 36.5704776)",Other Unincorporated
5413,2017,8/17/17,2017-08-17T16:49:00Z,Thursday,1,SR-68 (EAST),N,N,NA,NA,4,0,1,A,3,C,C,A,H,A,N,N,N,N,N,0,0,1,0,0,0,0,0,0,CARMEL,-121.912054,36.57486522,"c(-121.912054, 36.57486522)",Other Unincorporated
5414,2017,8/17/17,2017-08-17T16:13:00Z,Thursday,68,TORERO DRIVE,W,N,68,NA,4,0,1,A,3,C,C,A,H,A,N,N,N,N,N,0,0,1,0,0,0,0,0,0,SALINAS,-121.7087662,36.59023871,"c(-121.7087662, 36.59023871)",Other Unincorporated
5415,2017,8/4/17,2017-08-04T19:00:00Z,Friday,1,40970 SR-1 BIG SUR,S,N,1,NA,3,0,2,A,3,F,A,A,H,A,N,N,N,N,N,0,1,1,0,0,0,0,0,0,CARMEL,-121.8980097,36.35205329,"c(-121.8980097, 36.35205329)",Other Unincorporated
5416,2017,8/20/17,2017-08-20T11:25:00Z,Sunday,OLD STAGE RD.,SPENCE RD.,S,N,NA,NA,2,0,2,A,12,A,C,A,H,A,N,N,N,N,N,1,0,1,0,0,0,0,0,0,SALINAS,-121.539793,36.6298463,"c(-121.539793, 36.6298463)",Other Unincorporated
5417,2017,8/19/17,2017-08-19T10:15:00Z,Saturday,101,SAN MIGUEL CANYON ROAD,N,N,101,NA,4,0,1,A,7,B,C,A,H,A,N,N,N,N,N,0,0,1,0,0,0,0,0,0,SALINAS,-121.6581248,36.80224852,"c(-121.6581248, 36.80224852)",Other Unincorporated
5418,2017,8/18/17,2017-08-18T14:23:00Z,Friday,68,BOOTS RD,E,N,68,NA,4,0,1,A,3,C,C,A,H,A,N,N,N,N,N,0,0,1,0,0,0,0,0,0,MONTEREY,-121.7777675,36.56770458,"c(-121.7777675, 36.56770458)",Other Unincorporated
5419,2017,8/18/17,2017-08-18T11:51:00Z,Friday,CARMEL VALLEY RD.,RIO RD.,NA,Y,NA,NA,4,0,1,A,10,G,B,E,H,A,Y,N,N,N,N,0,0,1,0,1,0,0,0,0,CARMEL,-121.89182,36.54273005,"c(-121.89182, 36.54273005)",Other Unincorporated
5420,2017,8/19/17,2017-08-19T01:05:00Z,Saturday,HALL ROAD,SILL ROAD,W,N,NA,NA,3,0,1,A,8,E,I,A,H,D,N,N,N,N,N,0,1,0,0,0,0,0,0,0,ROYAL OAKS,-121.7279318,36.86412785,"c(-121.7279318, 36.86412785)",Royal Oake
5421,2017,8/19/17,2017-08-19T12:00:00Z,Saturday,1,STRUVE RD,S,N,1,NA,2,0,1,A,6,B,C,A,H,A,N,N,Y,N,N,1,0,0,0,0,0,0,0,1,MOSS LANDING,-121.7711848,36.83041104,"c(-121.7711848, 36.83041104)",Moss Landing
5422,2017,8/19/17,2017-08-19T05:30:00Z,Saturday,1,SALINAS RD,N,N,1,NA,4,0,1,C,18,E,H,A,H,D,N,N,N,N,N,0,0,1,0,0,0,0,0,0,ROYAL OAKS,-121.7704447,36.87386064,"c(-121.7704447, 36.87386064)",Royal Oake
5423,2017,8/22/17,2017-08-22T09:43:00Z,Tuesday,101,AIRPORT BOULEVARD,S,N,101,NA,4,0,1,A,3,C,C,A,D,A,N,N,N,N,N,0,0,1,0,0,0,0,0,0,SALINAS,-121.620163,36.65634146,"c(-121.620163, 36.65634146)",Other Unincorporated
5424,2017,8/22/17,2017-08-22T18:10:00Z,Tuesday,BLANCO ROAD,ARMSTRONG ROAD,W,N,NA,NA,4,0,2,A,3,C,C,A,H,A,N,N,N,N,N,0,0,2,0,0,0,0,0,0,SALINAS,-121.7115211,36.67870686,"c(-121.7115211, 36.67870686)",Other Unincorporated
5425,2017,8/22/17,2017-08-22T05:05:00Z,Tuesday,HARKINS ROAD,NUTTING STREET,W,N,NA,NA,4,0,1,A,8,B,C,A,H,D,N,N,N,N,N,0,0,1,0,0,0,0,0,0,SALINAS,-121.6342404,36.6444736,"c(-121.6342404, 36.6444736)",Other Unincorporated
5426,2016,12/20/16,2016-12-20T15:18:00Z,Tuesday,DEL MONTE BL,REINDOLLAR AV,S,N,NA,NA,4,0,1,C,18,C,C,A,H,A,N,N,N,N,N,0,0,1,0,0,0,0,0,0,MARINA,-121.8059599,36.68099008,"c(-121.8059599, 36.68099008)",Marina
5427,2017,1/3/17,2017-01-03T17:56:00Z,Tuesday,VAN BUREN CIR,FRANKLIN ST,NA,Y,NA,NA,4,0,1,A,10,NA,B,B,H,C,Y,N,N,N,N,0,0,1,0,1,0,0,0,0,MONTEREY,-121.8974299,36.60057009,"c(-121.8974299, 36.60057009)",Monterey
5428,2017,1/8/17,2017-01-08T17:49:00Z,Sunday,HAWTHORNE ST,IRVING,S,N,NA,NA,3,0,1,A,10,G,B,B,H,C,Y,N,N,N,Y,0,1,0,0,1,0,0,0,0,MONTEREY,-121.9044766,36.61533407,"c(-121.9044766, 36.61533407)",Monterey
5429,2017,1/6/17,2017-01-06T13:57:00Z,Friday,DEL MONTE AV,ALVARADO ST,E,N,NA,NA,3,0,2,A,3,C,C,A,H,A,N,N,N,N,N,0,1,1,0,0,0,0,0,0,MONTEREY,-121.8939931,36.60090114,"c(-121.8939931, 36.60090114)",Monterey
5430,2017,1/6/17,2017-01-06T05:49:00Z,Friday,CALIFORNIA AV,CARMEL AV,S,N,NA,NA,4,0,1,A,12,B,G,A,H,C,N,Y,N,N,N,0,0,1,0,0,0,1,0,0,MARINA,-121.7875584,36.67690015,"c(-121.7875584, 36.67690015)",Marina
5431,2016,11/17/16,2016-11-17T07:48:00Z,Thursday,CAPI,W ALISAL ST,NA,Y,NA,NA,2,0,1,A,10,G,B,B,H,A,Y,N,N,N,N,1,0,0,0,1,0,0,0,0,SALINAS,-121.6600799,36.67311007,"c(-121.6600799, 36.67311007)",Salinas
5432,2016,11/22/16,2016-11-22T22:36:00Z,Tuesday,EAST MARKET ST,HEBBRON AV,NA,Y,NA,NA,4,0,1,A,3,C,C,A,H,C,N,N,N,N,N,0,0,1,0,0,0,0,0,0,SALINAS,-121.63172,36.67655003,"c(-121.63172, 36.67655003)",Salinas
5433,2016,11/22/16,2016-11-22T11:32:00Z,Tuesday,KERN ST,EAST MARKET ST,N,N,NA,NA,4,0,3,A,4,C,C,A,H,A,N,N,N,N,N,0,0,3,0,0,0,0,0,0,SALINAS,-121.640127,36.67779971,"c(-121.640127, 36.67779971)",Salinas
5434,2016,11/20/16,2016-11-20T01:15:00Z,Sunday,NATIVIDAD RD,EAST LAUREL DR,S,N,NA,NA,4,0,1,A,9,D,C,A,H,C,N,N,N,N,N,0,0,1,0,0,0,0,0,0,SALINAS,-121.6384931,36.69610926,"c(-121.6384931, 36.69610926)",Salinas
5435,2016,11/30/16,2016-11-30T14:54:00Z,Wednesday,ABBOTT,LOS PALOS,NA,Y,NA,NA,3,0,3,A,9,D,C,A,H,A,N,N,N,N,N,0,3,0,0,0,0,0,0,0,SALINAS,-121.6417,36.66238001,"c(-121.6417, 36.66238001)",Salinas
5436,2016,11/27/16,2016-11-27T09:27:00Z,Sunday,NORTH MAIN ST,E LAMAR ST,NA,Y,NA,NA,4,0,3,A,4,C,C,A,H,A,N,N,N,N,N,0,0,3,0,0,0,0,0,0,SALINAS,-121.65641,36.7236501,"c(-121.65641, 36.7236501)",Salinas
5437,2016,11/10/16,2016-11-10T11:09:00Z,Thursday,E ALISAL ST,KERN ST,NA,Y,NA,NA,3,0,1,A,9,D,D,A,H,A,N,N,N,N,N,0,1,0,0,0,0,0,0,0,SALINAS,-121.6402599,36.67420004,"c(-121.6402599, 36.67420004)",Salinas
5438,2016,12/19/16,2016-12-19T11:46:00Z,Monday,SHERWOOD DR,LA POSADA WY,NA,Y,NA,NA,4,0,1,A,12,NA,C,A,H,A,N,N,N,N,N,0,0,1,0,0,0,0,0,0,SALINAS,-121.6439699,36.69154007,"c(-121.6439699, 36.69154007)",Salinas
5439,2016,12/21/16,2016-12-21T20:43:00Z,Wednesday,S,FULTON WY,N,N,NA,NA,4,0,1,A,3,C,E,A,H,D,N,N,N,N,N,0,0,1,0,0,0,0,0,0,SALINAS,-121.665793,36.68689128,"c(-121.665793, 36.68689128)",Salinas
5440,2016,12/3/16,2016-12-03T16:02:00Z,Saturday,N SANBORN,GARNER AV,NA,Y,NA,NA,4,0,1,A,12,D,C,A,H,A,N,N,N,N,N,0,0,1,0,0,0,0,0,0,SALINAS,-121.6151399,36.68621007,"c(-121.6151399, 36.68621007)",Salinas
5441,2016,12/7/16,2016-12-07T17:09:00Z,Wednesday,ABBOTT ST,MERRILL ST,NA,Y,NA,NA,4,0,2,A,17,D,C,A,H,C,N,N,N,N,N,0,0,2,0,0,0,0,0,0,SALINAS,-121.6315999,36.65547006,"c(-121.6315999, 36.65547006)",Salinas
5442,2016,12/16/16,2016-12-16T23:19:00Z,Friday,NORTH MAIN ST,BORONDA RD,S,N,NA,NA,4,0,1,A,5,NA,G,A,H,C,N,Y,N,N,N,0,0,1,0,0,0,1,0,0,SALINAS,-121.6562256,36.72118025,"c(-121.6562256, 36.72118025)",Salinas
5443,2016,12/8/16,2016-12-08T18:56:00Z,Thursday,SHERWOOD DR,CALLE CEBU,S,N,NA,NA,4,0,2,A,3,C,C,A,H,C,N,N,N,N,N,0,0,2,0,0,0,0,0,0,SALINAS,-121.6502799,36.67979436,"c(-121.6502799, 36.67979436)",Salinas
5444,2016,12/27/16,2016-12-27T14:04:00Z,Tuesday,GARNER AV,MAE AV,W,N,NA,NA,4,0,1,A,3,C,C,A,H,A,N,N,N,N,Y,0,0,1,0,0,0,0,0,0,SALINAS,-121.6128511,36.68361932,"c(-121.6128511, 36.68361932)",Salinas
5445,2016,12/25/16,2016-12-25T01:02:00Z,Sunday,N SANBORN,E LAUREL RD,NA,Y,NA,NA,4,0,1,A,1,C,C,A,H,C,N,N,N,N,Y,0,0,1,0,0,0,0,0,0,SALINAS,-121.6208799,36.68294006,"c(-121.6208799, 36.68294006)",Salinas
5446,2016,12/15/16,2016-12-15T07:48:00Z,Thursday,PAJARO ST,SAN LUIS ST,N,N,NA,NA,4,0,1,A,3,F,E,A,H,A,N,N,N,N,N,0,0,1,0,0,0,0,0,0,SALINAS,-121.6522391,36.67257451,"c(-121.6522391, 36.67257451)",Salinas
5447,2016,12/16/16,2016-12-16T14:58:00Z,Friday,EL DORADO DR,BORONDA RD,NA,Y,NA,NA,4,0,2,A,12,D,C,A,H,A,N,N,N,N,N,0,0,2,0,0,0,0,0,0,SALINAS,-121.63335,36.71587001,"c(-121.63335, 36.71587001)",Salinas
5448,2016,12/21/16,2016-12-21T13:12:00Z,Wednesday,EAST BORONDA RD,DARTMOUTH WY,E,N,NA,NA,3,0,1,A,3,C,C,A,H,A,N,N,N,N,N,0,1,0,0,0,0,0,0,0,SALINAS,-121.6487139,36.71791202,"c(-121.6487139, 36.71791202)",Salinas
5449,2016,12/6/16,2016-12-06T07:55:00Z,Tuesday,E LAUREL,SANTA TERESA,E,N,NA,NA,4,0,1,A,21,NA,C,A,H,A,N,N,N,N,N,0,0,1,0,0,0,0,0,0,SALINAS,-121.6447025,36.69773313,"c(-121.6447025, 36.69773313)",Salinas
5450,2016,12/12/16,2016-12-12T14:43:00Z,Monday,NATIVIDAD RD,SARATOGA DR,NA,Y,NA,NA,2,0,2,A,9,D,C,A,H,A,N,N,N,N,N,1,1,0,0,0,0,0,0,0,SALINAS,-121.6293299,36.70527011,"c(-121.6293299, 36.70527011)",Salinas
5451,2016,12/8/16,2016-12-08T22:14:00Z,Thursday,NORTH DAVIS RD,WEST LAUREL DR,NA,Y,NA,NA,4,0,1,A,12,D,C,A,H,C,N,N,N,N,N,0,0,1,0,0,0,0,0,0,SALINAS,-121.6680899,36.6979101,"c(-121.6680899, 36.6979101)",Salinas
5452,2016,12/5/16,2016-12-05T09:52:00Z,Monday,NORTH MAIN ST,BORONDA RD,NA,Y,NA,NA,4,0,2,A,12,D,C,A,H,A,N,N,N,N,N,0,0,2,0,0,0,0,0,0,SALINAS,-121.6562299,36.72162011,"c(-121.6562299, 36.72162011)",Salinas
5453,2016,12/9/16,2016-12-09T08:14:00Z,Friday,NORTHRIDGE DR,SWANER AV,S,N,NA,NA,4,0,2,A,9,D,C,A,H,A,N,N,N,N,N,0,0,2,0,0,0,0,0,0,SALINAS,-121.65302,36.72213055,"c(-121.65302, 36.72213055)",Salinas
5454,2016,12/27/16,2016-12-27T11:02:00Z,Tuesday,SOUTH SANBORN RD,ALISAL,NA,Y,NA,NA,4,0,1,A,4,B,C,A,H,A,N,N,N,N,N,0,0,1,0,0,0,0,0,0,SALINAS,-121.6274399,36.67291007,"c(-121.6274399, 36.67291007)",Salinas
5455,2016,12/28/16,2016-12-28T11:43:00Z,Wednesday,68,GRIFFIN,W,N,NA,NA,4,0,2,A,7,B,C,A,H,A,N,N,N,N,N,0,0,2,0,0,0,0,0,0,SALINAS,-121.6414784,36.6710175,"c(-121.6414784, 36.6710175)",Salinas
5456,2016,12/11/16,2016-12-11T13:54:00Z,Sunday,MIMBRERA,NOGAL DR,E,N,NA,NA,4,0,1,A,1,A,C,A,H,A,N,N,N,N,Y,0,0,1,0,0,0,0,0,0,SALINAS,-121.6109194,36.69600148,"c(-121.6109194, 36.69600148)",Salinas
5457,2016,12/16/16,2016-12-16T16:31:00Z,Friday,7TH AV,DOLORES ST,NA,Y,NA,NA,4,0,1,A,0,G,B,E,H,A,Y,N,N,N,N,0,0,1,0,1,0,0,0,0,CARMEL,-121.9226599,36.55379,"c(-121.9226599, 36.55379)",Carmel-by-the-Sea
5458,2016,12/6/16,2016-12-06T20:17:00Z,Tuesday,SAINT ANN DR,ARCHER ST,N,N,NA,NA,4,0,1,A,3,A,E,A,H,C,N,N,N,N,N,0,0,1,0,0,0,0,0,0,SALINAS,-121.6721368,36.67590643,"c(-121.6721368, 36.67590643)",Salinas
5459,2016,12/19/16,2016-12-19T19:14:00Z,Monday,CONSTITUTION BL,EAST BORONDA RD,NA,Y,NA,NA,4,0,1,A,8,D,C,A,H,C,N,N,N,N,N,0,0,1,0,0,0,0,0,0,SALINAS,-121.6033499,36.70440001,"c(-121.6033499, 36.70440001)",Salinas
5460,2016,12/15/16,2016-12-15T14:54:00Z,Thursday,EAST MARKET ST,CROSS AV,NA,Y,NA,NA,4,0,1,A,8,D,C,A,H,A,N,N,N,N,N,0,0,1,0,0,0,0,0,0,SALINAS,-121.6141999,36.67409009,"c(-121.6141999, 36.67409009)",Salinas
5461,2016,12/21/16,2016-12-21T17:28:00Z,Wednesday,EAST MARKET ST,MIDWAY,E,N,NA,NA,3,0,1,A,11,G,B,D,H,B,Y,N,N,N,N,0,1,0,0,1,0,0,0,0,SALINAS,-121.6178536,36.67577302,"c(-121.6178536, 36.67577302)",Salinas
5462,2016,12/22/16,2016-12-22T12:38:00Z,Thursday,MUNRAS AV,VIA ZARAGOSA,N,N,NA,NA,4,0,4,A,3,C,C,A,H,A,N,N,N,N,N,0,0,4,0,0,0,0,0,0,MONTEREY,-121.9025056,36.58252865,"c(-121.9025056, 36.58252865)",Monterey
5463,2017,1/14/17,2017-01-14T19:46:00Z,Saturday,DEL MONTE AV,ENGLISH AV,NA,Y,NA,NA,2,0,3,A,7,C,C,A,H,C,N,N,N,N,N,1,1,1,0,0,0,0,0,0,MONTEREY,-121.8607199,36.60482009,"c(-121.8607199, 36.60482009)",Monterey
5464,2017,1/7/17,2017-01-07T02:17:00Z,Saturday,CAMINO EL ESTERO,DEL MONTE AV,NA,Y,NA,NA,4,0,1,A,5,D,C,A,H,C,N,N,N,N,N,0,0,1,0,0,0,0,0,0,MONTEREY,-121.88731,36.59994008,"c(-121.88731, 36.59994008)",Monterey
5465,2017,1/20/17,2017-01-20T13:56:00Z,Friday,NORTH ALTA ST,10TH ST,N,N,NA,NA,4,0,1,A,3,C,C,A,B,A,N,N,N,N,N,0,0,1,0,0,0,0,0,0,GONZALES,-121.4505201,36.51090686,"c(-121.4505201, 36.51090686)",Gonzales
5466,2016,12/15/16,2016-12-15T15:16:00Z,Thursday,183,W MARKET,NA,Y,183,I,4,0,1,A,10,NA,B,B,H,A,Y,N,N,N,N,0,0,1,0,1,0,0,0,0,SALINAS,-121.6556646,36.67754565,"c(-121.6556646, 36.67754565)",Salinas
5467,2016,12/4/16,2016-12-04T01:39:00Z,Sunday,68,ABBOTT,E,N,68,H,3,0,2,A,9,F,A,A,H,C,N,N,N,N,N,0,2,0,0,0,0,0,0,0,SALINAS,-121.646046,36.66967145,"c(-121.646046, 36.66967145)",Salinas
5468,2016,10/25/16,2016-10-25T06:50:00Z,Tuesday,AIRPORT BL,TERVEN AV,W,N,NA,NA,4,0,1,A,7,C,C,A,H,C,N,N,N,N,N,0,0,1,0,0,0,0,0,0,SALINAS,-121.6251872,36.65956775,"c(-121.6251872, 36.65956775)",Salinas
5469,2016,11/13/16,2016-11-13T14:00:00Z,Sunday,101,RT 101,NA,Y,101,R,3,0,2,A,12,B,C,A,H,A,N,N,N,N,N,0,1,1,0,0,0,0,0,0,SALINAS,-121.6661886,36.70127191,"c(-121.6661886, 36.70127191)",Salinas
5470,2017,1/6/17,2017-01-06T14:41:00Z,Friday,DEL MONTE AV,PALO VERDE AV,NA,Y,NA,NA,4,0,1,D,0,D,C,A,H,A,N,N,N,N,N,0,0,1,0,0,0,0,0,0,MONTEREY,-121.8693799,36.60084004,"c(-121.8693799, 36.60084004)",Monterey
5471,2017,1/29/17,2017-01-29T09:29:00Z,Sunday,FRANKLIN ST,VAN BUREN ST,NA,Y,NA,NA,3,0,1,A,10,G,B,B,H,A,Y,N,N,N,N,0,1,0,0,1,0,0,0,0,MONTEREY,-121.8974299,36.60057009,"c(-121.8974299, 36.60057009)",Monterey
5472,2017,1/26/17,2017-01-26T15:22:00Z,Thursday,68,YORK RD,W,N,68,H,3,0,4,A,0,NA,C,A,H,A,N,N,N,N,Y,0,2,2,0,0,0,0,0,0,MONTEREY,-121.8252701,36.57804745,"c(-121.8252701, 36.57804745)",Monterey
5473,2017,1/21/17,2017-01-21T15:52:00Z,Saturday,DEL MONTE AV,FIGUEROA ST,E,N,NA,NA,4,0,1,A,3,C,C,A,H,A,N,N,N,N,N,0,0,1,0,0,0,0,0,0,MONTEREY,-121.8894264,36.60015601,"c(-121.8894264, 36.60015601)",Monterey
5474,2017,1/25/17,2017-01-25T15:28:00Z,Wednesday,DEL MONTE AV,FIGUEROA ST,W,N,NA,NA,4,0,1,A,3,C,C,A,H,A,N,N,N,N,Y,0,0,1,0,0,0,0,0,0,MONTEREY,-121.8902038,36.60028625,"c(-121.8902038, 36.60028625)",Monterey
5475,2017,1/26/17,2017-01-26T17:25:00Z,Thursday,IMJIN PW,ABRAMS DR,N,N,NA,NA,4,0,1,A,14,C,C,A,H,B,N,N,N,N,N,0,0,1,0,0,0,0,0,0,MARINA,-121.7937366,36.66382949,"c(-121.7937366, 36.66382949)",Marina
5476,2017,1/24/17,2017-01-24T16:02:00Z,Tuesday,IMJIN PW,IMJIN RD,E,N,NA,NA,3,0,1,A,3,C,C,A,H,A,N,N,Y,N,N,0,1,0,0,0,0,0,0,1,MARINA,-121.7912542,36.66171683,"c(-121.7912542, 36.66171683)",Marina
5477,2017,1/15/17,2017-01-15T20:46:00Z,Sunday,IMJIN PKWY,ABRAMS DR,NA,Y,NA,NA,4,0,1,A,12,B,C,A,H,C,N,N,N,N,N,0,0,1,0,0,0,0,0,0,MARINA,-121.7936099,36.66370001,"c(-121.7936099, 36.66370001)",Marina
5478,2016,12/5/16,2016-12-05T17:12:00Z,Monday,EL CAMINO REAL,APPLE AV,N,N,NA,NA,3,0,1,B,22,G,B,B,H,B,Y,N,N,N,N,0,1,0,0,1,0,0,0,0,GREENFIELD,-121.24595,36.32386001,"c(-121.24595, 36.32386001)",Greenfield
5479,2016,12/24/16,2016-12-24T22:44:00Z,Saturday,EL CAMINO REAL,ELM AV,NA,Y,NA,NA,4,0,1,D,0,B,C,A,H,A,N,N,N,N,N,0,0,1,0,0,0,0,0,0,GREENFIELD,-121.2408499,36.31781006,"c(-121.2408499, 36.31781006)",Greenfield
5480,2017,1/26/17,2017-01-26T14:53:00Z,Thursday,MUNRAS AV,WEBSTER,E,N,NA,NA,4,0,1,A,8,B,C,A,H,A,N,N,N,N,N,0,0,1,0,0,0,0,0,0,MONTEREY,-121.8934807,36.59609703,"c(-121.8934807, 36.59609703)",Monterey
5481,2017,1/25/17,2017-01-25T17:12:00Z,Wednesday,68,RAGSDALE DR,W,N,68,H,4,0,2,A,3,C,C,A,H,A,N,N,N,N,N,0,0,2,0,0,0,0,0,0,MONTEREY,-121.8261279,36.57916865,"c(-121.8261279, 36.57916865)",Monterey
5482,2017,1/30/17,2017-01-30T07:59:00Z,Monday,MARK THOMAS DR,SLOAT AV,W,N,NA,NA,4,0,1,A,3,C,C,A,H,A,N,N,N,N,N,0,0,1,0,0,0,0,0,0,MONTEREY,-121.8777816,36.59247918,"c(-121.8777816, 36.59247918)",Monterey
5483,2017,2/2/17,2017-02-02T17:23:00Z,Thursday,LIGHTHOUSE AV,MCCLELLAN AV,NA,Y,NA,NA,4,0,1,A,9,A,C,A,H,B,N,N,N,N,N,0,0,1,0,0,0,0,0,0,MONTEREY,-121.9008199,36.61251005,"c(-121.9008199, 36.61251005)",Monterey
5484,2017,2/2/17,2017-02-02T12:39:00Z,Thursday,REINDOLLAR AV,CALIFORNIA AV,W,N,NA,NA,4,0,2,A,8,B,C,A,H,A,N,N,N,N,N,0,0,2,0,0,0,0,0,0,MARINA,-121.7898557,36.67425769,"c(-121.7898557, 36.67425769)",Marina
5485,2017,2/2/17,2017-02-02T15:25:00Z,Thursday,CRESCENT AV,PATTON PKWY,N,N,NA,NA,4,0,1,A,21,C,C,A,H,A,N,N,N,N,N,0,0,1,0,0,0,0,0,0,MARINA,-121.7986459,36.67525879,"c(-121.7986459, 36.67525879)",Marina
5486,2017,1/16/17,2017-01-16T08:42:00Z,Monday,NORTH MAIN ST,IRIS DR,NA,Y,NA,NA,4,0,2,A,12,D,C,A,H,A,N,N,N,N,N,0,0,2,0,0,0,0,0,0,SALINAS,-121.65224,36.69317003,"c(-121.65224, 36.69317003)",Salinas
5487,2017,1/16/17,2017-01-16T11:17:00Z,Monday,NORTH SANBORN RD,GARNER AV,NA,Y,NA,NA,3,0,1,A,10,G,B,B,H,A,Y,N,N,N,N,0,1,0,0,1,0,0,0,0,SALINAS,-121.6151399,36.68621007,"c(-121.6151399, 36.68621007)",Salinas
5488,2017,1/12/17,2017-01-12T09:00:00Z,Thursday,RIKER ST,GEIL ST,NA,Y,NA,NA,4,0,1,A,9,D,C,A,H,A,N,N,N,N,N,0,0,1,0,0,0,0,0,0,SALINAS,-121.6608899,36.66695006,"c(-121.6608899, 36.66695006)",Salinas
5489,2016,5/26/16,2016-05-26T17:14:00Z,Thursday,101,RT 101,N,N,101,R,3,0,1,A,8,B,C,A,H,A,N,N,N,N,N,0,1,0,0,0,0,0,0,0,SALINAS,-121.6262015,36.66527006,"c(-121.6262015, 36.66527006)",Salinas
5490,2016,6/4/16,2016-06-04T14:53:00Z,Saturday,PAJARO ST,EAST SAN LUIS ST,N,N,NA,NA,4,0,1,A,5,A,C,A,H,A,N,N,N,N,N,0,0,1,0,0,0,0,0,0,SALINAS,-121.6521969,36.67237129,"c(-121.6521969, 36.67237129)",Salinas
5491,2016,5/19/16,2016-05-19T10:12:00Z,Thursday,NATIVIDAD RD,ARCADIA ST,NA,Y,NA,NA,4,0,1,A,12,D,C,A,H,A,N,N,N,N,N,0,0,1,0,0,0,0,0,0,SALINAS,-121.6243199,36.71354003,"c(-121.6243199, 36.71354003)",Salinas
5492,2016,6/23/16,2016-06-23T14:53:00Z,Thursday,INDEPENDENCE BL,LEXINGTON DR,NA,Y,NA,NA,4,0,2,A,3,C,C,A,H,A,N,N,N,N,N,0,0,2,0,0,0,0,0,0,SALINAS,-121.6210499,36.70415003,"c(-121.6210499, 36.70415003)",Salinas
5493,2016,6/10/16,2016-06-10T02:28:00Z,Friday,BLANCO RD,ABBOTT ST,NA,Y,NA,NA,3,0,1,A,8,A,I,A,H,C,N,N,N,N,N,0,1,0,0,0,0,0,0,0,SALINAS,-121.6358399,36.65725005,"c(-121.6358399, 36.65725005)",Salinas
5494,2016,11/11/16,2016-11-11T16:04:00Z,Friday,SAN AN,MILDRED AV,NA,Y,NA,NA,3,0,1,A,10,G,B,B,H,A,Y,N,N,N,N,0,1,0,0,1,0,0,0,0,KING CITY,-121.1380299,36.21632009,"c(-121.1380299, 36.21632009)",King City