X1,ACCIDENT_YEAR,COLLISION_DATE,COLLISION_TIME,DAY_OF_WEEK,PRIMARY_RD,SECONDARY_RD,DIRECTION,INTERSECTION,STATE_ROUTE,LOCATION_TYPE,COLLISION_SEVERITY,NUMBER_KILLED,NUMBER_INJURED,PRIMARY_COLL_FACTOR,PCF_VIOL_CATEGORY,TYPE_OF_COLLISION,MVIW,PED_ACTION,ROAD_COND_1,LIGHTING,PEDESTRIAN_ACCIDENT,BICYCLE_ACCIDENT,MOTORCYCLE_ACCIDENT,TRUCK_ACCIDENT,ALCOHOL_INVOLVED,COUNT_SEVERE_INJ,COUNT_VISIBLE_INJ,COUNT_COMPLAINT_PAIN,COUNT_PED_KILLED,COUNT_PED_INJURED,COUNT_BICYCLIST_KILLED,COUNT_BICYCLIST_INJURED,COUNT_MC_KILLED,COUNT_MC_INJURED,CITY,lon,lat,geometry,city_new
5586,2017,2/19/17,2017-02-19T17:10:00Z,Sunday,NATIVIDAD RD,PACHECO ST,NA,Y,NA,NA,4,0,1,A,7,D,C,A,H,B,N,N,N,N,N,0,0,1,0,0,0,0,0,0,SALINAS,-121.6366499,36.69804001,"c(-121.6366499, 36.69804001)",Salinas
5587,2017,2/27/17,2017-02-27T06:21:00Z,Monday,NORTH DAVIS RD,POST DR,NA,Y,NA,NA,4,0,2,A,3,C,C,A,H,A,N,N,N,N,N,0,0,2,0,0,0,0,0,0,SALINAS,-121.66876,36.69607005,"c(-121.66876, 36.69607005)",Salinas
5588,2017,2/14/17,2017-02-14T18:42:00Z,Tuesday,NORTH SANBORN RD,DEL MONTE AV,NA,Y,NA,NA,4,0,2,A,9,D,C,A,H,C,N,N,N,N,N,0,0,2,0,0,0,0,0,0,SALINAS,-121.6108199,36.68866008,"c(-121.6108199, 36.68866008)",Salinas
5589,2017,1/17/17,2017-01-17T18:21:00Z,Tuesday,FREEDOM PKWY,NORTH SANBORN RD,NA,Y,NA,NA,4,0,1,A,9,NA,C,A,H,C,N,N,N,N,N,0,0,1,0,0,0,0,0,0,SALINAS,-121.6013499,36.69213004,"c(-121.6013499, 36.69213004)",Salinas
5590,2017,2/22/17,2017-02-22T08:35:00Z,Wednesday,NATIVIDAD RD,SARATOGA DR,NA,Y,NA,NA,3,0,1,A,3,C,C,A,H,A,N,N,N,N,N,0,1,0,0,0,0,0,0,0,SALINAS,-121.6293299,36.70527011,"c(-121.6293299, 36.70527011)",Salinas
5591,2017,1/16/17,2017-01-16T22:47:00Z,Monday,PACIFIC AV,DEL MONTE AV,S,N,NA,NA,4,0,2,A,21,A,C,A,H,C,N,N,N,N,N,0,0,2,0,0,0,0,0,0,SALINAS,-121.6124449,36.6899681,"c(-121.6124449, 36.6899681)",Salinas
5592,2017,2/22/17,2017-02-22T12:32:00Z,Wednesday,SAN JUAN GRADE RD,NORTHRIDGE WAY,NA,Y,NA,NA,4,0,3,A,4,C,C,A,H,A,N,N,N,N,N,0,0,3,0,0,0,0,0,0,SALINAS,-121.6496599,36.72107008,"c(-121.6496599, 36.72107008)",Salinas
5593,2017,1/26/17,2017-01-26T11:04:00Z,Thursday,INDEPENDENCE BL,DANBURY ST,NA,Y,NA,NA,4,0,1,A,9,D,C,A,H,A,N,N,N,N,N,0,0,1,0,0,0,0,0,0,SALINAS,-121.6184999,36.71227008,"c(-121.6184999, 36.71227008)",Salinas
5594,2017,2/20/17,2017-02-20T08:54:00Z,Monday,E ALISAL ST,WILLIAMS RD,NA,Y,NA,NA,4,0,1,A,9,D,C,A,H,A,N,N,N,N,N,0,0,1,0,0,0,0,0,0,SALINAS,-121.6199,36.67216004,"c(-121.6199, 36.67216004)",Salinas
5595,2017,2/14/17,2017-02-14T06:59:00Z,Tuesday,GARNER AV,SIEBER ST,NA,Y,NA,NA,4,0,1,A,9,D,C,A,H,A,N,N,N,N,N,0,0,1,0,0,0,0,0,0,SALINAS,-121.6155599,36.68674011,"c(-121.6155599, 36.68674011)",Salinas
5596,2017,2/26/17,2017-02-26T01:37:00Z,Sunday,RUSSELL RD,HARRISON RD,E,N,NA,NA,3,0,1,A,1,A,I,A,H,C,N,N,N,N,Y,0,1,0,0,0,0,0,0,0,SALINAS,-121.656112,36.73440623,"c(-121.656112, 36.73440623)",Other Unincorporated
5597,2017,3/20/17,2017-03-20T14:36:00Z,Monday,DE FOREST RD,RESERVATION RD,NA,Y,NA,NA,4,0,1,A,9,D,C,A,H,A,N,N,N,N,N,0,0,1,0,0,0,0,0,0,MARINA,-121.79348,36.68461007,"c(-121.79348, 36.68461007)",Marina
5598,2017,3/16/17,2017-03-16T07:23:00Z,Thursday,IMJIN PW,3RD AV,W,N,NA,NA,3,0,2,A,3,C,C,A,H,A,N,N,N,N,N,0,1,1,0,0,0,0,0,0,MARINA,-121.8051447,36.66660245,"c(-121.8051447, 36.66660245)",Marina
5599,2017,2/5/17,2017-02-05T16:29:00Z,Sunday,W CURTIS,4TH ST,NA,Y,NA,NA,4,0,1,A,3,A,E,A,H,A,N,N,N,N,N,0,0,1,0,0,0,0,0,0,SALINAS,-121.6579099,36.70137007,"c(-121.6579099, 36.70137007)",Salinas
5600,2017,3/7/17,2017-03-07T08:55:00Z,Tuesday,FREMONT ST,CAMINO EL ESTERO,NA,Y,NA,NA,4,0,1,A,21,C,C,A,H,A,N,N,N,N,N,0,0,1,0,0,0,0,0,0,MONTEREY,-121.8892599,36.59513007,"c(-121.8892599, 36.59513007)",Monterey
5601,2017,2/25/17,2017-02-25T09:17:00Z,Saturday,LIGHTHOUSE AV,IRVING AV,NA,Y,NA,NA,3,0,1,A,10,G,B,B,H,A,Y,N,N,N,N,0,1,0,0,1,0,0,0,0,MONTEREY,-121.90362,36.61583004,"c(-121.90362, 36.61583004)",Monterey
5602,2017,8/22/17,2017-08-22T05:55:00Z,Tuesday,HARKINS ROAD,NUTTING STREET,W,N,NA,NA,2,0,1,A,11,A,B,D,H,D,Y,N,N,N,N,1,0,0,0,1,0,0,0,0,SALINAS,-121.6342404,36.6444736,"c(-121.6342404, 36.6444736)",Other Unincorporated
5603,2017,8/22/17,2017-08-22T10:13:00Z,Tuesday,101,AIRPORT BOULEVARD,S,N,101,NA,4,0,1,A,3,C,C,A,D,A,N,N,N,Y,N,0,0,1,0,0,0,0,0,0,SALINAS,-121.6182344,36.65302507,"c(-121.6182344, 36.65302507)",Other Unincorporated
5604,2017,8/23/17,2017-08-23T15:00:00Z,Wednesday,1,PIER COURT,N,N,1,NA,3,0,1,A,3,F,A,A,H,A,N,N,Y,N,N,0,1,0,0,0,0,0,0,1,MOSS LANDING,-121.7837222,36.7920157,"c(-121.7837222, 36.7920157)",Moss Landing
5605,2017,8/18/17,2017-08-18T22:56:00Z,Friday,156,CASTROVILLE BLVD,W,N,156,NA,3,0,1,A,1,B,C,A,H,C,N,N,N,N,Y,0,1,0,0,0,0,0,0,0,SALINAS,-121.7431011,36.76829353,"c(-121.7431011, 36.76829353)",Other Unincorporated
5606,2017,8/21/17,2017-08-21T04:35:00Z,Monday,SAN JUAN GRADE ROAD,HEBERT ROAD,NA,Y,NA,NA,3,0,1,A,3,E,I,A,H,C,N,N,N,N,N,0,1,0,0,0,0,0,0,0,SALINAS,-121.6157299,36.75959011,"c(-121.6157299, 36.75959011)",Other Unincorporated
5607,2017,8/4/17,2017-08-04T16:38:00Z,Friday,1,SR-68 HOLMAN HWY,S,N,1,NA,3,0,1,A,8,F,A,A,H,A,N,N,N,Y,Y,0,1,0,0,0,0,0,0,0,CARMEL,-121.9126175,36.57385717,"c(-121.9126175, 36.57385717)",Other Unincorporated
5608,2017,8/18/17,2017-08-18T09:10:00Z,Friday,68,PORTOLA DR.,E,N,68,NA,3,0,2,A,3,C,C,A,H,A,N,N,N,N,N,0,1,1,0,0,0,0,0,0,SALINAS,-121.6917275,36.60964749,"c(-121.6917275, 36.60964749)",Other Unincorporated
5609,2017,8/23/17,2017-08-23T17:54:00Z,Wednesday,1,SPRINGFIELD ROAD,S,N,1,NA,4,0,1,A,3,C,C,A,H,A,N,N,N,N,N,0,0,1,0,0,0,0,0,0,ROYAL OAKS,-121.7709824,36.83663036,"c(-121.7709824, 36.83663036)",Royal Oake
5610,2017,7/25/17,2017-07-25T10:24:00Z,Tuesday,68,CORRAL DE TIERRA ROAD,W,N,68,NA,1,1,1,A,8,D,C,A,H,A,N,N,N,N,N,0,1,0,0,0,0,0,0,0,SALINAS,-121.730512,36.57754421,"c(-121.730512, 36.57754421)",Other Unincorporated
5611,2017,8/22/17,2017-08-22T22:11:00Z,Tuesday,1,SR-68 (SALINAS HIGHWAY) O/C,S,N,1,NA,4,0,1,A,8,E,I,A,H,D,N,N,N,N,N,0,0,1,0,0,0,0,0,0,MONTEREY,-121.8706704,36.59429474,"c(-121.8706704, 36.59429474)",Monterey
5612,2017,8/24/17,2017-08-24T18:51:00Z,Thursday,RIVER RD,PINE CANYON RD,E,N,NA,NA,4,0,1,A,9,B,C,A,H,A,N,N,N,N,N,0,0,1,0,0,0,0,0,0,SALINAS,-121.6242323,36.59689585,"c(-121.6242323, 36.59689585)",Other Unincorporated
5613,2017,8/24/17,2017-08-24T07:55:00Z,Thursday,101,AIRPORT BLVD,N,N,101,NA,4,0,1,A,7,B,C,A,H,A,N,N,N,N,N,0,0,1,0,0,0,0,0,0,SALINAS,-121.62465,36.66352759,"c(-121.62465, 36.66352759)",Salinas
5614,2017,8/26/17,2017-08-26T09:55:00Z,Saturday,CATTLEMEN RD,SR-198,N,N,NA,NA,2,0,2,A,3,C,G,A,H,A,N,Y,N,N,N,1,1,0,0,0,0,2,0,0,KING CITY,-121.0334171,36.13724584,"c(-121.0334171, 36.13724584)",Other Unincorporated
5615,2017,7/6/17,2017-07-06T11:58:00Z,Thursday,CARMEL VALLEY ROAD,SCARLETT ROAD,W,N,NA,NA,1,1,1,A,8,D,C,A,H,A,N,N,Y,N,N,0,1,0,0,0,0,0,1,0,CARMEL VALLEY,-121.7945628,36.52453956,"c(-121.7945628, 36.52453956)",Carmel Valley
5616,2017,8/26/17,2017-08-26T17:40:00Z,Saturday,156,CATHEDRAL OAK RD,E,N,156,NA,4,0,1,A,3,C,C,A,H,A,N,N,N,N,N,0,0,1,0,0,0,0,0,0,SALINAS,-121.7113614,36.77765471,"c(-121.7113614, 36.77765471)",Other Unincorporated
5617,2017,8/29/17,2017-08-29T10:35:00Z,Tuesday,101,FRONT STREET,S,N,101,NA,4,0,1,A,7,B,C,A,H,A,N,N,N,Y,N,0,0,1,0,0,0,0,0,0,SOLEDAD,-121.3358908,36.42926041,"c(-121.3358908, 36.42926041)",Soledad
5618,2017,8/29/17,2017-08-29T22:30:00Z,Tuesday,GLORIA ROAD,CAMPHORA-GLORIA ROAD,E,N,NA,NA,4,0,1,A,8,F,I,A,E,D,N,N,N,Y,N,0,0,1,0,0,0,0,0,0,GONZALES,-121.3306728,36.52257172,"c(-121.3306728, 36.52257172)",Other Unincorporated
5619,2017,8/16/17,2017-08-16T10:22:00Z,Wednesday,1,OCEAN AVENUE,S,N,NA,NA,3,0,1,A,3,C,C,A,D,C,N,N,N,N,N,0,1,0,0,0,0,0,0,0,MONTEREY,-121.8806694,36.59915508,"c(-121.8806694, 36.59915508)",Monterey
5620,2017,8/27/17,2017-08-27T12:25:00Z,Sunday,101,DUNBARTON ROAD,S,N,101,NA,4,0,2,A,3,C,C,A,H,A,N,N,N,N,N,0,0,2,0,0,0,0,0,0,SALINAS,-121.634475,36.84506129,"c(-121.634475, 36.84506129)",Other Unincorporated
5621,2017,8/25/17,2017-08-25T21:00:00Z,Friday,101,N. MAIN ST.,S,N,101,NA,3,0,3,A,8,E,I,A,H,D,N,N,N,N,N,0,2,1,0,0,0,0,0,0,SALINAS,-121.6528081,36.68720552,"c(-121.6528081, 36.68720552)",Salinas
5622,2017,8/26/17,2017-08-26T12:43:00Z,Saturday,68,SAN BENANCIO RD,E,N,68,NA,4,0,3,A,3,C,C,A,H,A,N,N,N,N,N,0,0,3,0,0,0,0,0,0,SALINAS,-121.7173132,36.58168059,"c(-121.7173132, 36.58168059)",Other Unincorporated
5623,2017,8/26/17,2017-08-26T17:03:00Z,Saturday,101,SOLEDAD PRISON ROAD,N,N,101,NA,4,0,1,A,3,C,C,A,H,A,N,N,N,N,N,0,0,1,0,0,0,0,0,0,GONZALES,-121.3907722,36.46641785,"c(-121.3907722, 36.46641785)",Other Unincorporated
5624,2017,8/24/17,2017-08-24T19:20:00Z,Thursday,PORTER DR,SALINAS RD,W,N,NA,NA,3,0,1,A,8,D,C,A,H,B,N,N,N,Y,N,0,1,0,0,0,0,0,0,0,PAJARO,-121.7491098,36.90318605,"c(-121.7491098, 36.90318605)",Pajaro
5625,2017,8/27/17,2017-08-27T17:37:00Z,Sunday,PORTER DR.,SAN JUAN RD.,S,N,NA,NA,4,0,1,A,1,C,C,A,H,A,N,N,N,N,Y,0,0,1,0,0,0,0,0,0,PAJARO,-121.7498548,36.90395566,"c(-121.7498548, 36.90395566)",Pajaro
5626,2017,8/27/17,2017-08-27T16:58:00Z,Sunday,PORTER DR.,SAN JUAN RD.,S,N,NA,NA,4,0,1,A,21,H,C,A,H,A,N,N,N,N,N,0,0,1,0,0,0,0,0,0,PAJARO,-121.7498758,36.90397737,"c(-121.7498758, 36.90397737)",Pajaro
5627,2017,8/28/17,2017-08-28T09:20:00Z,Monday,RIVER RD,CHUALAR RIVER RD,N,N,NA,NA,4,0,1,A,8,E,I,A,H,A,N,N,N,N,N,0,0,1,0,0,0,0,0,0,SALINAS,-121.5628547,36.56302338,"c(-121.5628547, 36.56302338)",Other Unincorporated
5628,2017,8/29/17,2017-08-29T20:52:00Z,Tuesday,101,BROADWAY STREET,N,N,101,NA,4,0,1,A,1,C,C,A,H,D,N,N,N,N,Y,0,0,1,0,0,0,0,0,0,KING CITY,-121.1400808,36.20405213,"c(-121.1400808, 36.20405213)",King City
5629,2017,8/26/17,2017-08-26T15:55:00Z,Saturday,101,FRONT STREET,S,N,101,NA,4,0,2,A,8,E,I,A,H,A,N,N,N,N,N,0,0,2,0,0,0,0,0,0,SOLEDAD,-121.3373994,36.43162659,"c(-121.3373994, 36.43162659)",Soledad
5630,2017,8/26/17,2017-08-26T15:56:00Z,Saturday,101,FRONT STREET,N,N,101,NA,4,0,2,A,3,C,C,A,H,A,N,N,N,N,N,0,0,2,0,0,0,0,0,0,SOLEDAD,-121.3375602,36.43206871,"c(-121.3375602, 36.43206871)",Soledad
5631,2017,8/28/17,2017-08-28T16:14:00Z,Monday,BLANCO ROAD,DAVIS ROAD,W,N,NA,NA,3,0,2,A,3,C,C,A,H,A,N,N,N,N,N,0,1,1,0,0,0,0,0,0,SALINAS,-121.6880991,36.66841088,"c(-121.6880991, 36.66841088)",Other Unincorporated
5632,2017,8/29/17,2017-08-29T05:50:00Z,Tuesday,SAN JUAN GRADE ROAD,HEBERT ROAD,NA,Y,NA,NA,4,0,1,A,8,A,C,A,H,D,N,N,N,N,N,0,0,1,0,0,0,0,0,0,SALINAS,-121.6157299,36.75959011,"c(-121.6157299, 36.75959011)",Other Unincorporated
5633,2017,8/30/17,2017-08-30T11:09:00Z,Wednesday,1,TIOGA AVE. O/C,S,N,1,NA,4,0,2,A,4,C,C,A,H,A,N,N,N,N,N,0,0,2,0,0,0,0,0,0,SAND CITY,-121.8518542,36.61477493,"c(-121.8518542, 36.61477493)",Sand City
5634,2017,3/11/17,2017-03-11T17:20:00Z,Saturday,PACIFIC ST,VIA ARBOLES,NA,Y,NA,NA,4,0,1,A,3,C,C,A,H,A,N,N,N,N,N,0,0,1,0,0,0,0,0,0,MONTEREY,-121.90143,36.58634007,"c(-121.90143, 36.58634007)",Monterey
5635,2017,1/11/17,2017-01-11T12:57:00Z,Wednesday,SOUTH SANBORN RD,FAIRVIEW,NA,Y,NA,NA,4,0,2,A,3,C,NA,A,G,A,N,N,N,N,N,0,0,2,0,0,0,0,0,0,SALINAS,-121.6279199,36.66709006,"c(-121.6279199, 36.66709006)",Salinas
5636,2017,3/29/17,2017-03-29T12:22:00Z,Wednesday,OCEAN AV,JUNIPERO,E,N,NA,NA,4,0,1,B,22,E,I,A,H,A,N,N,N,N,N,0,0,1,0,0,0,0,0,0,CARMEL,-121.919576,36.55509398,"c(-121.919576, 36.55509398)",Carmel-by-the-Sea
5637,2017,1/30/17,2017-01-30T14:05:00Z,Monday,RESERVATION RD,SEACREST AV,NA,N,NA,NA,4,0,1,B,22,C,A,A,H,A,N,N,N,N,Y,0,0,1,0,0,0,0,0,0,MARINA,-121.7959899,36.68578001,"c(-121.7959899, 36.68578001)",Marina
5638,2017,4/8/17,2017-04-08T14:03:00Z,Saturday,68,YORK,W,N,68,H,4,0,1,A,3,C,C,A,H,A,N,N,N,N,N,0,0,1,0,0,0,0,0,0,MONTEREY,-121.8091849,36.57168407,"c(-121.8091849, 36.57168407)",Monterey
5639,2017,3/6/17,2017-03-06T07:00:00Z,Monday,MONTEREY ST,BENITO ST,NA,Y,NA,NA,4,0,1,A,9,D,C,A,H,A,N,N,N,N,N,0,0,1,0,0,0,0,0,0,SOLEDAD,-121.33025,36.42925006,"c(-121.33025, 36.42925006)",Soledad
5640,2017,3/28/17,2017-03-28T13:13:00Z,Tuesday,DELMONTE AV,PARK AV,W,N,NA,NA,4,0,1,A,3,C,C,A,H,A,N,N,N,N,N,0,0,1,0,0,0,0,0,0,MONTEREY,-121.8823581,36.59993066,"c(-121.8823581, 36.59993066)",Monterey
5641,2017,3/29/17,2017-03-29T10:13:00Z,Wednesday,IMJIN PKWY,2ND AV,W,N,NA,NA,3,0,1,A,3,C,C,A,H,A,N,N,N,N,N,0,1,0,0,0,0,0,0,0,MARINA,-121.8094168,36.66802865,"c(-121.8094168, 36.66802865)",Marina
5642,2017,3/29/17,2017-03-29T21:53:00Z,Wednesday,FREMONT ST,MUNRAS AV,E,N,NA,NA,4,0,1,A,9,D,C,A,H,C,N,N,N,N,N,0,0,1,0,0,0,0,0,0,MONTEREY,-121.8929472,36.59548075,"c(-121.8929472, 36.59548075)",Monterey
5643,2017,3/30/17,2017-03-30T20:54:00Z,Thursday,NORTH FREMONT ST,CASANOVA AV,E,N,NA,NA,4,0,2,A,8,D,C,A,H,C,N,N,N,N,N,0,0,2,0,0,0,0,0,0,MONTEREY,-121.8524814,36.59789048,"c(-121.8524814, 36.59789048)",Monterey
5644,2017,8/30/17,2017-08-30T16:08:00Z,Wednesday,101,5TH STREET,N,N,101,NA,3,0,1,A,8,E,I,A,H,A,N,N,N,N,N,0,1,0,0,0,0,0,0,0,GONZALES,-121.4403036,36.51709434,"c(-121.4403036, 36.51709434)",Gonzales
5645,2017,8/30/17,2017-08-30T17:20:00Z,Wednesday,101,GLORIA RD,N,N,101,NA,4,0,1,A,3,C,C,A,H,A,N,N,N,N,N,0,0,1,0,0,0,0,0,0,GONZALES,-121.4283454,36.49504864,"c(-121.4283454, 36.49504864)",Gonzales
5646,2017,9/2/17,2017-09-02T12:20:00Z,Saturday,HARRIS RD,ABBOTT ST,W,N,NA,NA,4,0,1,A,9,D,C,A,H,A,N,N,N,N,N,0,0,1,0,0,0,0,0,0,SALINAS,-121.625766,36.62949391,"c(-121.625766, 36.62949391)",Other Unincorporated
5647,2017,9/1/17,2017-09-01T15:00:00Z,Friday,101,ARROYO SECO,S,N,NA,NA,3,0,1,A,1,E,I,A,H,A,N,N,N,N,Y,0,1,0,0,0,0,0,0,0,SOLEDAD,-121.3161358,36.40287158,"c(-121.3161358, 36.40287158)",Other Unincorporated
5648,2017,8/28/17,2017-08-28T07:35:00Z,Monday,156,OAK HILLS DRIVE,E,N,156,NA,3,0,3,A,3,C,C,A,H,A,N,N,N,N,N,0,2,1,0,0,0,0,0,0,SALINAS,-121.6946963,36.78245726,"c(-121.6946963, 36.78245726)",Other Unincorporated
5649,2017,8/31/17,2017-08-31T17:14:00Z,Thursday,LAKEVIEW DRIVE,VERDE DRIVE,NA,Y,NA,NA,2,0,1,A,9,D,G,A,H,A,N,Y,N,N,N,1,0,0,0,0,0,1,0,0,SALINAS,-121.7056399,36.81397006,"c(-121.7056399, 36.81397006)",Other Unincorporated
5650,2017,8/26/17,2017-08-26T11:10:00Z,Saturday,1,TIOGA AVE O/C,S,N,1,NA,4,0,1,A,4,C,C,A,H,A,N,N,N,N,N,0,0,1,0,0,0,0,0,0,SAND CITY,-121.8518542,36.61477493,"c(-121.8518542, 36.61477493)",Sand City
5651,2017,8/28/17,2017-08-28T17:15:00Z,Monday,68,BOOTS ROAD,NA,Y,68,NA,4,0,1,A,3,C,C,A,H,A,N,N,N,N,N,0,0,1,0,0,0,0,0,0,MONTEREY,-121.7783496,36.56764622,"c(-121.7783496, 36.56764622)",Other Unincorporated
5652,2017,9/1/17,2017-09-01T22:16:00Z,Friday,LAS LOMAS DRIVE,OVERPASS ROAD,S,N,NA,NA,3,0,1,A,1,E,I,A,H,D,N,N,N,N,Y,0,1,0,0,0,0,0,0,0,ROYAL OAKS,-121.735768,36.87285462,"c(-121.735768, 36.87285462)",Royal Oake
5653,2017,9/1/17,2017-09-01T17:00:00Z,Friday,68,QUAIL RIDGE LANE,W,N,68,NA,3,0,1,A,3,C,C,A,H,A,N,N,N,N,N,0,1,0,0,0,0,0,0,0,SALINAS,-121.749146,36.57044595,"c(-121.749146, 36.57044595)",Other Unincorporated
5654,2017,8/29/17,2017-08-29T07:37:00Z,Tuesday,101,CAMPHORA GLORIA ROAD,N,N,101,NA,3,0,2,A,7,B,C,A,H,A,N,N,N,N,N,0,1,1,0,0,0,0,0,0,SOLEDAD,-121.3636268,36.44967192,"c(-121.3636268, 36.44967192)",Other Unincorporated
5655,2017,9/3/17,2017-09-03T04:20:00Z,Sunday,METZ RD.,BLUE JAY LANE,S,N,NA,NA,2,0,1,A,8,E,I,A,H,D,N,N,N,N,N,1,0,0,0,0,0,0,0,0,SOLEDAD,-121.2591212,36.40401338,"c(-121.2591212, 36.40401338)",Other Unincorporated
5656,2017,9/1/17,2017-09-01T15:05:00Z,Friday,1,CASA VERDE WAY,N,N,1,NA,2,0,4,A,3,C,C,A,H,A,N,N,N,N,N,1,0,3,0,0,0,0,0,0,MONTEREY,-121.8633912,36.60006498,"c(-121.8633912, 36.60006498)",Monterey
5657,2017,9/2/17,2017-09-02T12:44:00Z,Saturday,1,IMJIN PARKWAY,N,N,1,R,4,0,1,A,3,C,C,A,H,A,N,N,N,N,N,0,0,1,0,0,0,0,0,0,MARINA,-121.8119,36.67193,"c(-121.8119, 36.67193)",Marina
5658,2017,9/3/17,2017-09-03T10:15:00Z,Sunday,LAPIS ROAD,DEL MONTE BOULEVARD,S,N,NA,NA,3,0,1,A,3,C,G,A,H,A,N,Y,N,N,N,0,1,0,0,0,0,1,0,0,MARINA,-121.78854,36.70504,"c(-121.78854, 36.70504)",Other Unincorporated
5659,2017,9/3/17,2017-09-03T13:25:00Z,Sunday,TARPEY RD,MAHER RD,NA,Y,NA,NA,3,0,4,A,9,D,C,A,H,A,N,N,N,N,N,0,3,1,0,0,0,0,0,0,ROYAL OAKS,-121.6870599,36.86104004,"c(-121.6870599, 36.86104004)",Royal Oake
5660,2017,9/10/17,2017-09-10T02:40:00Z,Sunday,INTERLAKE RD.,JOLON RD.,S,N,NA,NA,2,0,1,A,1,F,A,A,H,D,N,N,N,N,Y,1,0,0,0,0,0,0,0,0,BRADLEY,-121.0876314,35.90895041,"c(-121.0876314, 35.90895041)",Bradley
5661,2017,9/4/17,2017-09-04T13:04:00Z,Monday,101,BLACKIE ROAD,S,N,101,NA,3,0,3,A,3,C,C,A,H,A,N,N,N,N,N,0,3,0,0,0,0,0,0,0,SALINAS,-121.6660271,36.75936748,"c(-121.6660271, 36.75936748)",Other Unincorporated
5662,2017,8/28/17,2017-08-28T05:54:00Z,Monday,SAN JUAN ROAD,MURPHY RD,W,N,NA,NA,1,1,1,A,5,A,C,A,H,D,N,N,N,N,N,0,1,0,0,0,0,0,0,0,ROYAL OAKS,-121.6848278,36.89817967,"c(-121.6848278, 36.89817967)",Royal Oake
5663,2017,8/1/17,2017-08-01T10:00:00Z,Tuesday,101,SPENCE ROAD,NA,Y,101,NA,1,2,2,A,9,D,C,A,H,A,N,N,N,N,N,0,1,1,0,0,0,0,0,0,SALINAS,-121.567354,36.61285758,"c(-121.567354, 36.61285758)",Other Unincorporated
5664,2017,9/5/17,2017-09-05T17:15:00Z,Tuesday,183,PALM STREET,S,N,183,NA,4,0,2,A,3,C,C,A,H,A,N,N,N,N,N,0,0,2,0,0,0,0,0,0,CASTROVILLE,-121.7487624,36.75887848,"c(-121.7487624, 36.75887848)",Castroville
5665,2017,9/5/17,2017-09-05T07:50:00Z,Tuesday,101,BORONDA RD.,S,N,101,NA,4,0,1,A,3,C,C,A,H,A,N,N,N,N,N,0,0,1,0,0,0,0,0,0,SALINAS,-121.6608506,36.7188552,"c(-121.6608506, 36.7188552)",Salinas
5666,2017,9/5/17,2017-09-06T01:00:00Z,Tuesday,CALERA CANYON RD,CORAL DE TIERRRA RD,S,N,NA,NA,1,1,0,D,0,F,A,A,H,A,N,Y,N,N,N,0,0,0,0,0,1,0,0,0,SALINAS,-121.7344218,36.54564256,"c(-121.7344218, 36.54564256)",Other Unincorporated
5667,2017,9/5/17,2017-09-05T18:34:00Z,Tuesday,1,"SR-68 OVERCROSSING, (SALINAS)",S,N,1,NA,2,0,1,A,3,C,C,A,H,A,N,N,Y,N,N,1,0,0,0,0,0,0,0,1,MONTEREY,-121.8732588,36.59393068,"c(-121.8732588, 36.59393068)",Monterey
5668,2017,9/5/17,2017-09-05T13:15:00Z,Tuesday,101,PRUNEDALE SOUTH RD,N,N,101,NA,4,0,1,A,3,B,C,A,H,A,N,N,N,N,N,0,0,1,0,0,0,0,0,0,SALINAS,-121.6679554,36.7881217,"c(-121.6679554, 36.7881217)",Other Unincorporated
5669,2017,9/5/17,2017-09-05T15:25:00Z,Tuesday,101,SHERWOOD DRIVE O/C,S,N,101,NA,3,0,2,A,7,B,C,A,H,A,N,N,Y,N,N,0,1,1,0,0,0,0,0,2,SALINAS,-121.6475767,36.68426797,"c(-121.6475767, 36.68426797)",Salinas
5670,2017,9/6/17,2017-09-06T08:40:00Z,Wednesday,BLANCO ROAD,ARMSTRONG ROAD,W,N,NA,NA,3,0,4,A,3,C,C,A,H,A,N,N,N,N,N,0,1,3,0,0,0,0,0,0,SALINAS,-121.7151228,36.67871002,"c(-121.7151228, 36.67871002)",Other Unincorporated
5671,2017,9/6/17,2017-09-06T17:55:00Z,Wednesday,101,JOHN ST (SR-68),N,N,101,R,4,0,1,A,3,C,C,A,H,A,N,N,N,N,N,0,0,1,0,0,0,0,0,0,SALINAS,-121.64056,36.67157,"c(-121.64056, 36.67157)",Salinas
5672,2017,9/6/17,2017-09-06T00:20:00Z,Wednesday,HARRISON ROAD,MARTINES ROAD,N,N,NA,NA,2,0,1,A,8,F,A,A,H,C,N,N,N,N,Y,1,0,0,0,0,0,0,0,0,SALINAS,-121.6572844,36.74947507,"c(-121.6572844, 36.74947507)",Other Unincorporated
5673,2017,9/7/17,2017-09-07T12:29:00Z,Thursday,68,YORK RD.,E,N,68,NA,4,0,2,A,3,C,C,A,H,A,N,N,N,N,N,0,0,2,0,0,0,0,0,0,MONTEREY,-121.8061186,36.57106535,"c(-121.8061186, 36.57106535)",Other Unincorporated