X1,ACCIDENT_YEAR,COLLISION_DATE,COLLISION_TIME,DAY_OF_WEEK,PRIMARY_RD,SECONDARY_RD,DIRECTION,INTERSECTION,STATE_ROUTE,LOCATION_TYPE,COLLISION_SEVERITY,NUMBER_KILLED,NUMBER_INJURED,PRIMARY_COLL_FACTOR,PCF_VIOL_CATEGORY,TYPE_OF_COLLISION,MVIW,PED_ACTION,ROAD_COND_1,LIGHTING,PEDESTRIAN_ACCIDENT,BICYCLE_ACCIDENT,MOTORCYCLE_ACCIDENT,TRUCK_ACCIDENT,ALCOHOL_INVOLVED,COUNT_SEVERE_INJ,COUNT_VISIBLE_INJ,COUNT_COMPLAINT_PAIN,COUNT_PED_KILLED,COUNT_PED_INJURED,COUNT_BICYCLIST_KILLED,COUNT_BICYCLIST_INJURED,COUNT_MC_KILLED,COUNT_MC_INJURED,CITY,lon,lat,geometry,city_new
5763,2017,4/13/17,2017-04-13T07:56:00Z,Thursday,GARDEN AV,HENDERSON WY,NA,Y,NA,NA,4,0,1,A,5,B,C,A,H,A,N,N,N,N,N,0,0,1,0,0,0,0,0,0,MONTEREY,-121.85382,36.58620007,"c(-121.85382, 36.58620007)",Monterey
5764,2017,4/10/17,2017-04-10T15:11:00Z,Monday,LIGHTHOUSE AV,DRAKE AV,N,N,NA,NA,4,0,4,A,3,C,C,A,H,A,N,N,N,N,N,0,0,4,0,0,0,0,0,0,MONTEREY,-121.9002035,36.61176737,"c(-121.9002035, 36.61176737)",Monterey
5765,2017,4/9/17,2017-04-09T09:16:00Z,Sunday,CAMINO EL ESTERO,EAST FRANKLIN ST,NA,Y,NA,NA,3,0,1,B,22,E,I,A,H,A,N,N,N,N,N,0,1,0,0,0,0,0,0,0,MONTEREY,-121.8874999,36.59889009,"c(-121.8874999, 36.59889009)",Monterey
5766,2016,5/11/16,2016-05-11T20:57:00Z,Wednesday,BROADWAY AV,YOSEMITE ST,NA,Y,NA,NA,4,0,1,A,9,D,C,A,H,C,N,N,N,N,N,0,0,1,0,0,0,0,0,0,SEASIDE,-121.8295499,36.60882005,"c(-121.8295499, 36.60882005)",Seaside
5767,2016,3/31/16,2016-03-31T11:18:00Z,Thursday,BROADWAY AV,NOCHE BUENA ST,NA,Y,NA,NA,3,0,1,A,12,D,C,A,H,A,N,N,N,N,N,0,1,0,0,0,0,0,0,0,SEASIDE,-121.83773,36.60903001,"c(-121.83773, 36.60903001)",Seaside
5768,2017,4/10/17,2017-04-10T07:43:00Z,Monday,CRESCENT AV,RESERVATION RD,S,N,NA,NA,3,0,1,A,9,D,C,A,H,A,N,N,N,N,N,0,1,0,0,0,0,0,0,0,MARINA,-121.793343,36.68183349,"c(-121.793343, 36.68183349)",Marina
5769,2017,4/20/17,2017-04-20T14:46:00Z,Thursday,FREMONT ST,CAMINO AGUAJITO,W,N,NA,NA,4,0,1,A,3,C,C,A,H,A,N,N,N,N,N,0,0,1,0,0,0,0,0,0,MONTEREY,-121.8829089,36.59384574,"c(-121.8829089, 36.59384574)",Monterey
5770,2017,4/24/17,2017-04-24T12:36:00Z,Monday,IMJIN PKWY,CALIFORNIA AV,NA,Y,NA,NA,3,0,1,A,9,B,C,A,H,A,N,N,N,N,N,0,1,0,0,0,0,0,0,0,MARINA,-121.7968499,36.66617,"c(-121.7968499, 36.66617)",Marina
5771,2017,9/22/17,2017-09-22T08:35:00Z,Friday,1,DEL MONTE BOULEVARD,N,N,NA,NA,4,0,1,A,3,C,C,A,H,A,N,N,N,N,N,0,0,1,0,0,0,0,0,0,MARINA,-121.7875352,36.72780455,"c(-121.7875352, 36.72780455)",Other Unincorporated
5772,2017,9/22/17,2017-09-22T15:40:00Z,Friday,1,CARPENTER RD,S,N,1,NA,4,0,1,A,3,C,C,A,H,A,N,N,N,N,N,0,0,1,0,0,0,0,0,0,CARMEL,-121.9129559,36.5662623,"c(-121.9129559, 36.5662623)",Other Unincorporated
5773,2017,9/25/17,2017-09-25T16:08:00Z,Monday,101,5TH ST.,S,N,101,NA,4,0,1,A,8,E,I,A,H,A,N,N,N,N,N,0,0,1,0,0,0,0,0,0,GONZALES,-121.4349918,36.50783386,"c(-121.4349918, 36.50783386)",Gonzales
5774,2017,9/23/17,2017-09-23T19:19:00Z,Saturday,OLD STAGE ROAD,OLD NATIVIDAD ROAD,S,N,NA,NA,3,0,3,A,3,E,I,A,H,D,N,N,N,N,N,0,1,2,0,0,0,0,0,0,SALINAS,-121.5934302,36.71972461,"c(-121.5934302, 36.71972461)",Other Unincorporated
5775,2017,9/24/17,2017-09-24T21:45:00Z,Sunday,1,SAN JOSE CREEK BRIDGE,N,N,1,NA,4,0,1,A,1,F,A,A,H,D,N,N,N,N,Y,0,0,1,0,0,0,0,0,0,CARMEL,-121.9243919,36.5246807,"c(-121.9243919, 36.5246807)",Other Unincorporated
5776,2017,9/25/17,2017-09-25T07:20:00Z,Monday,1,FREMONT BLVD,N,N,1,NA,4,0,1,A,8,F,A,A,H,A,N,N,Y,N,N,0,0,1,0,0,0,0,0,1,SEASIDE,-121.8389235,36.62724416,"c(-121.8389235, 36.62724416)",Seaside
5777,2017,9/25/17,2017-09-25T06:44:00Z,Monday,COOPER ROAD,MCFADDEN ROAD,N,N,NA,NA,4,0,1,A,6,B,C,A,H,A,N,N,N,N,N,0,0,1,0,0,0,0,0,0,SALINAS,-121.7349477,36.69607108,"c(-121.7349477, 36.69607108)",Other Unincorporated
5778,2017,9/25/17,2017-09-25T16:25:00Z,Monday,DAVIS RD.,W ACACIA ST.,S,N,NA,NA,4,0,1,A,3,C,C,A,H,A,N,N,N,N,N,0,0,1,0,0,0,0,0,0,SALINAS,-121.6810619,36.67153422,"c(-121.6810619, 36.67153422)",Other Unincorporated
5779,2017,9/25/17,2017-09-25T17:20:00Z,Monday,MCDOUGALL ST,SPEEGLE ST,S,N,NA,NA,4,0,1,A,9,A,C,A,H,A,N,N,N,N,N,0,0,1,0,0,0,0,0,0,CASTROVILLE,-121.7582423,36.7672188,"c(-121.7582423, 36.7672188)",Castroville
5780,2017,9/25/17,2017-09-25T08:30:00Z,Monday,1,RIO RD,N,N,1,NA,4,0,1,A,3,C,C,A,H,A,N,N,N,N,N,0,0,1,0,0,0,0,0,0,CARMEL,-121.9100264,36.53968349,"c(-121.9100264, 36.53968349)",Other Unincorporated
5781,2017,9/25/17,2017-09-25T17:45:00Z,Monday,101,BLACKIE ROAD,S,N,101,NA,4,0,1,A,3,C,C,A,H,A,N,N,N,N,N,0,0,1,0,0,0,0,0,0,SALINAS,-121.6693047,36.77250778,"c(-121.6693047, 36.77250778)",Other Unincorporated
5782,2017,9/26/17,2017-09-26T10:25:00Z,Tuesday,OLD STAGE ROAD,ESPERANZA ROAD,N,N,NA,NA,3,0,1,A,8,E,I,A,H,A,N,N,N,N,N,0,1,0,0,0,0,0,0,0,SALINAS,-121.5139782,36.60524074,"c(-121.5139782, 36.60524074)",Other Unincorporated
5783,2017,9/27/17,2017-09-27T17:10:00Z,Wednesday,198,PINE VALLEY RD,W,N,198,NA,3,0,2,A,8,A,C,A,H,A,N,N,N,N,N,0,2,0,0,0,0,0,0,0,SAN LUCAS,-120.8732804,36.16602826,"c(-120.8732804, 36.16602826)",San Lucas
5784,2017,9/28/17,2017-09-28T13:34:00Z,Thursday,101,FRONT ST,S,N,101,NA,3,0,1,A,3,D,C,A,H,A,N,N,N,N,N,0,1,0,0,0,0,0,0,0,SOLEDAD,-121.3196635,36.41105242,"c(-121.3196635, 36.41105242)",Other Unincorporated
5785,2017,8/27/17,2017-08-27T22:45:00Z,Sunday,JOSSELYN CANYON ROAD,TWIN OAKS DRIVE,S,N,NA,NA,1,1,0,A,3,E,I,A,H,D,N,N,Y,N,N,0,0,0,0,0,0,0,1,0,MONTEREY,-121.8626157,36.581668380000004,"c(-121.8626157, 36.58166838)",Monterey
5786,2017,9/26/17,2017-09-26T06:33:00Z,Tuesday,1,STRUVE ROAD (NORTH),S,N,1,NA,4,0,2,A,3,C,C,A,H,A,N,N,N,N,N,0,0,2,0,0,0,0,0,0,MOSS LANDING,-121.7765053,36.82518957,"c(-121.7765053, 36.82518957)",Moss Landing
5787,2017,9/25/17,2017-09-25T17:30:00Z,Monday,101,SPENCE RD.,NA,Y,101,NA,3,0,1,A,9,D,C,A,H,A,N,N,N,N,N,0,1,0,0,0,0,0,0,0,SALINAS,-121.5669779,36.6128503,"c(-121.5669779, 36.6128503)",Other Unincorporated
5788,2017,9/27/17,2017-09-27T07:59:00Z,Wednesday,CARMEL VALLEY ROAD,LOMA DEL REY,E,N,NA,NA,3,0,2,A,8,E,I,A,H,A,N,N,N,N,N,0,2,0,0,0,0,0,0,0,CARMEL,-121.8157997,36.52599032,"c(-121.8157997, 36.52599032)",Other Unincorporated
5789,2017,9/27/17,2017-09-27T17:35:00Z,Wednesday,101,RALPH LANE,N,N,101,NA,4,0,1,A,3,C,C,A,H,A,N,N,N,N,N,0,0,1,0,0,0,0,0,0,SALINAS,-121.6661373,36.75975557,"c(-121.6661373, 36.75975557)",Other Unincorporated
5790,2017,9/29/17,2017-09-29T07:05:00Z,Friday,OLD STAGE ROAD,ALISAL ROAD,NA,Y,NA,NA,4,0,1,A,3,E,I,A,H,A,N,N,N,N,N,0,0,1,0,0,0,0,0,0,SALINAS,-121.5427099,36.63090003,"c(-121.5427099, 36.63090003)",Other Unincorporated
5791,2017,9/27/17,2017-09-27T16:14:00Z,Wednesday,LEWIS ROAD,VEGA ROAD,S,N,NA,NA,3,0,1,A,1,E,I,A,H,A,N,N,N,N,Y,0,1,0,0,0,0,0,0,0,ROYAL OAKS,-121.7264693,36.88439812,"c(-121.7264693, 36.88439812)",Royal Oake
5792,2017,9/30/17,2017-09-30T06:30:00Z,Saturday,SALINAS ROAD,TRAFTON ROAD,NA,Y,NA,NA,4,0,3,A,9,D,C,A,H,C,N,N,N,N,N,0,0,3,0,0,0,0,0,0,ROYAL OAKS,-121.74711,36.88679001,"c(-121.74711, 36.88679001)",Royal Oake
5793,2017,9/29/17,2017-09-29T15:30:00Z,Friday,SAN JUAN ROAD,MURPHY ROAD,NA,Y,NA,NA,3,0,2,A,9,D,C,A,H,A,N,N,N,N,N,0,1,1,0,0,0,0,0,0,ROYAL OAKS,-121.67608,36.89641007,"c(-121.67608, 36.89641007)",Royal Oake
5794,2017,9/29/17,2017-09-29T19:38:00Z,Friday,ROGGE ROAD,JASPER WAY,E,N,NA,NA,3,0,1,A,1,C,E,F,H,C,Y,N,N,N,Y,0,1,0,0,1,0,0,0,0,SALINAS,-121.6317167,36.73181259,"c(-121.6317167, 36.73181259)",Other Unincorporated
5795,2017,9/30/17,2017-09-30T22:25:00Z,Saturday,101,BROADWAY ST,N,N,101,NA,4,0,2,A,8,E,I,A,H,C,N,N,N,N,N,0,0,2,0,0,0,0,0,0,KING CITY,-121.1398816,36.20412179,"c(-121.1398816, 36.20412179)",King City
5796,2017,9/29/17,2017-09-29T08:10:00Z,Friday,RESERVATION ROAD,BLANCO ROAD,E,N,NA,NA,4,0,1,A,3,C,C,A,H,A,N,N,N,N,N,0,0,1,0,0,0,0,0,0,SALINAS,-121.7566012,36.66688907,"c(-121.7566012, 36.66688907)",Other Unincorporated
5797,2017,9/29/17,2017-09-29T15:30:00Z,Friday,CARMEL VALLEY RD.,COUNTRY CLUB DR.,E,N,NA,NA,3,0,1,A,1,E,I,A,H,A,N,N,N,N,Y,0,1,0,0,0,0,0,0,0,CARMEL VALLEY,-121.7462128,36.49384395,"c(-121.7462128, 36.49384395)",Carmel Valley
5798,2017,9/29/17,2017-09-29T06:35:00Z,Friday,68,TORERO DRIVE,W,N,68,NA,3,0,2,A,9,D,C,A,H,A,N,N,N,N,N,0,2,0,0,0,0,0,0,0,SALINAS,-121.7119719,36.58675421,"c(-121.7119719, 36.58675421)",Other Unincorporated
5799,2017,9/30/17,2017-09-30T19:20:00Z,Saturday,SAN MIGUEL CANYON ROAD,APRICOT LANE,N,N,NA,NA,3,0,3,A,5,B,C,A,H,B,N,N,N,N,N,0,1,2,0,0,0,0,0,0,ROYAL OAKS,-121.6927481,36.85489211,"c(-121.6927481, 36.85489211)",Royal Oake
5800,2017,9/30/17,2017-09-30T15:15:00Z,Saturday,101,HARTNELL ROAD,N,N,101,NA,4,0,1,A,7,C,C,A,H,A,N,N,N,N,N,0,0,1,0,0,0,0,0,0,SALINAS,-121.5809091,36.62275077,"c(-121.5809091, 36.62275077)",Other Unincorporated
5801,2017,10/1/17,2017-10-01T13:25:00Z,Sunday,101,MESSICK ROAD,N,N,101,NA,4,0,3,A,3,C,C,A,H,A,N,N,N,N,N,0,0,3,0,0,0,0,0,0,SALINAS,-121.6589574,36.80190067,"c(-121.6589574, 36.80190067)",Other Unincorporated
5802,2017,10/6/17,2017-10-06T13:04:00Z,Friday,WERNER ROAD,ELKHORN ROAD,W,N,NA,NA,3,0,1,A,21,C,C,A,H,A,N,N,N,Y,N,0,1,0,0,0,0,0,0,0,ROYAL OAKS,-121.7489495,36.87856025,"c(-121.7489495, 36.87856025)",Royal Oake
5803,2017,9/30/17,2017-09-30T20:32:00Z,Saturday,OLD STAGE ROAD,WILLIAMS ROAD,S,N,NA,NA,4,0,1,A,8,E,I,A,H,D,N,N,N,N,N,0,0,1,0,0,0,0,0,0,SALINAS,-121.572824,36.69687399,"c(-121.572824, 36.69687399)",Other Unincorporated
5804,2017,9/30/17,2017-09-30T03:50:00Z,Saturday,101,LAUREL DRIVE,S,N,NA,NA,3,0,1,A,8,E,J,A,H,C,N,N,N,N,N,0,1,0,0,0,0,0,0,0,SALINAS,-121.6642005,36.69741409,"c(-121.6642005, 36.69741409)",Salinas
5805,2017,10/1/17,2017-10-01T02:00:00Z,Sunday,TASSAJARA ROAD,CARMEL VALLEY ROAD,S,N,NA,NA,2,0,1,A,8,F,I,A,G,D,N,N,N,N,N,1,0,0,0,0,0,0,0,0,CARMEL VALLEY,-121.5938329,36.38313759,"c(-121.5938329, 36.38313759)",Carmel Valley
5806,2017,10/2/17,2017-10-02T06:43:00Z,Monday,156,CASTROVILLE BLVD,W,N,156,NA,4,0,1,A,3,C,C,A,H,A,N,N,N,N,N,0,0,1,0,0,0,0,0,0,SALINAS,-121.7434516,36.76818864,"c(-121.7434516, 36.76818864)",Other Unincorporated
5807,2017,10/2/17,2017-10-02T05:47:00Z,Monday,1,UNIVVERSITY WAY,N,N,1,NA,4,0,1,A,8,E,I,A,H,D,N,N,N,N,N,0,0,1,0,0,0,0,0,0,MONTEREY,-121.8735248,36.59403733,"c(-121.8735248, 36.59403733)",Monterey
5808,2017,10/2/17,2017-10-02T06:45:00Z,Monday,DEL MONTE AVE.,CHARLES BENSON RD.,S,N,NA,NA,4,0,2,A,9,D,C,A,H,A,N,N,N,N,N,0,0,2,0,0,0,0,0,0,MARINA,-121.7876822,36.72012331,"c(-121.7876822, 36.72012331)",Other Unincorporated
5809,2017,10/3/17,2017-10-03T17:05:00Z,Tuesday,1,RIBERA RD.,S,N,1,NA,4,0,1,A,5,B,C,A,H,A,N,N,N,N,N,0,0,1,0,0,0,0,0,0,CARMEL,-121.9196548,36.52853944,"c(-121.9196548, 36.52853944)",Other Unincorporated
5810,2017,10/4/17,2017-10-04T09:10:00Z,Wednesday,1,SOLEDAD DR.,N,N,1,NA,4,0,1,A,8,B,C,A,H,A,N,N,N,N,N,0,0,1,0,0,0,0,0,0,MONTEREY,-121.8870916,36.58403535,"c(-121.8870916, 36.58403535)",Monterey
5811,2017,10/4/17,2017-10-04T06:20:00Z,Wednesday,BLANCO  ROAD,DAVIS ROAD,W,N,NA,NA,4,0,1,A,3,C,C,A,H,D,N,N,N,N,N,0,0,1,0,0,0,0,0,0,SALINAS,-121.6910555,36.67006747,"c(-121.6910555, 36.67006747)",Other Unincorporated
5812,2017,4/8/17,2017-04-08T18:47:00Z,Saturday,LIGHTHOUSE AV,EARDLEY AV,NA,Y,NA,NA,4,0,1,A,9,D,C,A,H,B,N,N,N,N,N,0,0,1,0,0,0,0,0,0,PACIFIC GROVE,-121.90609,36.61690006,"c(-121.90609, 36.61690006)",Pacific Grove
5813,2017,3/20/17,2017-03-20T19:59:00Z,Monday,CENTRAL AV,EARDLEY AV,NA,Y,NA,NA,3,0,1,A,10,G,B,B,E,C,Y,N,N,N,N,0,1,0,0,1,0,0,0,0,PACIFIC GROVE,-121.9050999,36.61745008,"c(-121.9050999, 36.61745008)",Pacific Grove
5814,2017,4/21/17,2017-04-21T18:32:00Z,Friday,68,OLMSTED RD,E,N,68,H,4,0,2,A,3,C,C,A,H,B,N,N,N,N,N,0,0,2,0,0,0,0,0,0,MONTEREY,-121.8479954,36.58375244,"c(-121.8479954, 36.58375244)",Monterey
5815,2017,3/17/17,2017-03-17T15:53:00Z,Friday,LIEVRY WY,PARSON CIR,W,N,NA,NA,3,0,1,A,11,A,B,D,H,A,Y,N,N,N,N,0,1,0,0,1,0,0,0,0,MARINA,-121.796296,36.67544358,"c(-121.796296, 36.67544358)",Marina
5816,2017,4/21/17,2017-04-21T01:02:00Z,Friday,N SANBORN,E LAUREL,NA,Y,NA,NA,4,0,3,A,1,C,C,A,H,C,N,N,N,N,N,0,0,3,0,0,0,0,0,0,SALINAS,-121.6208799,36.68294006,"c(-121.6208799, 36.68294006)",Salinas
5817,2017,4/7/17,2017-04-07T18:20:00Z,Friday,NORTH MAIN ST,NAVAJO DR,S,N,NA,NA,3,0,1,A,3,C,C,A,H,A,N,N,N,N,N,0,1,0,0,0,0,0,0,0,SALINAS,-121.6532298,36.7056192,"c(-121.6532298, 36.7056192)",Salinas
5818,2017,4/15/17,2017-04-15T15:37:00Z,Saturday,MARIN AV,ALVIN DR,S,N,NA,NA,3,0,1,A,5,D,G,A,H,A,N,Y,N,N,N,0,1,0,0,0,0,1,0,0,SALINAS,-121.6330037,36.70369098,"c(-121.6330037, 36.70369098)",Salinas
5819,2017,4/29/17,2017-04-29T20:18:00Z,Saturday,MARYAL DR,EAST BERNAL DR,N,N,NA,NA,4,0,1,A,9,D,C,A,H,C,N,N,N,N,N,0,0,1,0,0,0,0,0,0,SALINAS,-121.6464711,36.69153797,"c(-121.6464711, 36.69153797)",Salinas
5820,2017,4/12/17,2017-04-12T17:24:00Z,Wednesday,HARDEN PKWY,REGENCY CIR,W,N,NA,NA,2,0,2,A,3,D,G,A,H,A,N,Y,N,N,N,1,1,0,0,0,0,1,0,0,SALINAS,-121.6505956,36.71367576,"c(-121.6505956, 36.71367576)",Salinas
5821,2017,4/21/17,2017-04-21T22:13:00Z,Friday,E BORONDA,NATIVIDAD RD,NA,Y,NA,NA,3,0,2,A,3,C,C,A,H,C,N,N,N,N,N,0,2,0,0,0,0,0,0,0,SALINAS,-121.6235199,36.71554002,"c(-121.6235199, 36.71554002)",Salinas
5822,2017,4/29/17,2017-04-29T08:09:00Z,Saturday,CASENTINI ST,NORTH MAIN ST,NA,Y,NA,NA,3,0,3,A,3,F,I,A,H,A,N,N,N,N,N,0,2,1,0,0,0,0,0,0,SALINAS,-121.6528299,36.68429007,"c(-121.6528299, 36.68429007)",Salinas
5823,2017,4/29/17,2017-04-29T17:07:00Z,Saturday,WILLIAMS RD,ALMA ST,E,N,NA,NA,3,0,5,A,9,D,C,A,H,A,N,N,N,N,N,0,1,4,0,0,0,0,0,0,SALINAS,-121.6093514,36.67833187,"c(-121.6093514, 36.67833187)",Salinas
5824,2017,4/22/17,2017-04-22T13:39:00Z,Saturday,NORTH DAVIS RD,WESTRIDGE PKWY,N,N,NA,NA,4,0,2,A,9,A,C,A,H,A,N,N,N,N,N,0,0,2,0,0,0,0,0,0,SALINAS,-121.6657773,36.70724273,"c(-121.6657773, 36.70724273)",Salinas
5825,2017,4/1/17,2017-04-01T20:06:00Z,Saturday,NORTH SANBORN RD,EAST BORONDA RD,S,N,NA,NA,3,0,3,A,9,D,C,A,H,A,N,N,N,N,N,0,1,2,0,0,0,0,0,0,SALINAS,-121.5971004,36.69424704,"c(-121.5971004, 36.69424704)",Salinas
5826,2017,4/25/17,2017-04-25T06:00:00Z,Tuesday,AIRPORT BL,MOFFETT ST,E,N,NA,NA,4,0,1,A,3,C,C,A,H,B,N,N,N,N,N,0,0,1,0,0,0,0,0,0,SALINAS,-121.6196351,36.66382937,"c(-121.6196351, 36.66382937)",Salinas
5827,2017,4/10/17,2017-04-10T17:46:00Z,Monday,WILLIAMS RD,FREEDOM PKWY,N,N,NA,NA,2,0,1,A,8,E,I,A,H,A,N,N,N,N,Y,1,0,0,0,0,0,0,0,0,SALINAS,-121.59503,36.68657287,"c(-121.59503, 36.68657287)",Other Unincorporated
5828,2017,4/3/17,2017-04-03T18:24:00Z,Monday,RIDER AV,AMARILLO WY,NA,Y,NA,NA,4,0,2,A,9,D,C,A,H,A,N,N,N,N,N,0,0,2,0,0,0,0,0,0,SALINAS,-121.61029,36.69358005,"c(-121.61029, 36.69358005)",Salinas
5829,2017,4/7/17,2017-04-07T14:52:00Z,Friday,EAST BORONDA RD,NATIVIDAD RD,E,N,NA,NA,3,0,1,A,3,C,C,A,H,A,N,N,N,N,N,0,1,0,0,0,0,0,0,0,SALINAS,-121.6225016,36.71545665,"c(-121.6225016, 36.71545665)",Salinas
5830,2017,4/7/17,2017-04-07T16:10:00Z,Friday,KENTUCKY AV,CIRCLE DR,NA,Y,NA,NA,4,0,3,A,9,D,C,A,H,A,N,N,N,N,N,0,0,3,0,0,0,0,0,0,SALINAS,-121.6225299,36.6795901,"c(-121.6225299, 36.6795901)",Salinas
5831,2017,3/26/17,2017-03-26T07:44:00Z,Sunday,NORTH DAVIS RD,WEST LAUREL DR,NA,Y,NA,NA,3,0,1,A,12,D,C,A,H,A,N,N,N,N,N,0,1,0,0,0,0,0,0,0,SALINAS,-121.6680899,36.6979101,"c(-121.6680899, 36.6979101)",Salinas
5832,2017,3/21/17,2017-03-21T15:03:00Z,Tuesday,WILLIAMS RD,EAST LAUREL DR,N,N,NA,NA,3,0,2,A,9,A,C,A,H,A,N,N,N,N,N,0,2,0,0,0,0,0,0,0,SALINAS,-121.6139823,36.67568793,"c(-121.6139823, 36.67568793)",Salinas
5833,2017,3/27/17,2017-03-27T12:59:00Z,Monday,HARDEN PKWY,REGENCY CIR,NA,Y,NA,NA,4,0,1,A,9,D,NA,A,H,A,N,N,N,N,N,0,0,1,0,0,0,0,0,0,SALINAS,-121.6492599,36.71347008,"c(-121.6492599, 36.71347008)",Salinas
5834,2017,10/4/17,2017-10-04T20:30:00Z,Wednesday,HARRIS ROAD,HARRIS COURT,E,N,NA,NA,3,0,1,A,8,D,C,A,H,D,N,N,N,N,N,0,1,0,0,0,0,0,0,0,SALINAS,-121.6367457,36.61888459,"c(-121.6367457, 36.61888459)",Other Unincorporated
5835,2017,8/27/17,2017-08-27T23:40:00Z,Sunday,HARRISON ROAD,MARTINES ROAD,N,N,NA,NA,1,1,0,A,1,E,I,A,H,D,N,N,N,N,Y,0,0,0,0,0,0,0,0,0,SALINAS,-121.6572659,36.74952511,"c(-121.6572659, 36.74952511)",Other Unincorporated
5836,2017,10/2/17,2017-10-02T11:50:00Z,Monday,101,SANBORN ROAD,N,N,101,NA,3,0,1,A,3,C,C,A,D,A,N,N,N,Y,N,0,1,0,0,0,0,0,0,0,SALINAS,-121.6317787,36.6679693,"c(-121.6317787, 36.6679693)",Salinas
5837,2017,10/1/17,2017-10-01T10:05:00Z,Sunday,156,CATHEDRAL OAK ROAD,W,N,156,NA,4,0,1,A,3,B,C,A,H,A,N,N,N,N,N,0,0,1,0,0,0,0,0,0,SALINAS,-121.7198039,36.77521338,"c(-121.7198039, 36.77521338)",Other Unincorporated
5838,2017,10/9/17,2017-10-09T12:00:00Z,Monday,PAUL AVE,CORNWALL ST,NA,Y,NA,NA,4,0,1,A,9,D,C,A,H,A,N,N,N,N,N,0,0,1,0,0,0,0,0,0,SALINAS,-121.6399399,36.7338601,"c(-121.6399399, 36.7338601)",Other Unincorporated
5839,2017,10/4/17,2017-10-04T22:45:00Z,Wednesday,101,CAMPHORA GLORIA ROAD O/C,S,N,101,NA,4,0,1,A,3,C,C,A,H,C,N,N,N,N,N,0,0,1,0,0,0,0,0,0,SOLEDAD,-121.3616891,36.44784762,"c(-121.3616891, 36.44784762)",Other Unincorporated
5840,2017,10/4/17,2017-10-04T20:00:00Z,Wednesday,1,MOSS LANDING ROAD,N,N,1,NA,3,0,1,A,1,D,C,A,H,C,N,N,N,N,Y,0,1,0,0,0,0,0,0,0,MOSS LANDING,-121.783623,36.79103,"c(-121.783623, 36.79103)",Moss Landing
5841,2017,10/4/17,2017-10-04T15:10:00Z,Wednesday,1,DEL MONTE BLVD,S,N,1,NA,4,0,1,A,8,F,I,A,H,A,N,N,N,N,N,0,0,1,0,0,0,0,0,0,MARINA,-121.7948377,36.71574803,"c(-121.7948377, 36.71574803)",Other Unincorporated
5842,2017,3/14/17,2017-03-14T08:32:00Z,Tuesday,W ROSSI,STOCKTON,NA,Y,NA,NA,3,0,1,A,10,G,B,B,H,A,Y,N,N,N,N,0,1,0,0,1,0,0,0,0,SALINAS,-121.6664199,36.68586011,"c(-121.6664199, 36.68586011)",Salinas
5843,2017,3/24/17,2017-03-24T15:50:00Z,Friday,E ALISAL ST,N WOOD ST,NA,Y,NA,NA,3,0,1,A,10,G,B,D,H,A,Y,N,N,N,N,0,1,0,0,1,0,0,0,0,SALINAS,-121.6353999,36.67370002,"c(-121.6353999, 36.67370002)",Salinas
5844,2017,3/28/17,2017-03-28T15:12:00Z,Tuesday,CHURCH ST,EAST SAN LUIS ST,NA,Y,NA,NA,4,0,2,A,12,D,C,A,H,A,N,N,N,N,N,0,0,2,0,0,0,0,0,0,SALINAS,-121.65754,36.67153009,"c(-121.65754, 36.67153009)",Salinas
5845,2017,3/30/17,2017-03-30T16:41:00Z,Thursday,DEL MONTE,BURKE ST,E,N,NA,NA,4,0,3,A,9,D,C,A,H,A,N,N,N,N,N,0,0,3,0,0,0,0,0,0,SALINAS,-121.6060748,36.68329665,"c(-121.6060748, 36.68329665)",Salinas
5846,2017,3/16/17,2017-03-16T12:24:00Z,Thursday,NORTH MAIN ST,CHAPARRAL,N,N,NA,NA,4,0,1,A,7,B,C,A,H,A,N,N,N,N,N,0,0,1,0,0,0,0,0,0,SALINAS,-121.652955,36.70420912,"c(-121.652955, 36.70420912)",Salinas
5847,2017,3/22/17,2017-03-22T08:55:00Z,Wednesday,WEST ACACIA ST,W ALISAL ST,NA,Y,NA,NA,3,0,3,A,9,A,C,A,H,A,N,N,N,N,N,0,1,2,0,0,0,0,0,0,SALINAS,-121.6726999,36.66946003,"c(-121.6726999, 36.66946003)",Salinas
5848,2017,3/22/17,2017-03-22T05:43:00Z,Wednesday,SOUTH SANBORN RD,ABBOTT ST,NA,Y,NA,NA,4,0,1,A,17,A,C,A,H,C,N,N,N,N,N,0,0,1,0,0,0,0,0,0,SALINAS,-121.6358399,36.65725005,"c(-121.6358399, 36.65725005)",Salinas
5849,2017,4/21/17,2017-04-21T13:07:00Z,Friday,EAST MARKET ST,PAJARO ST,W,N,NA,NA,4,0,2,A,7,B,C,A,H,A,N,N,N,N,N,0,0,2,0,0,0,0,0,0,SALINAS,-121.6533568,36.67782956,"c(-121.6533568, 36.67782956)",Salinas
5850,2017,3/10/17,2017-03-10T16:55:00Z,Friday,NORTH MAIN ST,BORONDA RD,S,N,NA,NA,4,0,1,A,3,NA,C,A,H,A,N,N,N,N,N,0,0,1,0,0,0,0,0,0,SALINAS,-121.6562126,36.72153878,"c(-121.6562126, 36.72153878)",Salinas