X1,ACCIDENT_YEAR,COLLISION_DATE,COLLISION_TIME,DAY_OF_WEEK,PRIMARY_RD,SECONDARY_RD,DIRECTION,INTERSECTION,STATE_ROUTE,LOCATION_TYPE,COLLISION_SEVERITY,NUMBER_KILLED,NUMBER_INJURED,PRIMARY_COLL_FACTOR,PCF_VIOL_CATEGORY,TYPE_OF_COLLISION,MVIW,PED_ACTION,ROAD_COND_1,LIGHTING,PEDESTRIAN_ACCIDENT,BICYCLE_ACCIDENT,MOTORCYCLE_ACCIDENT,TRUCK_ACCIDENT,ALCOHOL_INVOLVED,COUNT_SEVERE_INJ,COUNT_VISIBLE_INJ,COUNT_COMPLAINT_PAIN,COUNT_PED_KILLED,COUNT_PED_INJURED,COUNT_BICYCLIST_KILLED,COUNT_BICYCLIST_INJURED,COUNT_MC_KILLED,COUNT_MC_INJURED,CITY,lon,lat,geometry,city_new
5851,2017,4/14/17,2017-04-14T12:18:00Z,Friday,DE FOREST RD,RESERVATION RD,N,N,NA,NA,4,0,1,A,9,D,C,A,H,A,N,N,N,N,N,0,0,1,0,0,0,0,0,0,MARINA,-121.7932737,36.68492838,"c(-121.7932737, 36.68492838)",Marina
5852,2017,4/26/17,2017-04-26T18:20:00Z,Wednesday,FREMONT BL,ORD GROVE,N,N,NA,NA,4,0,2,A,3,C,C,A,H,A,N,N,N,N,N,0,0,2,0,0,0,0,0,0,SEASIDE,-121.8406941,36.61952974,"c(-121.8406941, 36.61952974)",Seaside
5853,2017,4/14/17,2017-04-14T09:31:00Z,Friday,OCEAN AV,DOLORES,NA,Y,NA,NA,4,0,5,A,12,D,C,A,H,A,N,N,N,N,N,0,0,5,0,0,0,0,0,0,CARMEL,-121.92268,36.55509004,"c(-121.92268, 36.55509004)",Carmel-by-the-Sea
5854,2017,10/6/17,2017-10-06T13:25:00Z,Friday,STRUVE RD. (SOUTH),SR-1,W,N,NA,NA,2,0,2,A,1,E,I,A,H,A,N,N,N,N,Y,1,1,0,0,0,0,0,0,0,ROYAL OAKS,-121.78005,36.82335,"c(-121.78005, 36.82335)",Royal Oake
5855,2017,10/3/17,2017-10-03T08:55:00Z,Tuesday,SAN JUAN ROAD,AROMAS ROAD,NA,Y,NA,NA,4,0,1,A,3,D,C,A,H,A,N,N,N,Y,N,0,0,1,0,0,0,0,0,0,ROYAL OAKS,-121.66189,36.88257011,"c(-121.66189, 36.88257011)",Royal Oake
5856,2017,10/7/17,2017-10-07T03:30:00Z,Saturday,ARROYO SECO RD,ELM AVE,S,N,NA,NA,3,0,3,A,8,E,I,A,H,D,N,N,N,N,N,0,3,0,0,0,0,0,0,0,SOLEDAD,-121.3277502,36.27919077,"c(-121.3277502, 36.27919077)",Other Unincorporated
5857,2017,10/6/17,2017-10-06T17:40:00Z,Friday,101,RALPH LANE,N,N,101,NA,3,0,2,A,3,C,C,A,H,A,N,N,N,N,N,0,1,1,0,0,0,0,0,0,SALINAS,-121.6661181,36.75968695,"c(-121.6661181, 36.75968695)",Other Unincorporated
5858,2017,10/7/17,2017-10-07T18:25:00Z,Saturday,HALL ROAD,LAS LOMAS DRIVE,W,N,NA,NA,4,0,2,A,3,C,C,A,H,A,N,N,N,N,N,0,0,2,0,0,0,0,0,0,ROYAL OAKS,-121.7353841,36.86573076,"c(-121.7353841, 36.86573076)",Royal Oake
5859,2017,10/8/17,2017-10-08T11:50:00Z,Sunday,101,OLD STAGE RD.,S,N,101,NA,4,0,1,A,17,B,C,A,H,A,N,N,N,N,N,0,0,1,0,0,0,0,0,0,GONZALES,-121.4491702,36.52175863,"c(-121.4491702, 36.52175863)",Other Unincorporated
5860,2017,10/6/17,2017-10-06T18:54:00Z,Friday,BLACKIE ROAD,COMMERCIAL PKWAY,E,N,NA,NA,3,0,1,A,3,E,I,A,H,B,N,N,N,N,N,0,1,0,0,0,0,0,0,0,SALINAS,-121.7123814,36.7716249,"c(-121.7123814, 36.7716249)",Other Unincorporated
5861,2017,10/15/17,2017-10-15T10:30:00Z,Sunday,METZ ROAD,TOPO ROAD,N,N,NA,NA,3,0,1,A,1,E,I,A,H,A,N,N,N,N,Y,0,1,0,0,0,0,0,0,0,SOLEDAD,-121.2419952,36.38037969,"c(-121.2419952, 36.38037969)",Other Unincorporated
5862,2017,10/14/17,2017-10-14T15:28:00Z,Saturday,ARROYO SECO RD,CEDAR AVE,S,N,NA,NA,2,0,1,A,1,E,I,A,H,A,N,N,N,N,Y,1,0,0,0,0,0,0,0,0,SOLEDAD,-121.314003,36.29619406,"c(-121.314003, 36.29619406)",Other Unincorporated
5863,2017,10/4/17,2017-10-04T12:18:00Z,Wednesday,CARMEL VALLEY RD,DORRIS DR,NA,Y,NA,NA,3,0,2,A,9,D,C,A,H,A,N,N,N,N,N,0,2,0,0,0,0,0,0,0,CARMEL,-121.8100399,36.52371004,"c(-121.8100399, 36.52371004)",Other Unincorporated
5864,2017,4/8/17,2017-04-08T14:37:00Z,Saturday,OLYMPIA AV,SAN LUCAS ST,NA,Y,NA,NA,4,0,2,A,9,D,C,A,H,A,N,N,N,N,N,0,0,2,0,0,0,0,0,0,SEASIDE,-121.8402,36.61006008,"c(-121.8402, 36.61006008)",Seaside
5865,2017,4/10/17,2017-04-10T15:01:00Z,Monday,BROADWAY AV,CALAVERAS ST,NA,Y,NA,NA,4,0,1,A,9,NA,C,A,H,A,N,N,N,N,N,0,0,1,0,0,0,0,0,0,SEASIDE,-121.8474999,36.60922004,"c(-121.8474999, 36.60922004)",Seaside
5866,2017,4/5/17,2017-04-05T13:02:00Z,Wednesday,LA SALLE AV,MARIPOSA ST,E,N,NA,NA,3,0,1,A,11,G,B,D,H,A,Y,N,N,N,N,0,1,0,0,1,0,0,0,0,SEASIDE,-121.8271516,36.61663,"c(-121.8271516, 36.61663)",Seaside
5867,2017,4/30/17,2017-04-30T17:12:00Z,Sunday,HILBY AV,FREMONT BL,E,N,NA,NA,4,0,3,A,9,B,D,A,H,A,N,N,N,N,N,0,0,3,0,0,0,0,0,0,SEASIDE,-121.8477933,36.60256658,"c(-121.8477933, 36.60256658)",Seaside
5868,2017,4/24/17,2017-04-24T18:37:00Z,Monday,CALAVARES ST,BROADWAY AV,NA,Y,NA,NA,3,0,1,A,5,H,G,A,H,A,N,Y,N,N,N,0,1,0,0,0,0,1,0,0,SEASIDE,-121.8474999,36.60922004,"c(-121.8474999, 36.60922004)",Seaside
5869,2017,3/19/17,2017-03-19T10:01:00Z,Sunday,SONOMA AV,FREMONT BL,NA,Y,NA,NA,3,0,1,A,10,B,B,B,H,A,Y,N,N,N,N,0,1,0,0,1,0,0,0,0,SEASIDE,-121.8470999,36.60625012,"c(-121.8470999, 36.60625012)",Seaside
5870,2017,3/14/17,2017-03-14T07:50:00Z,Tuesday,BROADWAY AV,MESCAL ST,NA,Y,NA,NA,4,0,1,A,9,D,C,A,H,A,N,N,N,N,N,0,0,1,0,0,0,0,0,0,SEASIDE,-121.8244699,36.60873002,"c(-121.8244699, 36.60873002)",Seaside
5871,2017,5/6/17,2017-05-06T13:15:00Z,Saturday,HOFFMAN AV,LIGHTHOUSE AV,E,N,NA,NA,4,0,1,A,9,H,G,A,H,A,N,Y,N,N,N,0,0,1,0,0,0,1,0,0,MONTEREY,-121.9016987,36.61356613,"c(-121.9016987, 36.61356613)",Monterey
5872,2017,5/8/17,2017-05-08T13:09:00Z,Monday,LARKIN ST,MADISON ST,S,N,NA,NA,3,0,3,A,8,E,I,A,H,A,N,N,N,N,N,0,3,0,0,0,0,0,0,0,MONTEREY,-121.9002,36.59653,"c(-121.9002, 36.59653)",Monterey
5873,2017,5/3/17,2017-05-03T04:56:00Z,Wednesday,CASANOVA AV,NORTH FREMONT ST,S,N,NA,NA,4,0,1,A,1,E,I,A,H,C,N,N,N,N,N,0,0,1,0,0,0,0,0,0,MONTEREY,-121.8526674,36.5972385,"c(-121.8526674, 36.5972385)",Monterey
5874,2017,10/8/17,2017-10-08T18:15:00Z,Sunday,1,SR-68 (HOLMAN HIGHWAY),S,N,1,NA,4,0,1,A,1,E,I,A,H,A,N,N,N,N,Y,0,0,1,0,0,0,0,0,0,CARMEL,-121.9127345,36.57355616,"c(-121.9127345, 36.57355616)",Other Unincorporated
5875,2017,10/14/17,2017-10-14T06:40:00Z,Saturday,101,DOUD RD,NA,Y,101,NA,4,0,1,A,3,D,C,A,H,B,N,N,N,Y,N,0,0,1,0,0,0,0,0,0,SOLEDAD,-121.2975097,36.38085116,"c(-121.2975097, 36.38085116)",Other Unincorporated
5876,2017,10/8/17,2017-10-08T23:05:00Z,Sunday,BLACKIE ROAD,ROLLING MEADOWS LANE,E,N,NA,NA,3,0,1,A,8,E,A,A,H,D,N,N,N,N,Y,0,1,0,0,0,0,0,0,0,SALINAS,-121.6854071,36.77585719,"c(-121.6854071, 36.77585719)",Other Unincorporated
5877,2017,10/9/17,2017-10-09T21:30:00Z,Monday,101,MAIN ST. O/C (CHUALAR),S,N,101,NA,3,0,4,A,8,C,C,A,H,D,N,N,N,N,N,0,2,2,0,0,0,0,0,0,GONZALES,-121.5022958,36.55369121,"c(-121.5022958, 36.55369121)",Other Unincorporated
5878,2017,10/10/17,2017-10-10T07:57:00Z,Tuesday,SAN JUAN GRADE RD,AUGUSTA DR,S,N,NA,NA,4,0,1,A,5,B,C,A,H,A,N,N,N,N,N,0,0,1,0,0,0,0,0,0,SALINAS,-121.6287919,36.74453915,"c(-121.6287919, 36.74453915)",Other Unincorporated
5879,2017,10/11/17,2017-10-11T16:10:00Z,Wednesday,183,WASHINGTON STREET,NA,Y,183,NA,4,0,1,A,9,D,C,A,H,A,N,N,N,N,N,0,0,1,0,0,0,0,0,0,CASTROVILLE,-121.7629493,36.769366840000004,"c(-121.7629493, 36.76936684)",Castroville
5880,2017,10/10/17,2017-10-10T14:13:00Z,Tuesday,183,WOOD ST.,S,N,183,NA,4,0,1,A,3,C,C,A,H,A,N,N,N,N,N,0,0,1,0,0,0,0,0,0,CASTROVILLE,-121.7510775,36.76056953,"c(-121.7510775, 36.76056953)",Castroville
5881,2017,10/10/17,2017-10-10T22:28:00Z,Tuesday,101,SR-156,S,N,101,NA,3,0,2,A,1,G,E,A,H,C,N,N,N,Y,N,0,2,0,0,0,0,0,0,0,SALINAS,-121.667749,36.78909824,"c(-121.667749, 36.78909824)",Other Unincorporated
5882,2017,10/11/17,2017-10-11T13:39:00Z,Wednesday,1,OCEAN AVE.,N,N,1,NA,2,0,2,A,1,C,C,A,H,A,N,N,N,N,N,1,0,1,0,0,0,0,0,0,CARMEL,-121.911255,36.5566227,"c(-121.911255, 36.5566227)",Other Unincorporated
5883,2017,10/10/17,2017-10-10T14:15:00Z,Tuesday,101,DUNBARTON ROAD,S,N,101,NA,3,0,3,A,3,C,C,A,H,A,N,N,N,Y,N,0,1,2,0,0,0,0,0,0,SALINAS,-121.6320219,36.83942922,"c(-121.6320219, 36.83942922)",Other Unincorporated
5884,2017,10/11/17,2017-10-11T15:20:00Z,Wednesday,S. DAVIS ROAD,W. BLANCO ROAD,NA,Y,NA,NA,4,0,1,A,21,C,C,A,H,A,N,N,N,N,N,0,0,1,0,0,0,0,0,0,SALINAS,-121.68511,36.6668,"c(-121.68511, 36.6668)",Other Unincorporated
5885,2017,10/11/17,2017-10-11T18:24:00Z,Wednesday,1,OCEAN STREET,S,N,1,NA,4,0,1,A,21,C,C,A,H,C,N,N,N,N,N,0,0,1,0,0,0,0,0,0,CARMEL,-121.9108293,36.55379114,"c(-121.9108293, 36.55379114)",Other Unincorporated
5886,2017,10/12/17,2017-10-12T06:40:00Z,Thursday,BLANCO ROAD,ARMSTRONG ROAD,E,N,NA,NA,3,0,1,A,8,D,C,A,H,D,N,N,N,Y,N,0,1,0,0,0,0,0,0,0,SALINAS,-121.7061389,36.67847861,"c(-121.7061389, 36.67847861)",Other Unincorporated
5887,2017,10/12/17,2017-10-12T20:45:00Z,Thursday,101,5TH STREET O/C,N,N,101,NA,3,0,2,A,1,C,C,A,H,D,N,N,N,N,Y,0,1,1,0,0,0,0,0,0,GONZALES,-121.4529846,36.52201368,"c(-121.4529846, 36.52201368)",Other Unincorporated
5888,2017,10/12/17,2017-10-12T22:00:00Z,Thursday,SALINAS RD.,HILLCREST RD.,E,N,NA,NA,3,0,2,A,1,C,C,A,H,C,N,N,N,N,Y,0,1,1,0,0,0,0,0,0,ROYAL OAKS,-121.7614287,36.87350114,"c(-121.7614287, 36.87350114)",Royal Oake
5889,2017,10/13/17,2017-10-13T06:55:00Z,Friday,ABBOTT STREET,HARRIS ROAD,S,N,NA,NA,4,0,1,A,3,C,C,A,H,A,N,N,N,N,N,0,0,1,0,0,0,0,0,0,SALINAS,-121.5985991,36.6349815,"c(-121.5985991, 36.6349815)",Other Unincorporated
5890,2017,10/12/17,2017-10-12T17:38:00Z,Thursday,PRUNEDALE SOUTH ROAD,BLACKIE ROAD,N,N,NA,NA,4,0,2,D,0,D,C,A,H,A,N,N,N,N,N,0,0,2,0,0,0,0,0,0,SALINAS,-121.6718572,36.77467502,"c(-121.6718572, 36.77467502)",Other Unincorporated
5891,2017,10/13/17,2017-10-13T20:34:00Z,Friday,ALTA STREET,CORDA ROAD,N,N,NA,NA,3,0,1,A,1,F,A,A,H,D,N,N,N,N,Y,0,1,0,0,0,0,0,0,0,GONZALES,-121.4602398,36.51889635,"c(-121.4602398, 36.51889635)",Other Unincorporated
5892,2017,10/14/17,2017-10-14T13:50:00Z,Saturday,101,SAN MIGUEL RD,N,N,101,NA,4,0,2,A,3,C,C,A,H,A,N,N,N,N,N,0,0,2,0,0,0,0,0,0,SALINAS,-121.6582233,36.8022228,"c(-121.6582233, 36.8022228)",Other Unincorporated
5893,2017,10/14/17,2017-10-14T12:00:00Z,Saturday,NATIVIDAD ROAD,OLD STAGE ROAD,S,N,NA,NA,4,0,1,A,3,C,C,A,H,A,N,N,N,N,N,0,0,1,0,0,0,0,0,0,SALINAS,-121.6027044,36.7385493,"c(-121.6027044, 36.7385493)",Other Unincorporated
5894,2017,10/14/17,2017-10-14T02:04:00Z,Saturday,SILLIMAN ROAD,CAMPHORA ROAD,N,N,NA,NA,3,0,1,A,8,E,I,A,H,D,N,N,N,N,N,0,1,0,0,0,0,0,0,0,SOLEDAD,-121.3789374,36.45854473,"c(-121.3789374, 36.45854473)",Other Unincorporated
5895,2017,10/14/17,2017-10-14T18:27:00Z,Saturday,1,SR-1 SB OFF TO SR-68 EB RAMP,S,N,1,R,3,0,1,A,1,E,I,A,H,C,N,N,N,N,Y,0,1,0,0,0,0,0,0,0,MONTEREY,-121.87068,36.59484,"c(-121.87068, 36.59484)",Monterey
5896,2017,10/15/17,2017-10-15T19:10:00Z,Sunday,HALL RD,JOHNSON RD,W,N,NA,NA,4,0,1,C,18,H,H,A,H,D,N,N,N,N,N,0,0,1,0,0,0,0,0,0,ROYAL OAKS,-121.710071,36.86303904,"c(-121.710071, 36.86303904)",Royal Oake
5897,2017,10/15/17,2017-10-15T15:30:00Z,Sunday,1,CASA VERDE RD U/C,S,N,NA,NA,3,0,4,A,3,C,C,A,H,A,N,N,N,N,N,0,1,3,0,0,0,0,0,0,MONTEREY,-121.8644781,36.5988322,"c(-121.8644781, 36.5988322)",Monterey
5898,2017,10/15/17,2017-10-15T15:00:00Z,Sunday,1,TIOGA AVE O/C,N,N,NA,NA,4,0,1,A,3,C,C,A,H,A,N,N,N,N,N,0,0,1,0,0,0,0,0,0,SAND CITY,-121.8479592,36.61898992,"c(-121.8479592, 36.61898992)",Sand City
5899,2017,10/15/17,2017-10-15T22:20:00Z,Sunday,HALL ROAD,SAN MIGUEL CANYON ROAD,NA,Y,NA,NA,2,0,7,A,1,A,C,A,H,D,N,N,N,N,Y,1,3,3,0,0,0,0,0,0,ROYAL OAKS,-121.6951999,36.8593201,"c(-121.6951999, 36.8593201)",Royal Oake
5900,2017,10/20/17,2017-10-20T06:25:00Z,Friday,101,CENTRAL AVE,S,N,NA,NA,3,0,2,A,3,C,C,A,H,D,N,N,N,N,N,0,2,0,0,0,0,0,0,0,KING CITY,-121.16818,36.22036575,"c(-121.16818, 36.22036575)",Other Unincorporated
5901,2017,10/18/17,2017-10-18T06:40:00Z,Wednesday,FRONT  STREET,MORANDA ROAD,N,N,NA,NA,3,0,2,A,5,A,C,A,H,A,N,N,N,N,N,0,2,0,0,0,0,0,0,0,SOLEDAD,-121.33637,36.43134,"c(-121.33637, 36.43134)",Soledad
5902,2017,10/19/17,2017-10-19T11:05:00Z,Thursday,1,CASA VERDE WAY,N,N,1,NA,4,0,1,A,7,B,C,A,H,A,N,N,N,N,N,0,0,1,0,0,0,0,0,0,MONTEREY,-121.8637893,36.59999071,"c(-121.8637893, 36.59999071)",Monterey
5903,2017,4/30/17,2017-04-30T16:22:00Z,Sunday,BONIFACIO PL,WASHINGTON ST,NA,Y,NA,NA,3,0,1,A,12,NA,NA,A,NA,NA,N,Y,N,N,N,0,1,0,0,0,0,1,0,0,MONTEREY,-121.89284,36.59871011,"c(-121.89284, 36.59871011)",Monterey
5904,2017,4/29/17,2017-04-29T12:02:00Z,Saturday,VIRGIN AV,DEL MONTE AV,S,N,NA,NA,4,0,1,A,11,D,G,A,H,A,N,Y,N,N,N,0,0,1,0,0,0,1,0,0,MONTEREY,-121.8598165,36.60517763,"c(-121.8598165, 36.60517763)",Monterey
5905,2017,4/17/17,2017-04-17T11:55:00Z,Monday,DEL MONTE AV,FIGUEROA ST,W,N,NA,NA,4,0,2,A,3,C,C,A,H,A,N,N,N,N,N,0,0,2,0,0,0,0,0,0,MONTEREY,-121.890177,36.60028197,"c(-121.890177, 36.60028197)",Monterey
5906,2017,4/28/17,2017-04-28T11:06:00Z,Friday,DEL MONTE AV,CAMINO AGUAJITO,W,N,NA,NA,4,0,1,A,3,C,C,A,H,A,N,N,N,N,N,0,0,1,0,0,0,0,0,0,MONTEREY,-121.8839139,36.59994,"c(-121.8839139, 36.59994)",Monterey
5907,2017,4/16/17,2017-04-16T10:49:00Z,Sunday,DEL MONTE AV,SLOAT AV,W,N,NA,NA,4,0,2,A,3,C,C,A,H,A,N,N,N,N,N,0,0,2,0,0,0,0,0,0,MONTEREY,-121.8795442,36.59987404,"c(-121.8795442, 36.59987404)",Monterey
5908,2017,5/2/17,2017-05-02T15:22:00Z,Tuesday,DEL MONTE BL,CYPRESS AV,NA,N,NA,NA,3,0,1,B,22,G,B,D,H,A,Y,N,N,N,N,0,1,0,0,1,0,0,0,0,MARINA,-121.8052199,36.68178,"c(-121.8052199, 36.68178)",Marina
5909,2017,4/21/17,2017-04-21T13:08:00Z,Friday,OCEAN AV,TORRES ST,E,N,NA,NA,4,0,1,A,3,C,C,A,H,A,N,N,N,N,N,0,0,1,0,0,0,0,0,0,CARMEL,-121.9189678,36.5551,"c(-121.9189678, 36.5551)",Carmel-by-the-Sea
5910,2017,5/4/17,2017-05-04T16:02:00Z,Thursday,IMJIN PW,CALIFORNIA AV,W,N,NA,NA,4,0,1,A,3,E,I,A,H,A,N,N,N,N,N,0,0,1,0,0,0,0,0,0,MARINA,-121.7972742,36.66631408,"c(-121.7972742, 36.66631408)",Marina
5911,2017,1/6/17,2017-01-06T17:56:00Z,Friday,68,WEST ACACIA ST,NA,Y,68,I,4,0,1,A,9,C,C,A,H,C,N,N,N,N,N,0,0,1,0,0,0,0,0,0,SALINAS,-121.6571128,36.66454576,"c(-121.6571128, 36.66454576)",Salinas
5912,2017,6/6/17,2017-06-06T09:09:00Z,Tuesday,183,VILLA ST,W,N,183,H,3,0,1,A,9,D,G,A,H,A,N,Y,N,N,N,0,1,0,0,0,0,1,0,0,SALINAS,-121.6650568,36.68099958,"c(-121.6650568, 36.68099958)",Salinas
5913,2017,7/16/17,2017-07-16T20:26:00Z,Sunday,NORTH DAVIS RD,WEST LAUREL DR,N,N,NA,NA,3,0,1,A,9,D,C,A,H,C,N,N,N,N,N,0,1,0,0,0,0,0,0,0,SALINAS,-121.6669445,36.70243679,"c(-121.6669445, 36.70243679)",Salinas
5914,2017,4/18/17,2017-04-18T13:32:00Z,Tuesday,NORTH SANBORN RD,GARNER AV,NA,Y,NA,NA,3,0,1,A,5,NA,G,A,H,A,N,Y,N,N,N,0,1,0,0,0,0,1,0,0,SALINAS,-121.6151399,36.68621007,"c(-121.6151399, 36.68621007)",Salinas
5915,2017,10/18/17,2017-10-18T10:15:00Z,Wednesday,1,STRUVE ROAD (SOUTH),N,N,1,NA,3,0,2,C,18,B,C,A,H,A,N,N,N,N,N,0,1,1,0,0,0,0,0,0,MOSS LANDING,-121.7727464,36.82836027,"c(-121.7727464, 36.82836027)",Moss Landing
5916,2017,10/20/17,2017-10-20T08:15:00Z,Friday,ENCINAL ROAD,OLD STAGE ROAD,E,N,NA,NA,4,0,2,A,6,B,C,A,H,A,N,N,N,N,N,0,0,2,0,0,0,0,0,0,SALINAS,-121.5186094,36.62256269,"c(-121.5186094, 36.62256269)",Other Unincorporated
5917,2017,10/20/17,2017-10-20T06:36:00Z,Friday,101,BORONDA RD,N,N,101,R,3,0,1,A,3,E,A,A,H,D,N,N,N,N,N,0,1,0,0,0,0,0,0,0,SALINAS,-121.65842,36.72261,"c(-121.65842, 36.72261)",Other Unincorporated
5918,2017,10/18/17,2017-10-18T00:20:00Z,Wednesday,SAN MIGUEL CANYON ROAD,CASTROVILLE BOULEVARD,NA,Y,NA,NA,3,0,1,A,1,F,I,A,H,D,N,N,N,N,Y,0,1,0,0,0,0,0,0,0,SALINAS,-121.6719099,36.80840007,"c(-121.6719099, 36.80840007)",Other Unincorporated
5919,2017,10/20/17,2017-10-20T16:28:00Z,Friday,CARMEL VALLEY ROAD,CYPRESS LANE,W,N,NA,NA,3,0,1,C,18,E,I,A,H,A,N,N,N,N,N,0,1,0,0,0,0,0,0,0,CARMEL,-121.8463159,36.53326723,"c(-121.8463159, 36.53326723)",Other Unincorporated
5920,2017,10/22/17,2017-10-22T19:46:00Z,Sunday,PORTER DRIVE,SAN JUAN ROAD,S,N,NA,NA,2,0,1,A,11,G,B,E,H,C,Y,N,N,N,N,1,0,0,0,1,0,0,0,0,PAJARO,-121.7497709,36.90386884,"c(-121.7497709, 36.90386884)",Pajaro
5921,2017,10/22/17,2017-10-22T22:00:00Z,Sunday,101,SAN MIGUEL CANYON ROAD,N,N,101,NA,3,0,1,A,8,E,A,A,H,D,N,N,N,N,N,0,1,0,0,0,0,0,0,0,SALINAS,-121.6582697,36.80221069,"c(-121.6582697, 36.80221069)",Other Unincorporated
5922,2017,10/20/17,2017-10-20T22:01:00Z,Friday,SAN JUAN ROAD,MURPHY,W,N,NA,NA,3,0,1,A,1,A,C,A,H,D,N,N,N,N,Y,0,1,0,0,0,0,0,0,0,ROYAL OAKS,-121.7016249,36.90348955,"c(-121.7016249, 36.90348955)",Royal Oake
5923,2017,10/27/17,2017-10-27T07:52:00Z,Friday,101,CANAL STREET,N,N,101,R,4,0,1,A,3,C,C,A,H,A,N,N,N,N,N,0,0,1,0,0,0,0,0,0,KING CITY,-121.13024,36.20299,"c(-121.13024, 36.20299)",King City
5924,2017,10/19/17,2017-10-19T14:55:00Z,Thursday,156,MERRIT ST,E,N,156,R,4,0,1,A,3,C,C,A,H,A,N,N,N,N,N,0,0,1,0,0,0,0,0,0,CASTROVILLE,-121.7524,36.76193,"c(-121.7524, 36.76193)",Castroville
5925,2017,5/10/17,2017-05-10T13:47:00Z,Wednesday,BAYER DR,FOREST CIR,S,N,NA,NA,4,0,2,A,9,A,C,A,H,A,N,N,N,N,N,0,0,2,0,0,0,0,0,0,MARINA,-121.780547,36.6763775,"c(-121.780547, 36.6763775)",Marina
5926,2017,5/4/17,2017-05-04T16:35:00Z,Thursday,DEL MONTE BL,PALM AV,S,N,NA,NA,4,0,1,A,3,C,C,A,H,A,N,N,N,N,N,0,0,1,0,0,0,0,0,0,MARINA,-121.80386,36.68327,"c(-121.80386, 36.68327)",Marina
5927,2017,6/4/17,2017-06-04T16:39:00Z,Sunday,DEL MONTE BL,PALM AV,N,N,NA,NA,4,0,1,A,9,G,G,A,H,A,N,Y,N,N,N,0,0,1,0,0,0,1,0,0,MARINA,-121.8034456,36.68369298,"c(-121.8034456, 36.68369298)",Marina
5928,2017,6/25/17,2017-06-25T21:34:00Z,Sunday,DEL MONTE AV,PARK AV,E,N,NA,NA,3,0,1,A,1,C,C,A,H,C,N,N,N,N,Y,0,1,0,0,0,0,0,0,0,MONTEREY,-121.8818097,36.59992148,"c(-121.8818097, 36.59992148)",Monterey
5929,2017,6/18/17,2017-06-18T13:54:00Z,Sunday,SPENCER ST,DAVID AV,NA,Y,NA,NA,3,0,2,A,12,D,C,A,H,A,N,N,N,N,N,0,1,1,0,0,0,0,0,0,MONTEREY,-121.9079399,36.61517006,"c(-121.9079399, 36.61517006)",Monterey
5930,2017,5/23/17,2017-05-23T16:21:00Z,Tuesday,68,OLMSTED RD,NA,Y,68,H,4,0,2,A,3,C,C,A,H,A,N,N,N,N,N,0,0,2,0,0,0,0,0,0,MONTEREY,-121.8466579,36.58332335,"c(-121.8466579, 36.58332335)",Monterey
5931,2017,5/12/17,2017-05-12T17:18:00Z,Friday,DEL MONTE AV,HANNON AV,N,N,NA,NA,4,0,1,A,9,D,C,A,H,A,N,N,N,N,N,0,0,1,0,0,0,0,0,0,MONTEREY,-121.8623707,36.60399401,"c(-121.8623707, 36.60399401)",Monterey
5932,2017,5/20/17,2017-05-20T12:19:00Z,Saturday,VIA ARBOLES,MUNRAS AV,E,N,NA,NA,3,0,2,A,10,G,B,B,H,A,Y,N,N,N,N,0,2,0,0,2,0,0,0,0,MONTEREY,-121.90024,36.58605,"c(-121.90024, 36.58605)",Monterey
5933,2017,6/23/17,2017-06-23T16:03:00Z,Friday,DRAKE,FOAM,E,N,NA,NA,4,0,1,A,21,C,C,A,H,A,N,N,N,N,N,0,0,1,0,0,0,0,0,0,MONTEREY,-121.8987848,36.61209125,"c(-121.8987848, 36.61209125)",Monterey
5934,2017,10/20/17,2017-10-20T22:01:00Z,Friday,101,5TH STREET,S,N,101,NA,4,0,1,A,3,C,C,A,H,D,N,N,N,N,N,0,0,1,0,0,0,0,0,0,GONZALES,-121.4313949,36.50096793,"c(-121.4313949, 36.50096793)",Gonzales
5935,2017,10/21/17,2017-10-21T19:40:00Z,Saturday,RIVER ROAD,CHUALAR RIVER ROAD,N,N,NA,NA,2,0,1,A,1,E,I,A,H,D,N,N,N,N,Y,1,0,0,0,0,0,0,0,0,SALINAS,-121.5628547,36.56302338,"c(-121.5628547, 36.56302338)",Other Unincorporated
5936,2017,10/20/17,2017-10-20T22:00:00Z,Friday,101,5TH STREET,S,N,101,NA,4,0,2,A,7,B,C,A,H,D,N,N,N,N,N,0,0,2,0,0,0,0,0,0,GONZALES,-121.4355188,36.50884274,"c(-121.4355188, 36.50884274)",Gonzales
5937,2017,10/22/17,2017-10-22T12:00:00Z,Sunday,CASTROVILLE BLVD,CIELO AZUL,S,N,NA,NA,4,0,2,A,3,C,C,A,H,A,N,N,N,N,N,0,0,2,0,0,0,0,0,0,CASTROVILLE,-121.7415371,36.77275388,"c(-121.7415371, 36.77275388)",Castroville
5938,2017,10/22/17,2017-10-22T19:30:00Z,Sunday,183,SR-156,NA,Y,NA,NA,4,0,1,A,12,B,C,A,H,C,N,N,N,N,N,0,0,1,0,0,0,0,0,0,CASTROVILLE,-121.75235,36.7614901,"c(-121.75235, 36.7614901)",Castroville
5939,2017,10/23/17,2017-10-23T13:28:00Z,Monday,68,B RD.,W,N,68,NA,4,0,2,A,3,C,C,A,H,A,N,N,N,N,N,0,0,2,0,0,0,0,0,0,SALINAS,-121.7626715,36.57045353,"c(-121.7626715, 36.57045353)",Other Unincorporated