X1,ACCIDENT_YEAR,COLLISION_DATE,COLLISION_TIME,DAY_OF_WEEK,PRIMARY_RD,SECONDARY_RD,DIRECTION,INTERSECTION,STATE_ROUTE,LOCATION_TYPE,COLLISION_SEVERITY,NUMBER_KILLED,NUMBER_INJURED,PRIMARY_COLL_FACTOR,PCF_VIOL_CATEGORY,TYPE_OF_COLLISION,MVIW,PED_ACTION,ROAD_COND_1,LIGHTING,PEDESTRIAN_ACCIDENT,BICYCLE_ACCIDENT,MOTORCYCLE_ACCIDENT,TRUCK_ACCIDENT,ALCOHOL_INVOLVED,COUNT_SEVERE_INJ,COUNT_VISIBLE_INJ,COUNT_COMPLAINT_PAIN,COUNT_PED_KILLED,COUNT_PED_INJURED,COUNT_BICYCLIST_KILLED,COUNT_BICYCLIST_INJURED,COUNT_MC_KILLED,COUNT_MC_INJURED,CITY,lon,lat,geometry,city_new
6116,2017,6/29/17,2017-06-29T11:45:00Z,Thursday,IMJIN PKWY,RT 1,E,N,NA,NA,4,0,4,A,3,C,C,A,H,A,N,N,N,N,N,0,0,4,0,0,0,0,0,0,MARINA,-121.81288,36.66943,"c(-121.81288, 36.66943)",Marina
6117,2017,6/28/17,2017-06-28T23:22:00Z,Wednesday,SOLEDAD DR,MONTE VISTA DR,NA,Y,NA,NA,3,0,2,A,12,D,C,A,H,C,N,N,N,N,N,0,1,1,0,0,0,0,0,0,MONTEREY,-121.9048999,36.58571003,"c(-121.9048999, 36.58571003)",Monterey
6118,2017,6/26/17,2017-06-26T13:09:00Z,Monday,DEL MONTE AV,FIGUEROA ST,W,N,NA,NA,4,0,1,A,21,C,C,A,H,A,N,N,N,N,N,0,0,1,0,0,0,0,0,0,MONTEREY,-121.8900868,36.6002675,"c(-121.8900868, 36.6002675)",Monterey
6119,2017,6/26/17,2017-06-26T10:07:00Z,Monday,DEL MONTE AV,FIGUEROA ST,NA,Y,NA,NA,4,0,1,A,3,C,C,A,H,A,N,N,N,N,N,0,0,1,0,0,0,0,0,0,MONTEREY,-121.8900399,36.60026007,"c(-121.8900399, 36.60026007)",Monterey
6120,2017,6/30/17,2017-06-30T14:14:00Z,Friday,DEL MONTE AV,PALO VERDE AV,E,N,NA,NA,4,0,1,A,3,C,C,A,H,A,N,N,N,N,N,0,0,1,0,0,0,0,0,0,MONTEREY,-121.8686853,36.60111028,"c(-121.8686853, 36.60111028)",Monterey
6121,2017,11/27/17,2017-11-27T00:58:00Z,Monday,BLANCO ROAD,COOPER ROAD,E,N,NA,NA,3,0,2,A,3,C,C,A,H,D,N,N,N,N,N,0,1,1,0,0,0,0,0,0,SALINAS,-121.7278165,36.67871003,"c(-121.7278165, 36.67871003)",Other Unincorporated
6122,2017,12/6/17,2017-12-06T16:45:00Z,Wednesday,183,PALM STREET,S,N,183,NA,4,0,1,A,3,C,C,A,H,A,N,N,N,N,N,0,0,1,0,0,0,0,0,0,CASTROVILLE,-121.748854,36.75894416,"c(-121.748854, 36.75894416)",Castroville
6123,2017,12/5/17,2017-12-05T18:00:00Z,Tuesday,1,AGUAJITO RD.,N,N,1,NA,4,0,2,A,3,C,C,A,H,D,N,N,N,N,N,0,0,2,0,0,0,0,0,0,MONTEREY,-121.8752787,36.59360385,"c(-121.8752787, 36.59360385)",Monterey
6124,2017,12/11/17,2017-12-11T17:55:00Z,Monday,101,BLACKIE ROAD,NA,Y,101,NA,3,0,1,A,1,E,I,A,H,D,N,N,N,N,Y,0,1,0,0,0,0,0,0,0,SALINAS,-121.6693277,36.77278917,"c(-121.6693277, 36.77278917)",Other Unincorporated
6125,2017,12/13/17,2017-12-13T19:10:00Z,Wednesday,ELM AVE,ARROYO SECO RD,S,N,NA,NA,3,0,1,A,1,E,I,A,H,D,N,N,N,N,Y,0,1,0,0,0,0,0,0,0,SOLEDAD,-121.32633,36.28021,"c(-121.32633, 36.28021)",Other Unincorporated
6126,2017,12/6/17,2017-12-06T07:46:00Z,Wednesday,1,LIGHTFIGHTER DRIVE,N,N,1,NA,4,0,1,A,3,C,C,A,H,E,N,N,N,N,N,0,0,1,0,0,0,0,0,0,SEASIDE,-121.8150105,36.64910249,"c(-121.8150105, 36.64910249)",Seaside
6127,2017,12/6/17,2017-12-06T05:25:00Z,Wednesday,1,JETTY ROAD,S,N,1,NA,3,0,1,A,3,C,C,A,H,D,N,N,N,N,N,0,1,0,0,0,0,0,0,0,MOSS LANDING,-121.7857062,36.81430709,"c(-121.7857062, 36.81430709)",Moss Landing
6128,2017,12/6/17,2017-12-06T18:43:00Z,Wednesday,183,ESPINOSA ROAD,S,N,183,NA,4,0,1,A,5,B,C,A,H,D,N,N,N,N,N,0,0,1,0,0,0,0,0,0,SALINAS,-121.7375699,36.73669023,"c(-121.7375699, 36.73669023)",Other Unincorporated
6129,2017,12/7/17,2017-12-07T08:05:00Z,Thursday,68,SAN BENANCIO ROAD,E,N,68,NA,3,0,2,A,21,C,C,A,H,A,N,N,N,N,N,0,1,1,0,0,0,0,0,0,SALINAS,-121.7202993,36.58001811,"c(-121.7202993, 36.58001811)",Other Unincorporated
6130,2017,12/6/17,2017-12-06T18:08:00Z,Wednesday,101,PRUNEDALE SOUTH RD,S,N,101,NA,4,0,2,A,3,C,C,A,H,D,N,N,N,N,N,0,0,2,0,0,0,0,0,0,SALINAS,-121.6678812,36.76534563,"c(-121.6678812, 36.76534563)",Other Unincorporated
6131,2017,12/8/17,2017-12-08T06:40:00Z,Friday,68,YORK  ROAD,E,N,68,NA,3,0,2,A,3,C,C,A,H,A,N,N,N,N,N,0,2,0,0,0,0,0,0,0,MONTEREY,-121.8072998,36.57130082,"c(-121.8072998, 36.57130082)",Other Unincorporated
6132,2017,12/11/17,2017-12-11T14:30:00Z,Monday,101,HUDSON RD,N,N,101,NA,4,0,1,A,8,E,I,A,D,A,N,N,N,N,N,0,0,1,0,0,0,0,0,0,SOLEDAD,-121.2740618,36.35963009,"c(-121.2740618, 36.35963009)",Other Unincorporated
6133,2017,12/10/17,2017-12-10T11:50:00Z,Sunday,RICO STREET,GEIL STREET,NA,Y,NA,NA,4,0,1,A,9,B,C,A,H,A,N,N,N,N,N,0,0,1,0,0,0,0,0,0,CASTROVILLE,-121.7539599,36.76673001,"c(-121.7539599, 36.76673001)",Castroville
6134,2017,12/14/17,2017-12-14T06:33:00Z,Thursday,CHUALAR RIVER ROAD,FOLETTA ROAD,N,N,NA,NA,4,0,1,A,3,D,C,A,H,D,N,N,N,N,N,0,0,1,0,0,0,0,0,0,SALINAS,-121.51915,36.56849,"c(-121.51915, 36.56849)",Other Unincorporated
6135,2017,12/9/17,2017-12-09T11:40:00Z,Saturday,101,SPENCE ROAD,NA,Y,101,NA,4,0,2,A,9,B,C,A,H,A,N,N,N,N,N,0,0,2,0,0,0,0,0,0,SALINAS,-121.567028,36.61288702,"c(-121.567028, 36.61288702)",Other Unincorporated
6136,2017,12/12/17,2017-12-12T17:15:00Z,Tuesday,101,JOHN STREET,S,N,101,NA,3,0,1,A,3,C,C,A,H,C,N,N,N,N,N,0,1,0,0,0,0,0,0,0,SALINAS,-121.6356229,36.66905977,"c(-121.6356229, 36.66905977)",Salinas
6137,2017,12/11/17,2017-12-11T15:50:00Z,Monday,CASTROVILLE BOULEVARD,PARADISE ROAD,W,N,NA,NA,4,0,1,A,3,C,C,A,H,A,N,N,N,N,N,0,0,1,0,0,0,0,0,0,CASTROVILLE,-121.7001425,36.79777256,"c(-121.7001425, 36.79777256)",Castroville
6138,2017,12/7/17,2017-12-07T18:00:00Z,Thursday,156,MERIDIAN RD,W,N,156,NA,4,0,1,A,9,D,C,A,H,D,N,N,N,N,N,0,0,1,0,0,0,0,0,0,SALINAS,-121.6817717,36.78750644,"c(-121.6817717, 36.78750644)",Other Unincorporated
6139,2017,12/11/17,2017-12-11T21:40:00Z,Monday,HARRISON ROAD,COUNTRY MEADOWS ROAD,S,N,NA,NA,2,0,1,A,1,E,I,A,H,C,N,N,N,N,Y,1,0,0,0,0,0,0,0,0,SALINAS,-121.6554187,36.75466551,"c(-121.6554187, 36.75466551)",Other Unincorporated
6140,2017,12/8/17,2017-12-08T18:27:00Z,Friday,101,FRONT STREET,S,N,101,NA,3,0,1,A,7,B,C,A,H,C,N,N,N,Y,N,0,1,0,0,0,0,0,0,0,SOLEDAD,-121.3370128,36.43123577,"c(-121.3370128, 36.43123577)",Soledad
6141,2017,12/9/17,2017-12-09T18:25:00Z,Saturday,101,OLD STAGE RD,N,N,101,NA,4,0,1,A,3,C,C,A,H,D,N,N,N,N,N,0,0,1,0,0,0,0,0,0,GONZALES,-121.4768267,36.53260876,"c(-121.4768267, 36.53260876)",Other Unincorporated
6142,2017,6/12/17,2017-06-12T18:07:00Z,Monday,DEL MONTE BL,PALM AV,S,N,NA,NA,4,0,1,A,3,C,C,A,H,A,N,N,N,N,N,0,0,1,0,0,0,0,0,0,MARINA,-121.8037977,36.68333232,"c(-121.8037977, 36.68333232)",Marina
6143,2017,6/4/17,2017-06-04T11:55:00Z,Sunday,GIBSON AV,WALNUT ST,E,N,NA,NA,3,0,1,A,11,G,B,D,H,A,Y,N,N,N,N,0,1,0,0,1,0,0,0,0,PACIFIC GROVE,-121.9274139,36.61808556,"c(-121.9274139, 36.61808556)",Pacific Grove
6144,2017,5/30/17,2017-05-30T10:20:00Z,Tuesday,DAVID AV,CONGRESS AV,NA,Y,NA,NA,4,0,1,D,0,A,C,A,H,A,N,N,N,N,N,0,0,1,0,0,0,0,0,0,PACIFIC GROVE,-121.9288799,36.60560006,"c(-121.9288799, 36.60560006)",Pacific Grove
6145,2017,8/15/17,2017-08-15T00:18:00Z,Tuesday,DEL MONTE AV,CASA VERDE WY,NA,Y,NA,NA,1,1,0,A,1,E,I,A,H,C,N,N,N,N,Y,0,0,0,0,0,0,0,0,0,MONTEREY,-121.8665999,36.60208001,"c(-121.8665999, 36.60208001)",Monterey
6146,2018,4/12/18,2018-04-12T12:09:00Z,Thursday,ABBOTT ST,HARKINS RD,S,N,NA,NA,1,1,3,A,8,D,C,A,H,A,N,N,N,N,N,2,1,0,0,0,0,0,0,0,SALINAS,-121.621666,36.65122223,"c(-121.621666, 36.65122223)",Salinas
6147,2018,3/11/18,2018-03-11T21:48:00Z,Sunday,HARDEN PKWY,REGENCY CIR,E,N,NA,NA,1,1,1,A,3,B,C,A,H,C,N,N,N,N,N,0,0,1,0,0,0,0,0,0,SALINAS,-121.6491623,36.71344376,"c(-121.6491623, 36.71344376)",Salinas
6148,2018,2/3/18,2018-02-03T13:19:00Z,Saturday,S 1ST ST,LONOAK RD,N,N,NA,NA,1,1,2,A,16,G,B,F,H,A,Y,N,N,N,N,1,1,0,1,2,0,0,0,0,KING CITY,-121.1174774,36.20728302,"c(-121.1174774, 36.20728302)",King City
6149,2017,6/26/17,2017-06-26T14:58:00Z,Monday,GLENWOOD CIR,VIA LAVANDERA,NA,N,NA,NA,4,0,1,D,0,A,C,A,H,A,N,N,Y,N,N,0,0,1,0,0,0,0,0,1,MONTEREY,-121.8821999,36.59235005,"c(-121.8821999, 36.59235005)",Monterey
6150,2017,6/26/17,2017-06-26T06:14:00Z,Monday,NORTH MAIN ST,MASSA ST,N,N,NA,NA,4,0,1,A,9,D,C,A,H,A,N,N,N,N,N,0,0,1,0,0,0,0,0,0,SALINAS,-121.6563405,36.72619948,"c(-121.6563405, 36.72619948)",Salinas
6151,2017,6/19/17,2017-06-19T07:56:00Z,Monday,WEST LAUREL DR,NORTH DAVIS RD,NA,Y,NA,NA,3,0,1,A,12,A,C,A,H,A,N,N,N,N,N,0,1,0,0,0,0,0,0,0,SALINAS,-121.6680899,36.6979101,"c(-121.6680899, 36.6979101)",Salinas
6152,2017,6/4/17,2017-06-04T09:57:00Z,Sunday,IVERSON ST,WOODSIDE DR,N,N,NA,NA,3,0,3,A,3,E,I,A,H,A,N,N,N,N,N,0,1,2,0,0,0,0,0,0,SALINAS,-121.667743,36.66200045,"c(-121.667743, 36.66200045)",Salinas
6153,2017,6/7/17,2017-06-07T17:51:00Z,Wednesday,NORTH MADEIRA AV,HILLTOP DR,E,N,NA,NA,4,0,1,A,9,D,C,A,H,A,N,N,N,N,N,0,0,1,0,0,0,0,0,0,SALINAS,-121.6227407,36.68293509,"c(-121.6227407, 36.68293509)",Salinas
6154,2017,12/11/17,2017-12-11T07:55:00Z,Monday,NATIVIDAD ROAD,ROGGE ROAD,N,N,NA,NA,3,0,3,A,3,C,C,A,H,A,N,N,N,N,N,0,1,2,0,0,0,0,0,0,SALINAS,-121.6122415,36.73124426,"c(-121.6122415, 36.73124426)",Other Unincorporated
6155,2017,12/15/17,2017-12-15T12:45:00Z,Friday,101,FIRST ST.,N,N,101,NA,3,0,1,A,8,C,C,A,H,A,N,N,N,Y,N,0,1,0,0,0,0,0,0,0,KING CITY,-121.1174597,36.2020123,"c(-121.1174597, 36.2020123)",King City
6156,2017,12/9/17,2017-12-09T15:10:00Z,Saturday,RESERVATION RD,INTER-GARRISON RD,NA,Y,NA,NA,4,0,1,A,12,D,C,A,H,A,N,N,N,N,N,0,0,1,0,0,0,0,0,0,MARINA,-121.7417799,36.65968011,"c(-121.7417799, 36.65968011)",Other Unincorporated
6157,2017,12/16/17,2017-12-16T01:50:00Z,Saturday,LAURELES GRADE,RINCONADA DRIVE,S,N,NA,NA,3,0,1,A,1,E,I,A,H,D,N,N,N,N,Y,0,1,0,0,0,0,0,0,0,SALINAS,-121.75,36.53458872,"c(-121.75, 36.53458872)",Other Unincorporated
6158,2017,12/11/17,2017-12-11T17:45:00Z,Monday,156,CATHEDRAL OAK RD.,NA,Y,156,NA,2,0,2,A,9,D,C,A,H,A,N,N,N,N,N,1,1,0,0,0,0,0,0,0,SALINAS,-121.7151276,36.77662201,"c(-121.7151276, 36.77662201)",Other Unincorporated
6159,2017,12/14/17,2017-12-14T19:15:00Z,Thursday,101,MAIN ST. (CHUALAR),S,N,101,NA,3,0,1,A,8,E,I,A,H,D,N,N,N,N,N,0,1,0,0,0,0,0,0,0,GONZALES,-121.4898117,36.54366705,"c(-121.4898117, 36.54366705)",Other Unincorporated
6160,2017,12/14/17,2017-12-14T09:25:00Z,Thursday,101,MESSICK ROAD,N,N,101,NA,4,0,2,A,3,C,C,A,D,A,N,N,N,N,N,0,0,2,0,0,0,0,0,0,SALINAS,-121.6603101,36.80153864,"c(-121.6603101, 36.80153864)",Other Unincorporated
6161,2017,12/16/17,2017-12-16T21:37:00Z,Saturday,101,EAST GARRISON O/C,N,N,101,NA,4,0,2,A,3,C,C,A,H,D,N,N,N,Y,N,0,0,2,0,0,0,0,0,0,PARKFIELD,-120.7579921,35.83707528,"c(-120.7579921, 35.83707528)",Parkfield
6162,2017,12/11/17,2017-12-11T01:30:00Z,Monday,ELKHORN ROAD,COMPAGNA WAY,N,N,NA,NA,3,0,1,A,1,F,A,A,H,D,N,N,N,N,Y,0,1,0,0,0,0,0,0,0,ROYAL OAKS,-121.7331556,36.83834696,"c(-121.7331556, 36.83834696)",Royal Oake
6163,2017,12/16/17,2017-12-16T08:35:00Z,Saturday,SAN MIGUEL CANYON ROAD,APRICOT LANE,NA,Y,NA,NA,2,0,1,A,9,H,G,A,H,A,N,Y,N,N,N,1,0,0,0,0,0,1,0,0,ROYAL OAKS,-121.6919199,36.85407002,"c(-121.6919199, 36.85407002)",Royal Oake
6164,2017,6/22/17,2017-06-22T20:27:00Z,Thursday,NORTH DAVIS RD,WESTRIDGE PKWY,N,N,NA,NA,4,0,1,A,9,D,C,A,H,C,N,N,N,N,N,0,0,1,0,0,0,0,0,0,SALINAS,-121.6662417,36.70598987,"c(-121.6662417, 36.70598987)",Salinas
6165,2017,6/23/17,2017-06-23T08:57:00Z,Friday,CAPI,ARCHER ST,S,N,NA,NA,4,0,1,A,8,B,C,A,H,A,N,N,N,N,N,0,0,1,0,0,0,0,0,0,SALINAS,-121.660904,36.67695816,"c(-121.660904, 36.67695816)",Salinas
6166,2017,6/21/17,2017-06-21T10:00:00Z,Wednesday,WEST BLANCO RD,RIKER,NA,Y,NA,NA,4,0,2,A,3,C,C,A,H,A,N,N,N,N,N,0,0,2,0,0,0,0,0,0,SALINAS,-121.66512,36.6588201,"c(-121.66512, 36.6588201)",Salinas
6167,2017,6/12/17,2017-06-12T21:14:00Z,Monday,WEST BLANCO RD,S RIKER ST,NA,Y,NA,NA,3,0,2,A,12,NA,C,A,H,C,N,N,N,N,N,0,1,1,0,0,0,0,0,0,SALINAS,-121.66512,36.6588201,"c(-121.66512, 36.6588201)",Salinas
6168,2017,6/14/17,2017-06-14T03:05:00Z,Wednesday,WORK ST,WORK CIR,E,N,NA,NA,3,0,1,A,3,C,E,A,G,C,N,N,N,N,N,0,1,0,0,0,0,0,0,0,SALINAS,-121.6376151,36.66570369,"c(-121.6376151, 36.66570369)",Salinas
6169,2017,6/18/17,2017-06-18T12:03:00Z,Sunday,SAN JUAN GRADE RD,BORONDA RD,NA,Y,NA,NA,4,0,1,A,7,NA,C,A,H,A,N,N,N,N,N,0,0,1,0,0,0,0,0,0,SALINAS,-121.6511799,36.71979011,"c(-121.6511799, 36.71979011)",Salinas
6170,2017,6/7/17,2017-06-07T22:00:00Z,Wednesday,WEST LAUREL DR,ADAMS ST,NA,Y,NA,NA,2,0,1,A,9,A,C,A,H,C,N,N,N,N,N,1,0,0,0,0,0,0,0,0,SALINAS,-121.66246,36.69801009,"c(-121.66246, 36.69801009)",Salinas
6171,2017,6/5/17,2017-06-05T16:42:00Z,Monday,EAST MARKET ST,KERN ST,E,N,NA,NA,4,0,1,A,9,D,C,A,H,A,N,N,N,N,N,0,0,1,0,0,0,0,0,0,SALINAS,-121.6398943,36.67736841,"c(-121.6398943, 36.67736841)",Salinas
6172,2017,6/8/17,2017-06-08T15:00:00Z,Thursday,NORTH SANBORN RD,GARNER AV,NA,Y,NA,NA,4,0,1,A,12,D,C,A,H,A,N,N,N,N,N,0,0,1,0,0,0,0,0,0,SALINAS,-121.6151399,36.68621007,"c(-121.6151399, 36.68621007)",Salinas
6173,2017,6/5/17,2017-06-05T19:11:00Z,Monday,ROCHEX AV,CRESCENT WY,NA,Y,NA,NA,3,0,1,A,1,E,E,A,H,A,N,N,N,N,Y,0,1,0,0,0,0,0,0,0,SALINAS,-121.6602699,36.7020201,"c(-121.6602699, 36.7020201)",Salinas
6174,2017,6/2/17,2017-06-02T17:24:00Z,Friday,EAST LAUREL DR,NATIVIDAD RD,E,N,NA,NA,4,0,1,A,7,C,C,A,H,A,N,N,N,N,N,0,0,1,0,0,0,0,0,0,SALINAS,-121.6369045,36.69598607,"c(-121.6369045, 36.69598607)",Salinas
6175,2017,6/15/17,2017-06-15T19:30:00Z,Thursday,BORONDA RD,NATIVIDAD RD,W,N,NA,NA,4,0,1,A,1,C,C,A,H,A,N,N,N,N,Y,0,0,1,0,0,0,0,0,0,SALINAS,-121.6241601,36.71562284,"c(-121.6241601, 36.71562284)",Salinas
6176,2017,12/16/17,2017-12-16T13:23:00Z,Saturday,101,AIRPORT BOULEVARD,N,N,101,NA,3,0,1,A,7,B,C,A,H,A,N,N,N,Y,N,0,1,0,0,0,0,0,0,0,SALINAS,-121.6246974,36.66402207,"c(-121.6246974, 36.66402207)",Salinas
6177,2017,12/17/17,2017-12-17T10:40:00Z,Sunday,SAN JUAN ROAD,CARPENTERIA ROAD,E,N,NA,NA,4,0,1,A,3,C,C,A,H,A,N,N,N,N,N,0,0,1,0,0,0,0,0,0,AROMAS,-121.6501142,36.85903846,"c(-121.6501142, 36.85903846)",Other Unincorporated
6178,2017,12/15/17,2017-12-15T08:05:00Z,Friday,WESTBOUND CASTROVILLE BLVD,SOUTHBOUND CASTROVILLE BLVD,NA,Y,NA,NA,3,0,1,A,9,B,C,A,H,A,N,N,N,N,N,0,1,0,0,0,0,0,0,0,CASTROVILLE,-121.7436799,36.76996005,"c(-121.7436799, 36.76996005)",Castroville
6179,2017,12/15/17,2017-12-15T20:35:00Z,Friday,SAN MIGUEL CANYON ROAD,MORO ROAD,NA,Y,NA,NA,3,0,2,A,3,A,C,A,H,C,N,N,N,N,Y,0,2,0,0,0,0,0,0,0,SALINAS,-121.66672,36.80267006,"c(-121.66672, 36.80267006)",Other Unincorporated
6180,2017,12/16/17,2017-12-16T20:58:00Z,Saturday,ALISAL ROAD,BLANCO ROAD,NA,Y,NA,NA,3,0,3,A,1,D,C,A,H,C,N,N,N,N,Y,0,2,1,0,0,0,0,0,0,SALINAS,-121.67816,36.66409011,"c(-121.67816, 36.66409011)",Other Unincorporated
6181,2017,12/15/17,2017-12-15T07:50:00Z,Friday,1,FREMONT BLVD,N,N,1,NA,4,0,1,A,3,C,C,A,H,A,N,N,N,N,N,0,0,1,0,0,0,0,0,0,SEASIDE,-121.8387703,36.62749839,"c(-121.8387703, 36.62749839)",Seaside
6182,2017,12/17/17,2017-12-17T01:30:00Z,Sunday,CARMEL VALLEY RD,SAN CLEMENTE DR,W,N,NA,NA,4,0,1,A,1,F,A,A,H,D,N,N,N,N,Y,0,0,1,0,0,0,0,0,0,CARMEL VALLEY,-121.7068482,36.45767183,"c(-121.7068482, 36.45767183)",Carmel Valley
6183,2017,12/16/17,2017-12-16T22:36:00Z,Saturday,101,PARIS VALLEY RD,S,N,NA,NA,3,0,2,A,7,B,C,A,H,D,N,N,N,N,N,0,1,1,0,0,0,0,0,0,KING CITY,-120.9733897,36.05630556,"c(-120.9733897, 36.05630556)",Other Unincorporated
6184,2017,12/16/17,2017-12-16T20:10:00Z,Saturday,198,PINE VALLEY RD,E,N,198,NA,2,0,2,A,5,A,C,A,H,D,N,N,N,Y,N,2,0,0,0,0,0,0,0,0,SAN LUCAS,-120.8462979,36.18386088,"c(-120.8462979, 36.18386088)",San Lucas
6185,2017,12/18/17,2017-12-18T17:17:00Z,Monday,1,SR-68 HOLMAN HIGHWAY,S,N,1,NA,4,0,1,A,7,C,C,A,H,D,N,N,N,N,N,0,0,1,0,0,0,0,0,0,CARMEL,-121.9124468,36.56909816,"c(-121.9124468, 36.56909816)",Other Unincorporated
6186,2017,12/22/17,2017-12-22T16:40:00Z,Friday,1,SLOAT AVE,N,N,1,NA,3,0,1,A,1,B,C,A,H,A,N,N,N,N,Y,0,1,0,0,0,0,0,0,0,MONTEREY,-121.8733995,36.59405803,"c(-121.8733995, 36.59405803)",Monterey
6187,2017,6/8/17,2017-06-08T06:40:00Z,Thursday,WILLIAMS RD,ALMA AV,NA,Y,NA,NA,4,0,1,A,9,A,C,A,H,A,N,N,N,N,N,0,0,1,0,0,0,0,0,0,SALINAS,-121.6094599,36.67827002,"c(-121.6094599, 36.67827002)",Salinas
6188,2017,6/17/17,2017-06-17T00:42:00Z,Saturday,NORTH DAVIS RD,LARKIN ST,N,N,NA,NA,2,0,1,A,11,G,B,D,H,C,Y,N,N,N,N,1,0,0,0,1,0,0,0,0,SALINAS,-121.6684789,36.69440997,"c(-121.6684789, 36.69440997)",Salinas
6189,2017,6/30/17,2017-06-30T14:41:00Z,Friday,WILLIAMS RD,BORONDA RD,N,N,NA,NA,2,0,3,C,18,NA,I,A,H,A,N,N,N,N,N,1,1,1,0,0,0,0,0,0,SALINAS,-121.5889375,36.69001032,"c(-121.5889375, 36.69001032)",Salinas
6190,2017,5/26/17,2017-05-26T12:41:00Z,Friday,NORTH DAVIS RD,WEST ROSSI ST,NA,Y,NA,NA,4,0,2,A,3,C,C,A,H,A,N,N,N,N,N,0,0,2,0,0,0,0,0,0,SALINAS,-121.6719299,36.68842008,"c(-121.6719299, 36.68842008)",Other Unincorporated
6191,2017,5/18/17,2017-05-18T13:01:00Z,Thursday,W ALISAL ST,LINCOLN AV,NA,Y,NA,NA,4,0,1,A,12,D,C,A,H,A,N,N,N,N,N,0,0,1,0,0,0,0,0,0,SALINAS,-121.65685,36.67352009,"c(-121.65685, 36.67352009)",Salinas
6192,2017,5/13/17,2017-05-13T15:30:00Z,Saturday,E ALISAL ST,LINCOLN ST,NA,Y,NA,NA,3,0,2,A,12,A,C,A,H,A,N,N,N,N,N,0,1,1,0,0,0,0,0,0,SALINAS,-121.65685,36.67352009,"c(-121.65685, 36.67352009)",Salinas
6193,2017,6/15/17,2017-06-15T10:09:00Z,Thursday,LIGHT FIGHTER,1ST AV,NA,Y,NA,NA,4,0,3,A,12,D,C,A,H,A,N,N,N,N,N,0,0,3,0,0,0,0,0,0,SEASIDE,-121.8120799,36.64774006,"c(-121.8120799, 36.64774006)",Seaside
6194,2017,5/21/17,2017-05-21T21:54:00Z,Sunday,ADAMS ST,WEST LAUREL DR,N,N,NA,NA,4,0,1,A,5,B,D,A,H,C,N,N,N,N,N,0,0,1,0,0,0,0,0,0,SALINAS,-121.662605,36.69867287,"c(-121.662605, 36.69867287)",Salinas
6195,2017,5/10/17,2017-05-10T08:08:00Z,Wednesday,NOCHE BUENA ST,KIMBALL AV,NA,Y,NA,NA,4,0,1,A,10,G,B,NA,H,A,Y,N,N,N,N,0,0,1,0,1,0,0,0,0,SEASIDE,-121.83796,36.59953004,"c(-121.83796, 36.59953004)",Seaside
6196,2017,5/13/17,2017-05-13T22:22:00Z,Saturday,NORTH MAIN ST,HARDEN PKWY,NA,Y,NA,NA,4,0,1,A,12,D,C,A,H,C,N,N,N,N,N,0,0,1,0,0,0,0,0,0,SALINAS,-121.65453,36.71329001,"c(-121.65453, 36.71329001)",Salinas
6197,2017,5/25/17,2017-05-25T16:35:00Z,Thursday,ABBOTT ST,ALAMEDA,NA,Y,NA,NA,3,0,1,A,6,D,G,A,H,A,N,Y,N,N,N,0,1,0,0,0,0,1,0,0,SALINAS,-121.6439399,36.6655001,"c(-121.6439399, 36.6655001)",Salinas
6198,2017,5/24/17,2017-05-24T07:31:00Z,Wednesday,IRIS DR,LUPIN DR,NA,Y,NA,NA,4,0,1,A,9,D,C,A,H,A,N,N,N,N,N,0,0,1,0,0,0,0,0,0,SALINAS,-121.65374,36.69324001,"c(-121.65374, 36.69324001)",Salinas
6199,2017,5/22/17,2017-05-22T14:01:00Z,Monday,EAST LAUREL DR,MARYAL DR,NA,Y,NA,NA,3,0,2,A,12,D,C,A,H,A,N,N,N,N,N,0,1,1,0,0,0,0,0,0,SALINAS,-121.6468799,36.6982301,"c(-121.6468799, 36.6982301)",Salinas
6200,2017,5/17/17,2017-05-17T00:17:00Z,Wednesday,JOHN ST,S WOOD ST,W,N,NA,NA,4,0,1,A,3,C,C,A,H,C,N,N,N,N,N,0,0,1,0,0,0,0,0,0,SALINAS,-121.6363912,36.67040953,"c(-121.6363912, 36.67040953)",Salinas
6201,2017,5/17/17,2017-05-17T17:34:00Z,Wednesday,EAST LAUREL DR,NATIVIDAD RD,E,N,NA,NA,4,0,2,A,4,C,C,A,H,A,N,N,N,N,N,0,0,2,0,0,0,0,0,0,SALINAS,-121.637801,36.69620861,"c(-121.637801, 36.69620861)",Salinas
6202,2017,5/22/17,2017-05-22T07:29:00Z,Monday,CONSTITUTION BL,LAS CASITAS DR,NA,Y,NA,NA,4,0,1,A,9,A,C,A,H,A,N,N,N,N,N,0,0,1,0,0,0,0,0,0,SALINAS,-121.6125899,36.69878004,"c(-121.6125899, 36.69878004)",Salinas
6203,2017,5/24/17,2017-05-24T15:58:00Z,Wednesday,WILLIAMS RD,MONTE BELLA,S,N,NA,NA,4,0,1,A,3,C,C,A,H,A,N,N,N,N,N,0,0,1,0,0,0,0,0,0,SALINAS,-121.6011664,36.68301361,"c(-121.6011664, 36.68301361)",Salinas