X1,ACCIDENT_YEAR,COLLISION_DATE,COLLISION_TIME,DAY_OF_WEEK,PRIMARY_RD,SECONDARY_RD,DIRECTION,INTERSECTION,STATE_ROUTE,LOCATION_TYPE,COLLISION_SEVERITY,NUMBER_KILLED,NUMBER_INJURED,PRIMARY_COLL_FACTOR,PCF_VIOL_CATEGORY,TYPE_OF_COLLISION,MVIW,PED_ACTION,ROAD_COND_1,LIGHTING,PEDESTRIAN_ACCIDENT,BICYCLE_ACCIDENT,MOTORCYCLE_ACCIDENT,TRUCK_ACCIDENT,ALCOHOL_INVOLVED,COUNT_SEVERE_INJ,COUNT_VISIBLE_INJ,COUNT_COMPLAINT_PAIN,COUNT_PED_KILLED,COUNT_PED_INJURED,COUNT_BICYCLIST_KILLED,COUNT_BICYCLIST_INJURED,COUNT_MC_KILLED,COUNT_MC_INJURED,CITY,lon,lat,geometry,city_new
6825,2018,6/2/18,2018-06-02T17:16:00Z,Saturday,101,SALA ROAD,S,N,101,NA,3,0,2,A,7,B,C,A,H,A,N,N,N,N,N,0,2,0,0,0,0,0,0,0,SALINAS,-121.6603622,36.74350357,"c(-121.6603622, 36.74350357)",Other Unincorporated
6826,2018,6/2/18,2018-06-02T14:34:00Z,Saturday,101,SALA ROAD,N,N,101,NA,2,0,2,C,18,H,J,A,H,A,N,N,Y,N,N,1,1,0,0,0,0,0,0,2,SALINAS,-121.6609192,36.74497223,"c(-121.6609192, 36.74497223)",Other Unincorporated
6827,2018,6/2/18,2018-06-02T08:40:00Z,Saturday,101,SPENCE RD.,NA,Y,101,NA,2,0,3,A,9,D,C,A,H,A,N,N,N,N,N,2,0,1,0,0,0,0,0,0,SALINAS,-121.5669632,36.61283875,"c(-121.5669632, 36.61283875)",Other Unincorporated
6828,2018,6/3/18,2018-06-03T14:24:00Z,Sunday,156,VALLEY ROAD,E,N,156,NA,3,0,3,A,3,C,C,A,H,A,N,N,N,Y,N,0,2,1,0,0,0,0,0,0,SALINAS,-121.6945953,36.78248596,"c(-121.6945953, 36.78248596)",Other Unincorporated
6829,2018,6/6/18,2018-06-06T08:35:00Z,Wednesday,101,OLD STAGE ROAD,N,N,101,NA,4,0,1,A,3,C,C,A,H,A,N,N,N,N,N,0,0,1,0,0,0,0,0,0,GONZALES,-121.4727249,36.52953339,"c(-121.4727249, 36.52953339)",Other Unincorporated
6830,2018,5/31/18,2018-05-31T19:30:00Z,Thursday,SAN BENANCIO ROAD,PASEO DE VAQUEROS,NA,Y,NA,NA,3,0,1,A,9,D,C,A,H,A,N,N,N,N,N,0,1,0,0,0,0,0,0,0,SALINAS,-121.7195282,36.5784111,"c(-121.7195282, 36.5784111)",Other Unincorporated
6831,2018,6/5/18,2018-06-05T12:35:00Z,Tuesday,198,PEACH TREE RD,E,N,198,NA,2,0,1,A,8,F,A,A,H,A,N,N,Y,N,N,1,0,0,0,0,0,0,0,1,KING CITY,-120.8196716,36.18762589,"c(-120.8196716, 36.18762589)",Other Unincorporated
6832,2018,6/5/18,2018-06-05T20:30:00Z,Tuesday,SAN MIGUEL CANYON ROAD,CASTROVILLE BLVD.,W,N,NA,NA,3,0,2,A,3,C,C,A,H,D,N,N,N,N,N,0,2,0,0,0,0,0,0,0,SALINAS,-121.6735458,36.81093597,"c(-121.6735458, 36.81093597)",Other Unincorporated
6833,2018,6/5/18,2018-06-05T21:50:00Z,Tuesday,101,POTTER ROAD,S,N,NA,NA,4,0,1,A,3,F,J,A,H,D,N,N,Y,N,N,0,0,1,0,0,0,0,0,1,SALINAS,-121.5571823,36.6054306,"c(-121.5571823, 36.6054306)",Other Unincorporated
6834,2018,6/6/18,2018-06-06T02:00:00Z,Wednesday,101,CRAZY HORSE CYN. OVER-CROSS,N,N,101,NA,3,0,1,A,1,E,I,A,H,D,N,N,N,N,Y,0,1,0,0,0,0,0,0,0,SALINAS,-121.629715,36.82322311,"c(-121.629715, 36.82322311)",Other Unincorporated
6835,2018,6/5/18,2018-06-05T21:25:00Z,Tuesday,1,GRANGE ROAD,S,N,1,NA,2,0,1,A,1,A,C,A,H,D,N,N,N,N,Y,1,0,0,0,0,0,0,0,0,BIG SUR,-121.7956009,36.26423645,"c(-121.7956009, 36.26423645)",Big Sur
6836,2018,6/5/18,2018-06-05T17:20:00Z,Tuesday,101,OAK AVE,N,N,NA,NA,3,0,1,A,3,C,C,A,H,A,N,N,N,N,N,0,1,0,0,0,0,0,0,0,GREENFIELD,-121.2390976,36.32467651,"c(-121.2390976, 36.32467651)",Greenfield
6837,2018,4/25/18,2018-04-25T16:36:00Z,Wednesday,68,CORRAL DE TIERRA RD,E,N,68,NA,4,0,1,A,3,C,C,A,H,A,N,N,N,N,N,0,0,1,0,0,0,0,0,0,SALINAS,-121.7239151,36.57886505,"c(-121.7239151, 36.57886505)",Other Unincorporated
6838,2018,6/8/18,2018-06-08T15:27:00Z,Friday,CENTRAL AVE,US-101,E,N,NA,NA,2,0,5,A,8,D,C,A,H,A,N,N,N,N,N,1,4,0,0,0,0,0,0,0,KING CITY,-121.1744995,36.23379898,"c(-121.1744995, 36.23379898)",Other Unincorporated
6839,2018,6/5/18,2018-06-05T16:28:00Z,Tuesday,SAN JUAN ROAD,AROMAS ROAD,E,N,NA,NA,2,0,2,A,3,C,C,A,H,A,N,N,N,Y,N,1,1,0,0,0,0,0,0,0,ROYAL OAKS,-121.6618881,36.88256836,"c(-121.6618881, 36.88256836)",Royal Oake
6840,2018,6/7/18,2018-06-07T15:19:00Z,Thursday,101,MAIN ST. (CHUALAR),S,N,101,NA,4,0,1,A,3,C,C,A,H,A,N,N,N,N,N,0,0,1,0,0,0,0,0,0,GONZALES,-121.4884949,36.54229355,"c(-121.4884949, 36.54229355)",Other Unincorporated
6841,2018,6/7/18,2018-06-07T11:13:00Z,Thursday,101,SAN MIGUEL CANYON RD,N,N,101,NA,3,0,1,A,3,C,C,A,H,A,N,N,N,Y,N,0,1,0,0,0,0,0,0,0,SALINAS,-121.6604156,36.80164719,"c(-121.6604156, 36.80164719)",Other Unincorporated
6842,2018,6/5/18,2018-06-05T11:15:00Z,Tuesday,VIERRA CANYON ROAD,REAVIS WAY,E,N,NA,NA,3,0,1,A,1,F,A,A,H,A,N,N,N,N,Y,0,1,0,0,0,0,0,0,0,SALINAS,-121.6446152,36.79847717,"c(-121.6446152, 36.79847717)",Other Unincorporated
6843,2018,6/7/18,2018-06-07T08:15:00Z,Thursday,1,OCEAN AVENUE,S,N,1,NA,4,0,1,A,21,B,G,A,H,A,N,Y,N,N,N,0,0,1,0,0,0,1,0,0,CARMEL,-121.9111176,36.55563354,"c(-121.9111176, 36.55563354)",Other Unincorporated
6844,2018,6/13/18,2018-06-13T23:40:00Z,Wednesday,SEELY AVE,CARPENTERIA RD,NA,Y,NA,NA,2,0,3,A,1,E,I,A,H,D,N,N,N,N,Y,1,2,0,0,0,0,0,0,0,UNINCORPORATED,-121.6413193,36.87976074,"c(-121.6413193, 36.87976074)",Other Unincorporated
6845,2018,6/8/18,2018-06-08T15:26:00Z,Friday,MONTE ROAD,NASHUA ROAD,S,N,NA,NA,4,0,1,A,8,E,I,A,H,A,N,N,N,N,N,0,0,1,0,0,0,0,0,0,SALINAS,-121.7796402,36.73378754,"c(-121.7796402, 36.73378754)",Other Unincorporated
6846,2018,6/8/18,2018-06-08T11:05:00Z,Friday,CASTROVILLE BOULEVARD,PARADISE ROAD,NA,Y,NA,NA,4,0,1,A,3,C,C,A,H,A,N,N,N,N,N,0,0,1,0,0,0,0,0,0,CASTROVILLE,-121.6985016,36.79917145,"c(-121.6985016, 36.79917145)",Castroville
6847,2018,6/2/18,2018-06-02T11:19:00Z,Saturday,BLANCO ROAD,COOPER ROAD,NA,N,NA,NA,4,0,1,A,1,A,I,A,H,A,N,N,N,N,Y,0,0,1,0,0,0,0,0,0,SALINAS,-121.7350235,36.67869949,"c(-121.7350235, 36.67869949)",Other Unincorporated
6848,2018,6/9/18,2018-06-09T01:05:00Z,Saturday,BLACKIE RD.,ROLLING MEADOWS LN,W,N,NA,NA,3,0,1,A,1,F,I,A,H,D,N,N,Y,N,Y,0,1,0,0,0,0,0,0,1,SALINAS,-121.6911774,36.77718353,"c(-121.6911774, 36.77718353)",Other Unincorporated
6849,2018,6/8/18,2018-06-08T01:48:00Z,Friday,HALL ROAD,JOHNSON ROAD,E,N,NA,NA,3,0,1,C,18,H,H,A,H,D,N,N,N,N,N,0,1,0,0,0,0,0,0,0,ROYAL OAKS,-121.7043152,36.86051559,"c(-121.7043152, 36.86051559)",Royal Oake
6850,2018,6/9/18,2018-06-09T20:19:00Z,Saturday,DOLAN ROAD,AVILA RD,NA,Y,NA,NA,4,0,1,D,0,D,C,A,H,A,N,N,Y,N,N,0,0,1,0,0,0,0,0,1,CASTROVILLE,-121.745491,36.79779053,"c(-121.745491, 36.79779053)",Castroville
6851,2018,6/10/18,2018-06-10T01:59:00Z,Sunday,DAMIAN WAY,ASSISI WAY,E,N,NA,NA,2,0,1,A,1,E,I,A,H,C,N,N,N,N,Y,1,0,0,0,0,0,0,0,0,SALINAS,-121.6613693,36.76166534,"c(-121.6613693, 36.76166534)",Other Unincorporated
6852,2018,6/10/18,2018-06-10T20:02:00Z,Sunday,RUSSELL ROAD,HARRISON ROAD,NA,Y,NA,NA,4,0,3,A,12,D,C,A,H,B,N,N,N,N,N,0,0,3,0,0,0,0,0,0,SALINAS,-121.6562119,36.73442841,"c(-121.6562119, 36.73442841)",Other Unincorporated
6853,2018,6/10/18,2018-06-10T16:10:00Z,Sunday,1,OCEAN AVE.,NA,Y,1,NA,3,0,2,A,8,F,A,A,H,A,N,N,Y,N,N,0,1,1,0,0,0,0,0,2,CARMEL,-121.9111557,36.55590439,"c(-121.9111557, 36.55590439)",Other Unincorporated
6854,2018,6/11/18,2018-06-11T17:47:00Z,Monday,68,SAN BENANCIO ROAD,E,N,68,NA,4,0,1,A,1,C,C,A,H,A,N,N,N,N,Y,0,0,1,0,0,0,0,0,0,SALINAS,-121.7197418,36.58033371,"c(-121.7197418, 36.58033371)",Other Unincorporated
6855,2018,6/11/18,2018-06-11T11:00:00Z,Monday,ALISAL ROAD,HARTNELL ROAD,N,N,NA,NA,2,0,2,A,1,D,C,A,H,A,N,N,N,Y,Y,1,1,0,0,0,0,0,0,0,SALINAS,-121.5893555,36.65952682,"c(-121.5893555, 36.65952682)",Other Unincorporated
6856,2018,6/14/18,2018-06-14T18:15:00Z,Thursday,MERIDIAN ROAD,DYER ROAD,NA,Y,NA,NA,3,0,3,A,12,D,C,A,H,A,N,N,N,N,N,0,2,1,0,0,0,0,0,0,SALINAS,-121.6835098,36.78831863,"c(-121.6835098, 36.78831863)",Other Unincorporated
6857,2018,6/15/18,2018-06-15T15:15:00Z,Friday,68,SAN BENANCIO ROAD,E,N,68,NA,4,0,1,A,3,C,C,A,H,A,N,N,N,N,N,0,0,1,0,0,0,0,0,0,SALINAS,-121.7206955,36.57979202,"c(-121.7206955, 36.57979202)",Other Unincorporated
6858,2018,6/14/18,2018-06-14T20:38:00Z,Thursday,101,LAUREL DR.,S,N,101,NA,4,0,1,A,8,E,I,A,H,B,N,N,N,N,N,0,0,1,0,0,0,0,0,0,SALINAS,-121.6624069,36.69417572,"c(-121.6624069, 36.69417572)",Salinas
6859,2018,6/18/18,2018-06-18T16:45:00Z,Monday,156,MCGUFFIE ROAD,W,N,156,NA,4,0,1,A,3,C,C,A,H,A,N,N,N,N,N,0,0,1,0,0,0,0,0,0,SALINAS,-121.6747665,36.78866959,"c(-121.6747665, 36.78866959)",Other Unincorporated
6860,2018,6/13/18,2018-06-13T18:30:00Z,Wednesday,RESERVATION ROAD,DAVIS ROAD,W,N,NA,NA,4,0,1,A,1,E,I,A,H,A,N,N,N,N,Y,0,0,1,0,0,0,0,0,0,SALINAS,-121.7076797,36.63827896,"c(-121.7076797, 36.63827896)",Other Unincorporated
6861,2018,6/13/18,2018-06-13T16:45:00Z,Wednesday,CRAZY HORSE CANYON ROAD,US-101,NA,Y,NA,NA,3,0,2,A,9,D,C,A,H,A,N,N,N,N,N,0,1,1,0,0,0,0,0,0,SALINAS,-121.6329575,36.81843185,"c(-121.6329575, 36.81843185)",Other Unincorporated
6862,2018,6/15/18,2018-06-15T17:15:00Z,Friday,101,GLORIA ROAD,N,N,101,NA,4,0,1,A,3,C,C,A,H,A,N,N,N,N,N,0,0,1,0,0,0,0,0,0,GONZALES,-121.427597,36.49361038,"c(-121.427597, 36.49361038)",Gonzales
6863,2018,6/11/18,2018-06-11T14:26:00Z,Monday,101,ALVARADO RD,N,N,NA,NA,3,0,1,A,8,A,C,A,H,A,N,N,N,N,N,0,1,0,0,0,0,0,0,0,SAN ARDO,-120.8823776,35.95746231,"c(-120.8823776, 35.95746231)",San Ardo
6864,2018,6/13/18,2018-06-13T22:34:00Z,Wednesday,101,BRADLEY RD,N,N,101,NA,4,0,1,A,8,B,A,A,H,D,N,N,N,N,N,0,0,1,0,0,0,0,0,0,SAN ARDO,-120.8353119,35.87352371,"c(-120.8353119, 35.87352371)",San Ardo
6865,2018,6/15/18,2018-06-15T15:00:00Z,Friday,LAURELES GRADE,RINCONADA DRIVE,N,N,NA,NA,4,0,1,C,18,E,I,A,H,A,N,N,N,N,N,0,0,1,0,0,0,0,0,0,CARMEL VALLEY,-121.7533722,36.53897858,"c(-121.7533722, 36.53897858)",Carmel Valley
6866,2018,6/19/18,2018-06-19T16:50:00Z,Tuesday,183,BLACKIE ROAD,E,N,183,NA,3,0,3,A,3,C,C,A,H,A,N,N,N,N,N,0,1,2,0,0,0,0,0,0,CASTROVILLE,-121.7451553,36.7562294,"c(-121.7451553, 36.7562294)",Castroville
6867,2018,6/12/18,2018-06-12T18:30:00Z,Tuesday,CASTROVILLE BOULEVARD,ELKHORN ROAD,NA,Y,NA,NA,3,0,2,A,9,D,C,A,H,A,N,N,N,N,N,0,1,1,0,0,0,0,0,0,CASTROVILLE,-121.7203827,36.79565048,"c(-121.7203827, 36.79565048)",Castroville
6868,2017,10/9/17,2017-10-09T17:11:00Z,Monday,IMJIN PW,PRESTON AV,S,N,NA,NA,4,0,1,A,3,C,C,A,H,A,N,N,N,N,N,0,0,1,0,0,0,0,0,0,MARINA,-121.7722834,36.6669284,"c(-121.7722834, 36.6669284)",Marina
6869,2017,9/15/17,2017-09-15T09:47:00Z,Friday,3RD ST,PALM AV,NA,Y,NA,NA,4,0,1,A,10,G,B,D,H,A,Y,N,N,N,N,0,0,1,0,1,0,0,0,0,SOLEDAD,-121.31652,36.42308004,"c(-121.31652, 36.42308004)",Soledad
6870,2017,9/30/17,2017-09-30T21:54:00Z,Saturday,146,MONTEREY ST,W,N,NA,NA,4,0,2,A,12,D,D,A,H,C,N,N,N,N,N,0,0,2,0,0,0,0,0,0,SOLEDAD,-121.3252444,36.42584275,"c(-121.3252444, 36.42584275)",Soledad
6871,2017,8/22/17,2017-08-22T12:48:00Z,Tuesday,183,MENKE ST,S,N,183,H,4,0,1,A,9,A,C,A,H,A,N,N,N,N,N,0,0,1,0,0,0,0,0,0,SALINAS,-121.6538359,36.68150075,"c(-121.6538359, 36.68150075)",Salinas
6872,2017,9/27/17,2017-09-27T05:17:00Z,Wednesday,FOREST AV,PINE AV,S,N,NA,NA,4,0,1,D,0,NA,NA,A,NA,NA,N,N,N,N,N,0,0,1,0,0,0,0,0,0,PACIFIC GROVE,-121.9188,36.61885011,"c(-121.9188, 36.61885011)",Pacific Grove
6873,2017,10/4/17,2017-10-04T12:02:00Z,Wednesday,NORTH FREMONT ST,CASANOVA,NA,N,NA,NA,4,0,1,A,7,B,C,A,H,A,N,N,N,N,N,0,0,1,0,0,0,0,0,0,MONTEREY,-121.8532299,36.59767004,"c(-121.8532299, 36.59767004)",Monterey
6874,2017,10/3/17,2017-10-03T16:04:00Z,Tuesday,E FRANKLIN ST,TYLER ST,E,N,NA,NA,4,0,1,A,10,G,B,B,H,A,Y,N,N,N,N,0,0,1,0,1,0,0,0,0,MONTEREY,-121.8934299,36.59983691,"c(-121.8934299, 36.59983691)",Monterey
6875,2017,10/1/17,2017-10-01T12:41:00Z,Sunday,PEARL ST,FIGUEROA ST,NA,Y,NA,NA,4,0,2,A,12,D,C,A,H,A,N,N,N,N,N,0,0,2,0,0,0,0,0,0,MONTEREY,-121.8904299,36.59801004,"c(-121.8904299, 36.59801004)",Monterey
6876,2017,9/5/17,2017-09-05T14:44:00Z,Tuesday,DEL MONTE BL,CANYON DEL REY BL,NA,Y,NA,NA,3,0,2,A,2,C,C,A,H,A,N,N,N,N,N,0,1,1,0,0,0,0,0,0,SEASIDE,-121.856,36.60762005,"c(-121.856, 36.60762005)",Seaside
6877,2017,10/6/17,2017-10-06T11:25:00Z,Friday,17TH ST,JUNIPERO AV,NA,Y,NA,NA,4,0,1,A,9,A,C,A,H,A,N,N,N,N,N,0,0,1,0,0,0,0,0,0,PACIFIC GROVE,-121.9206599,36.61725001,"c(-121.9206599, 36.61725001)",Pacific Grove
6878,2017,10/7/17,2017-10-07T21:53:00Z,Saturday,MUNRAS AV,SOLEDAD DR,NA,Y,NA,NA,2,0,3,A,3,D,C,A,H,C,N,N,N,N,N,2,0,1,0,0,0,0,0,0,MONTEREY,-121.9018599,36.58336005,"c(-121.9018599, 36.58336005)",Monterey
6879,2018,6/20/18,2018-06-20T04:10:00Z,Wednesday,101,OLD STAGE ROAD,N,N,101,NA,3,0,1,A,8,E,I,A,H,D,N,N,N,N,N,0,1,0,0,0,0,0,0,0,GONZALES,-121.4652939,36.52382278,"c(-121.4652939, 36.52382278)",Other Unincorporated
6880,2018,6/21/18,2018-06-21T06:30:00Z,Thursday,SAN JUAN ROAD,MURPHY ROAD,NA,Y,NA,NA,4,0,1,A,9,D,C,A,H,A,N,N,N,N,N,0,0,1,0,0,0,0,0,0,ROYAL OAKS,-121.6760788,36.8964119,"c(-121.6760788, 36.8964119)",Royal Oake
6881,2018,6/18/18,2018-06-18T06:00:00Z,Monday,101,ALVARADO RD,S,N,NA,NA,4,0,3,A,8,F,A,A,H,B,N,N,N,N,N,0,0,3,0,0,0,0,0,0,SAN ARDO,-120.8711624,35.93314743,"c(-120.8711624, 35.93314743)",San Ardo
6882,2018,6/19/18,2018-06-19T23:25:00Z,Tuesday,1,TIOGA AVE,N,N,NA,NA,4,0,1,A,8,F,I,A,H,D,N,N,N,N,N,0,0,1,0,0,0,0,0,0,SAND CITY,-121.8482437,36.61864471,"c(-121.8482437, 36.61864471)",Sand City
6883,2018,6/20/18,2018-06-20T19:50:00Z,Wednesday,101,MARKET STREET,N,N,NA,NA,4,0,1,A,3,A,C,A,H,A,N,N,N,N,N,0,0,1,0,0,0,0,0,0,SALINAS,-121.6446457,36.68273163,"c(-121.6446457, 36.68273163)",Salinas
6884,2018,6/17/18,2018-06-17T17:40:00Z,Sunday,101,BORONDA ROAD,S,N,101,NA,4,0,1,A,7,B,C,A,H,A,N,N,N,N,N,0,0,1,0,0,0,0,0,0,SALINAS,-121.6611938,36.71645737,"c(-121.6611938, 36.71645737)",Salinas
6885,2018,6/17/18,2018-06-17T13:54:00Z,Sunday,SAN JUAN GRADE ROAD,CRAZY HORSE CANYON ROAD,N,N,NA,NA,4,0,1,A,5,B,C,A,H,A,N,N,N,N,N,0,0,1,0,0,0,0,0,0,SALINAS,-121.582634,36.79384613,"c(-121.582634, 36.79384613)",Other Unincorporated
6886,2018,5/14/18,2018-05-14T10:38:00Z,Monday,CARMEL VALLEY ROAD,TASSAJARA ROAD,W,N,NA,NA,1,1,0,A,8,E,I,A,H,A,N,N,N,N,N,0,0,0,0,0,0,0,0,0,CARMEL VALLEY,-121.5970154,36.41514587,"c(-121.5970154, 36.41514587)",Carmel Valley
6887,2018,6/19/18,2018-06-19T05:10:00Z,Tuesday,101,SPENCE ROAD,NA,Y,101,NA,4,0,1,A,9,D,C,A,H,D,N,N,N,Y,N,0,0,1,0,0,0,0,0,0,SALINAS,-121.5672302,36.61303711,"c(-121.5672302, 36.61303711)",Other Unincorporated
6888,2018,6/20/18,2018-06-20T04:20:00Z,Wednesday,101,OLD STAGE ROAD,N,N,101,NA,3,0,1,A,3,C,I,A,G,D,N,N,N,N,N,0,1,0,0,0,0,0,0,0,GONZALES,-121.4653244,36.52383423,"c(-121.4653244, 36.52383423)",Other Unincorporated
6889,2018,6/20/18,2018-06-20T21:10:00Z,Wednesday,OLD STAGE RD.,CALLE EL ROSARIO,S,N,NA,NA,4,0,1,A,8,H,A,A,H,D,N,N,N,N,N,0,0,1,0,0,0,0,0,0,SALINAS,-121.5425644,36.64340973,"c(-121.5425644, 36.64340973)",Other Unincorporated
6890,2017,10/24/17,2017-10-24T12:01:00Z,Tuesday,CASS ST,MUNRAS AV,W,N,NA,NA,4,0,2,A,3,C,C,A,H,A,N,N,N,N,N,0,0,2,0,0,0,0,0,0,MONTEREY,-121.89774,36.58887,"c(-121.89774, 36.58887)",Monterey
6891,2017,8/24/17,2017-08-24T08:03:00Z,Thursday,GARNER AV,SIEBER ST,E,N,NA,NA,3,0,1,A,11,G,B,D,H,A,Y,N,N,N,N,0,1,0,0,1,0,0,0,0,SALINAS,-121.6155325,36.68670526,"c(-121.6155325, 36.68670526)",Salinas
6892,2017,8/19/17,2017-08-19T16:46:00Z,Saturday,HARDEN PKWY,REGENCY CR,NA,Y,NA,NA,4,0,1,A,9,NA,G,A,H,A,N,Y,N,N,Y,0,0,1,0,0,0,1,0,0,SALINAS,-121.6492599,36.71347008,"c(-121.6492599, 36.71347008)",Salinas
6893,2017,8/28/17,2017-08-28T10:52:00Z,Monday,MAIN ST,BORONDA RD,S,N,NA,NA,2,0,2,A,12,D,C,A,H,A,N,N,N,N,N,1,0,1,0,0,0,0,0,0,SALINAS,-121.6561286,36.72067804,"c(-121.6561286, 36.72067804)",Salinas
6894,2017,8/20/17,2017-08-20T01:16:00Z,Sunday,RIDER AV,BORONDA RD,S,N,NA,NA,4,0,1,A,8,B,C,A,H,C,N,N,N,N,N,0,0,1,0,0,0,0,0,0,SALINAS,-121.6002121,36.70017654,"c(-121.6002121, 36.70017654)",Salinas
6895,2017,8/5/17,2017-08-05T14:35:00Z,Saturday,NORTH MAIN ST,WEST LAUREL DR,S,N,NA,NA,3,0,1,A,5,D,G,A,H,A,N,Y,N,N,N,0,1,0,0,0,0,1,0,0,SALINAS,-121.6518916,36.69778911,"c(-121.6518916, 36.69778911)",Salinas
6896,2017,8/7/17,2017-08-07T19:36:00Z,Monday,CAOBA WY,AMARILLO ST,S,N,NA,NA,4,0,1,A,11,G,B,D,H,A,Y,N,N,N,N,0,0,1,0,1,0,0,0,0,SALINAS,-121.6118903,36.6934726,"c(-121.6118903, 36.6934726)",Salinas
6897,2017,8/25/17,2017-08-25T12:23:00Z,Friday,MAIN ST,BERNAL,S,N,NA,NA,2,0,1,A,4,C,C,A,H,A,N,N,N,N,N,1,0,0,0,0,0,0,0,0,SALINAS,-121.6524642,36.68983268,"c(-121.6524642, 36.68983268)",Salinas
6898,2017,8/3/17,2017-08-03T15:42:00Z,Thursday,KENTUCKY ST,CIRCLE DR,NA,Y,NA,NA,4,0,5,A,9,D,NA,A,H,A,N,N,N,N,N,0,0,5,0,0,0,0,0,0,SALINAS,-121.6225299,36.6795901,"c(-121.6225299, 36.6795901)",Salinas
6899,2017,8/14/17,2017-08-14T15:49:00Z,Monday,ADAMS ST,TULANE ST,N,N,NA,NA,4,0,1,A,4,C,C,A,H,A,N,N,N,N,N,0,0,1,0,0,0,0,0,0,SALINAS,-121.6630045,36.70069703,"c(-121.6630045, 36.70069703)",Salinas
6900,2017,9/22/17,2017-09-22T18:57:00Z,Friday,68,GRIFFIN ST,NA,Y,NA,NA,3,0,2,A,1,D,C,A,H,A,N,N,N,N,Y,0,1,1,0,0,0,0,0,0,SALINAS,-121.64138,36.6710401,"c(-121.64138, 36.6710401)",Salinas
6901,2017,9/8/17,2017-09-08T20:05:00Z,Friday,EAST BORONDA RD,NORTH MAIN ST,E,N,NA,NA,2,0,4,A,3,C,C,A,H,C,N,N,N,N,N,1,0,3,0,0,0,0,0,0,SALINAS,-121.6555547,36.72154004,"c(-121.6555547, 36.72154004)",Salinas
6902,2017,9/19/17,2017-09-19T19:47:00Z,Tuesday,PAJARO ST,WINHAM ST,NA,Y,NA,NA,4,0,3,A,12,D,C,A,H,C,N,N,N,N,N,0,0,3,0,0,0,0,0,0,SALINAS,-121.6525099,36.66964001,"c(-121.6525099, 36.66964001)",Salinas
6903,2017,9/15/17,2017-09-15T19:45:00Z,Friday,NORTH MAIN ST,EAST BERNAL DR,NA,Y,NA,NA,3,0,1,A,11,G,B,D,H,C,Y,N,N,N,Y,0,1,0,0,1,0,0,0,0,SALINAS,-121.65228,36.68997003,"c(-121.65228, 36.68997003)",Salinas
6904,2017,9/1/17,2017-09-01T15:29:00Z,Friday,SAN MIGUEL,PAJARO ST,W,N,NA,NA,2,0,1,A,11,G,B,E,H,A,Y,N,N,N,N,1,0,0,0,1,0,0,0,0,SALINAS,-121.6563965,36.6591434,"c(-121.6563965, 36.6591434)",Salinas
6905,2017,9/19/17,2017-09-19T06:05:00Z,Tuesday,FRONT ST,EAST MARKET ST,E,N,NA,NA,2,0,1,A,11,D,G,A,H,E,N,Y,N,N,N,1,0,0,0,0,0,1,0,0,SALINAS,-121.6524485,36.67765736,"c(-121.6524485, 36.67765736)",Salinas
6906,2017,9/1/17,2017-09-01T20:02:00Z,Friday,NA,PASEO GRANDE,NA,Y,NA,NA,3,0,4,A,10,G,B,B,H,C,Y,N,N,N,N,0,3,1,0,4,0,0,0,0,SALINAS,-121.6023299,36.68807007,"c(-121.6023299, 36.68807007)",Salinas
6907,2017,9/22/17,2017-09-22T20:07:00Z,Friday,SHERWOOD DR,SHERWOOD PL,S,N,NA,NA,4,0,1,A,11,G,B,D,H,D,Y,N,N,N,Y,0,0,1,0,1,0,0,0,0,SALINAS,-121.6472501,36.68661275,"c(-121.6472501, 36.68661275)",Salinas
6908,2016,9/19/16,2016-09-19T22:28:00Z,Monday,EAST BORONDA RD,CONSTITUTION BL,E,N,NA,NA,4,0,1,A,5,A,C,A,H,C,N,N,N,N,N,0,0,1,0,0,0,0,0,0,SALINAS,-121.6032945,36.7043243,"c(-121.6032945, 36.7043243)",Salinas
6909,2017,9/3/17,2017-09-03T16:46:00Z,Sunday,SAN BORN RD,MOHAR ST,S,N,NA,NA,4,0,2,A,0,C,C,A,H,A,N,N,N,N,N,0,0,2,0,0,0,0,0,0,SALINAS,-121.6190242,36.6840032,"c(-121.6190242, 36.6840032)",Salinas
6910,2017,9/14/17,2017-09-14T20:51:00Z,Thursday,FREEDOM PKWY,NORTH SANBORN RD,NA,Y,NA,NA,4,0,1,A,9,A,C,A,H,C,N,N,N,N,N,0,0,1,0,0,0,0,0,0,SALINAS,-121.6013499,36.69213004,"c(-121.6013499, 36.69213004)",Salinas
6911,2017,9/2/17,2017-09-02T20:00:00Z,Saturday,EAST BORONDA RD,NATIVIDAD RD,W,N,NA,NA,4,0,2,A,3,C,C,A,H,C,N,N,N,N,N,0,0,2,0,0,0,0,0,0,SALINAS,-121.6238906,36.71558796,"c(-121.6238906, 36.71558796)",Salinas
6912,2017,9/18/17,2017-09-18T14:37:00Z,Monday,E LAKE ST,NORTH MAIN ST,NA,Y,NA,NA,4,0,1,A,4,C,C,A,H,A,N,N,N,N,N,0,0,1,0,0,0,0,0,0,SALINAS,-121.6544499,36.67989005,"c(-121.6544499, 36.67989005)",Salinas