X1,ACCIDENT_YEAR,COLLISION_DATE,COLLISION_TIME,DAY_OF_WEEK,PRIMARY_RD,SECONDARY_RD,DIRECTION,INTERSECTION,STATE_ROUTE,LOCATION_TYPE,COLLISION_SEVERITY,NUMBER_KILLED,NUMBER_INJURED,PRIMARY_COLL_FACTOR,PCF_VIOL_CATEGORY,TYPE_OF_COLLISION,MVIW,PED_ACTION,ROAD_COND_1,LIGHTING,PEDESTRIAN_ACCIDENT,BICYCLE_ACCIDENT,MOTORCYCLE_ACCIDENT,TRUCK_ACCIDENT,ALCOHOL_INVOLVED,COUNT_SEVERE_INJ,COUNT_VISIBLE_INJ,COUNT_COMPLAINT_PAIN,COUNT_PED_KILLED,COUNT_PED_INJURED,COUNT_BICYCLIST_KILLED,COUNT_BICYCLIST_INJURED,COUNT_MC_KILLED,COUNT_MC_INJURED,CITY,lon,lat,geometry,city_new
7354,2017,12/1/17,2017-12-01T17:57:00Z,Friday,E ALISAL ST,E ALISAL RD,NA,Y,NA,NA,3,0,2,A,9,D,C,A,H,C,N,N,N,N,N,0,1,1,0,0,0,0,0,0,SALINAS,-121.6011299,36.67296007,"c(-121.6011299, 36.67296007)",Salinas
7355,2018,9/20/18,2018-09-20T06:00:00Z,Thursday,SAN JUAN ROAD,ALLISON ROAD,E,N,NA,NA,4,0,1,A,3,C,C,A,H,D,N,N,N,Y,N,0,0,1,0,0,0,0,0,0,ROYAL OAKS,-121.7235565,36.90410995,"c(-121.7235565, 36.90410995)",Royal Oake
7356,2018,9/22/18,2018-09-22T12:22:00Z,Saturday,101,SR-198,N,N,101,NA,3,0,1,A,8,F,A,A,H,A,N,N,N,N,N,0,1,0,0,0,0,0,0,0,SAN LUCAS,-121.0301514,36.13212585,"c(-121.0301514, 36.13212585)",San Lucas
7357,2018,9/20/18,2018-09-20T17:30:00Z,Thursday,101,SR-146,S,N,101,NA,4,0,1,A,3,C,C,A,H,A,N,N,N,N,N,0,0,1,0,0,0,0,0,0,SOLEDAD,-121.3209381,36.41495132,"c(-121.3209381, 36.41495132)",Other Unincorporated
7358,2018,8/14/18,2018-08-14T06:25:00Z,Tuesday,1,JENSEN ROAD,N,N,1,NA,1,1,3,A,3,C,C,A,H,B,N,N,N,N,N,1,0,2,0,0,0,0,0,0,ROYAL OAKS,-121.7711105,36.85599136,"c(-121.7711105, 36.85599136)",Royal Oake
7359,2018,9/20/18,2018-09-20T15:45:00Z,Thursday,101,SANBORN ROAD,N,N,101,NA,4,0,1,A,3,C,C,A,H,A,N,N,N,N,N,0,0,1,0,0,0,0,0,0,SALINAS,-121.633316,36.66841125,"c(-121.633316, 36.66841125)",Salinas
7360,2018,9/20/18,2018-09-20T13:36:00Z,Thursday,SAN JUAN ROAD,SAN MIGUEL CANYON ROAD,E,N,NA,NA,4,0,2,A,3,C,C,A,H,A,N,N,N,N,N,0,0,2,0,0,0,0,0,0,ROYAL OAKS,-121.6902924,36.89996338,"c(-121.6902924, 36.89996338)",Royal Oake
7361,2018,9/20/18,2018-09-20T07:18:00Z,Thursday,1,MOLERA ROAD,N,N,1,NA,3,0,1,A,8,F,A,A,H,A,N,N,N,N,N,0,1,0,0,0,0,0,0,0,MOSS LANDING,-121.779335,36.78184509,"c(-121.779335, 36.78184509)",Moss Landing
7362,2018,9/23/18,2018-09-23T03:11:00Z,Sunday,ALISAL ROAD,HARTNELL ROAD,N,N,NA,NA,3,0,1,A,1,F,I,A,H,D,N,N,N,N,Y,0,1,0,0,0,0,0,0,0,SALINAS,-121.5799179,36.64891815,"c(-121.5799179, 36.64891815)",Other Unincorporated
7363,2018,9/22/18,2018-09-22T02:00:00Z,Saturday,101,SR-156 W/B,N,N,101,NA,3,0,1,A,1,C,C,A,H,C,N,N,N,N,Y,0,1,0,0,0,0,0,0,0,SALINAS,-121.6671753,36.79183197,"c(-121.6671753, 36.79183197)",Other Unincorporated
7364,2018,9/21/18,2018-09-21T09:46:00Z,Friday,1,CARPENTER ST,N,N,1,NA,4,0,1,A,21,C,C,A,H,A,N,N,N,N,N,0,0,1,0,0,0,0,0,0,CARMEL,-121.913002,36.56679153,"c(-121.913002, 36.56679153)",Other Unincorporated
7365,2017,12/2/17,2017-12-02T13:19:00Z,Saturday,LIGHTHOUSE AV,FOAM ST,NA,Y,NA,NA,4,0,1,A,8,B,C,A,H,A,N,N,N,N,Y,0,0,1,0,0,0,0,0,0,MONTEREY,-121.8955999,36.60777004,"c(-121.8955999, 36.60777004)",Monterey
7366,2017,11/30/17,2017-11-30T16:40:00Z,Thursday,183,CLARK ST,E,N,183,H,4,0,1,A,9,D,C,A,H,B,N,N,N,N,N,0,0,1,0,0,0,0,0,0,SALINAS,-121.6714093,36.68349968,"c(-121.6714093, 36.68349968)",Salinas
7367,2017,11/5/17,2017-11-05T14:12:00Z,Sunday,EAST BORONDA RD,MCKINNON,E,N,NA,NA,4,0,2,A,3,C,C,A,H,A,N,N,N,N,N,0,0,2,0,0,0,0,0,0,SALINAS,-121.6423211,36.71685668,"c(-121.6423211, 36.71685668)",Salinas
7368,2017,11/6/17,2017-11-06T13:37:00Z,Monday,68,ROMIE LN,NA,Y,68,I,4,0,1,A,10,G,B,B,H,A,Y,N,N,N,N,0,0,1,0,1,0,0,0,0,SALINAS,-121.6577149,36.66286002,"c(-121.6577149, 36.66286002)",Salinas
7369,2017,11/7/17,2017-11-07T15:11:00Z,Tuesday,68,JOHN ST,NA,Y,68,I,4,0,1,A,12,D,C,A,H,A,N,N,N,N,N,0,0,1,0,0,0,0,0,0,SALINAS,-121.6548169,36.67107332,"c(-121.6548169, 36.67107332)",Salinas
7370,2017,11/17/17,2017-11-17T07:47:00Z,Friday,68,SUNSET DR,S,N,68,H,4,0,1,A,9,D,G,A,H,A,N,Y,N,N,N,0,0,1,0,0,0,1,0,0,PACIFIC GROVE,-121.9232841,36.61095262,"c(-121.9232841, 36.61095262)",Pacific Grove
7371,2017,10/27/17,2017-10-27T09:03:00Z,Friday,183,WEST MENKE ST,S,N,183,H,4,0,1,A,3,C,C,A,H,A,N,N,N,N,N,0,0,1,0,0,0,0,0,0,SALINAS,-121.6537183,36.68178488,"c(-121.6537183, 36.68178488)",Salinas
7372,2017,9/18/17,2017-09-18T10:02:00Z,Monday,183,LINCOLN AV,E,N,183,I,3,0,3,A,5,B,C,A,H,A,N,N,N,N,N,0,1,2,0,0,0,0,0,0,SALINAS,-121.6585756,36.67852854,"c(-121.6585756, 36.67852854)",Salinas
7373,2017,11/10/17,2017-11-10T08:57:00Z,Friday,WEST BLANCO,SAN VINCENTE,NA,Y,NA,NA,4,0,2,A,9,D,C,A,H,A,N,N,N,N,N,0,0,2,0,0,0,0,0,0,SALINAS,-121.67199,36.66204005,"c(-121.67199, 36.66204005)",Salinas
7374,2017,10/25/17,2017-10-25T13:55:00Z,Wednesday,FREMONT BL,ECHO AV,N,N,NA,NA,4,0,1,A,3,C,C,A,H,A,N,N,N,N,N,0,0,1,0,0,0,0,0,0,SEASIDE,-121.8429275,36.61417728,"c(-121.8429275, 36.61417728)",Seaside
7375,2017,10/14/17,2017-10-14T14:29:00Z,Saturday,1,CANYON DEL REY BL,NA,Y,1,R,3,0,1,A,5,H,G,A,NA,A,N,Y,N,N,N,0,1,0,0,0,0,1,0,0,MONTEREY,-121.8592852,36.60916058,"c(-121.8592852, 36.60916058)",Monterey
7376,2017,10/3/17,2017-10-03T20:15:00Z,Tuesday,PLAYA AV,FREMONT BL,NA,Y,NA,NA,4,0,1,A,12,A,C,A,H,C,N,N,N,N,Y,0,0,1,0,0,0,0,0,0,SEASIDE,-121.8411699,36.61800006,"c(-121.8411699, 36.61800006)",Seaside
7377,2018,9/24/18,2018-09-24T05:15:00Z,Monday,ABBOTT STREET,US-101,N,N,NA,NA,3,0,1,A,5,B,C,A,H,D,N,N,N,Y,N,0,1,0,0,0,0,0,0,0,SALINAS,-121.5906067,36.62882233,"c(-121.5906067, 36.62882233)",Other Unincorporated
7378,2018,9/22/18,2018-09-22T16:49:00Z,Saturday,ELKHORN ROAD,BAYVIEW ROAD,S,N,NA,NA,2,0,3,A,1,E,I,A,H,A,N,N,N,N,Y,2,0,1,0,0,0,0,0,0,CASTROVILLE,-121.7228775,36.80628204,"c(-121.7228775, 36.80628204)",Castroville
7379,2018,9/25/18,2018-09-25T15:45:00Z,Tuesday,198,MAIN ST.,E,N,198,NA,3,0,2,A,8,F,A,A,H,A,N,N,N,Y,N,0,2,0,0,0,0,0,0,0,KING CITY,-121.0116501,36.13222885,"c(-121.0116501, 36.13222885)",Other Unincorporated
7380,2018,9/27/18,2018-09-27T15:00:00Z,Thursday,ESPINOSA ROAD,HARRISON ROAD,W,N,NA,NA,4,0,1,A,1,B,C,A,H,A,N,N,N,N,Y,0,0,1,0,0,0,0,0,0,SALINAS,-121.6564484,36.7345047,"c(-121.6564484, 36.7345047)",Other Unincorporated
7381,2018,9/27/18,2018-09-27T06:20:00Z,Thursday,INTERLAKE ROAD,BRYSON HESPERIA RD,S,N,NA,NA,4,0,1,A,8,E,I,A,H,D,N,N,N,N,N,0,0,1,0,0,0,0,0,0,BRADLEY,-121.0100327,35.82129669,"c(-121.0100327, 35.82129669)",Bradley
7382,2018,9/28/18,2018-09-28T11:04:00Z,Friday,1,OCEAN AVE,N,N,NA,NA,3,0,1,A,3,F,A,A,H,A,N,N,Y,N,N,0,1,0,0,0,0,0,0,1,MONTEREY,-121.8802338,36.59923172,"c(-121.8802338, 36.59923172)",Monterey
7383,2018,9/28/18,2018-09-28T05:45:00Z,Friday,OLD STAGE RD.,ZABALA RD.,NA,Y,NA,NA,2,0,2,A,12,D,C,A,H,D,N,N,N,N,N,1,1,0,0,0,0,0,0,0,SALINAS,-121.5500793,36.66550064,"c(-121.5500793, 36.66550064)",Other Unincorporated
7384,2018,9/25/18,2018-09-25T20:15:00Z,Tuesday,101,SPENCE RD,NA,Y,101,NA,3,0,2,A,9,D,C,A,H,D,N,N,N,Y,N,0,1,1,0,0,0,0,0,0,SALINAS,-121.5671082,36.61294556,"c(-121.5671082, 36.61294556)",Other Unincorporated
7385,2018,9/28/18,2018-09-28T20:30:00Z,Friday,ECHO VALLEY ROAD,SAN MIGUEL CANYON ROAD,NA,Y,NA,NA,4,0,1,A,9,D,C,A,H,D,N,N,N,N,N,0,0,1,0,0,0,0,0,0,ROYAL OAKS,-121.6734695,36.82165909,"c(-121.6734695, 36.82165909)",Royal Oake
7386,2018,9/29/18,2018-09-29T16:30:00Z,Saturday,CACHAGUA RD.,TASSAJARA RD.,W,N,NA,NA,3,0,1,A,8,E,I,A,H,A,N,N,N,N,N,0,1,0,0,0,0,0,0,0,CARMEL VALLEY,-121.6083984,36.39337921,"c(-121.6083984, 36.39337921)",Carmel Valley
7387,2018,10/2/18,2018-10-02T20:00:00Z,Tuesday,FOLETTA ROAD,ALTA STREET,W,N,NA,NA,2,0,1,A,8,A,J,A,H,D,N,N,N,N,N,1,0,0,0,0,0,0,0,0,GONZALES,-121.4662018,36.52342224,"c(-121.4662018, 36.52342224)",Other Unincorporated
7388,2018,9/28/18,2018-09-28T04:54:00Z,Friday,MERIDIAN ROAD,ARCHER ROAD,E,N,NA,NA,4,0,1,A,3,F,A,A,H,D,N,N,N,N,N,0,0,1,0,0,0,0,0,0,SALINAS,-121.6979599,36.7889328,"c(-121.6979599, 36.7889328)",Other Unincorporated
7389,2018,9/27/18,2018-09-27T06:05:00Z,Thursday,SAN MIGUEL CANYON ROAD,STRONG CIRCLE,NA,Y,NA,NA,4,0,1,C,18,E,H,A,H,D,N,N,N,N,N,0,0,1,0,0,0,0,0,0,ROYAL OAKS,-121.6830521,36.83647156,"c(-121.6830521, 36.83647156)",Royal Oake
7390,2018,9/25/18,2018-09-25T19:50:00Z,Tuesday,E. ALISAL RD,SCONEBERG PKWY,S,N,NA,NA,3,0,4,A,8,B,C,A,H,D,N,N,N,N,N,0,1,3,0,0,0,0,0,0,SALINAS,-121.5996933,36.67128754,"c(-121.5996933, 36.67128754)",Other Unincorporated
7391,2018,9/28/18,2018-09-28T08:06:00Z,Friday,68,TORERO ROAD,NA,Y,68,NA,4,0,1,A,6,D,C,A,H,A,N,N,Y,N,N,0,0,1,0,0,0,0,0,1,SALINAS,-121.7045212,36.59362411,"c(-121.7045212, 36.59362411)",Other Unincorporated
7392,2018,9/30/18,2018-09-30T13:48:00Z,Sunday,68,A ROAD,NA,Y,68,NA,4,0,2,A,8,D,C,A,H,A,N,N,N,N,N,0,0,2,0,0,0,0,0,0,SALINAS,-121.761795,36.57040405,"c(-121.761795, 36.57040405)",Other Unincorporated
7393,2018,9/29/18,2018-09-29T20:45:00Z,Saturday,ALISAL ROAD,FUJI LANE,E,N,NA,NA,3,0,1,A,1,F,A,A,H,D,N,N,N,N,Y,0,1,0,0,0,0,0,0,0,SALINAS,-121.5639038,36.63821411,"c(-121.5639038, 36.63821411)",Other Unincorporated
7394,2018,9/28/18,2018-09-28T21:10:00Z,Friday,156,MONTE DEL LAGO,E,N,156,NA,3,0,1,C,18,H,A,A,H,D,N,N,Y,N,N,0,1,0,0,0,0,0,0,1,CASTROVILLE,-121.7316971,36.77177429,"c(-121.7316971, 36.77177429)",Castroville
7395,2018,10/7/18,2018-10-07T01:33:00Z,Sunday,1,MILEPOST MARKER SR-1 14.00,S,N,1,NA,2,0,2,A,5,A,C,A,H,D,N,N,N,N,N,2,0,0,0,0,0,0,0,0,BIG SUR,-121.4685822,35.93124771,"c(-121.4685822, 35.93124771)",Big Sur
7396,2018,9/30/18,2018-09-30T18:07:00Z,Sunday,156,CASTROVILLE BLVD,E,N,NA,NA,3,0,5,A,1,C,C,A,H,A,N,N,N,N,Y,0,3,2,0,0,0,0,0,0,CASTROVILLE,-121.7472229,36.76654053,"c(-121.7472229, 36.76654053)",Castroville
7397,2017,10/3/17,2017-10-03T16:17:00Z,Tuesday,BROADWAY AV,SANTA BARBARA ST,W,N,NA,NA,4,0,1,A,8,B,E,A,D,A,N,N,N,N,N,0,0,1,0,0,0,0,0,0,SEASIDE,-121.8466003,36.60919663,"c(-121.8466003, 36.60919663)",Seaside
7398,2017,10/30/17,2017-10-30T02:08:00Z,Monday,FREMONT BL,ECHO AV,S,N,NA,NA,3,0,1,A,1,F,I,A,H,C,N,N,N,N,Y,0,1,0,0,0,0,0,0,0,SEASIDE,-121.84302,36.61400011,"c(-121.84302, 36.61400011)",Seaside
7399,2017,10/31/17,2017-10-31T16:54:00Z,Tuesday,FREMONT BL,ORD GROVE AV,S,N,NA,NA,3,0,1,A,10,G,B,B,H,A,Y,N,N,N,N,0,1,0,0,1,0,0,0,0,SEASIDE,-121.8407052,36.61928285,"c(-121.8407052, 36.61928285)",Seaside
7400,2017,10/30/17,2017-10-30T18:18:00Z,Monday,FREMONT BL,MONTEREY RD,N,N,NA,NA,4,0,1,A,3,C,C,A,H,C,N,N,N,N,N,0,0,1,0,0,0,0,0,0,SEASIDE,-121.8412497,36.62417705,"c(-121.8412497, 36.62417705)",Seaside
7401,2017,12/4/17,2017-12-04T08:36:00Z,Monday,IMJIN PW,PRESTON AV,N,N,NA,NA,4,0,1,A,3,C,C,A,H,A,N,N,N,N,N,0,0,1,0,0,0,0,0,0,MARINA,-121.7702339,36.66839552,"c(-121.7702339, 36.66839552)",Marina
7402,2017,12/22/17,2017-12-22T17:21:00Z,Friday,NORTH FREMONT ST,CASA VERDE WY,NA,Y,NA,NA,4,0,1,A,1,C,C,A,H,C,N,N,N,N,Y,0,0,1,0,0,0,0,0,0,MONTEREY,-121.86269,36.59621009,"c(-121.86269, 36.59621009)",Monterey
7403,2017,12/19/17,2017-12-19T21:34:00Z,Tuesday,SHADY LN,TOYON DR,W,N,NA,NA,3,0,1,A,17,E,I,A,H,C,N,N,N,N,Y,0,1,0,0,0,0,0,0,0,MONTEREY,-121.913465,36.58927756,"c(-121.913465, 36.58927756)",Monterey
7404,2017,12/14/17,2017-12-14T15:16:00Z,Thursday,SOLEDAD DR,MUNRAS AV,E,N,NA,NA,4,0,1,A,3,C,C,A,H,A,N,N,N,N,N,0,0,1,0,0,0,0,0,0,MONTEREY,-121.9016971,36.58326044,"c(-121.9016971, 36.58326044)",Monterey
7405,2017,12/6/17,2017-12-06T13:24:00Z,Wednesday,FREMONT ST,CAMINO AGUAJITO,W,N,NA,NA,4,0,1,A,7,D,C,A,H,A,N,N,N,N,N,0,0,1,0,0,0,0,0,0,MONTEREY,-121.8827968,36.59382223,"c(-121.8827968, 36.59382223)",Monterey
7406,2017,12/19/17,2017-12-19T22:49:00Z,Tuesday,DAVID AV,LIGHTHOUSE AV,NA,Y,NA,NA,4,0,1,A,10,G,B,B,H,C,Y,N,N,N,Y,0,0,1,0,1,0,0,0,0,MONTEREY,-121.9044699,36.61679004,"c(-121.9044699, 36.61679004)",Monterey
7407,2017,12/19/17,2017-12-19T00:53:00Z,Tuesday,5TH ST,CENTER ST,NA,N,NA,NA,3,0,1,A,0,C,J,A,H,D,N,N,Y,N,N,0,1,0,0,0,0,0,0,1,GONZALES,-121.44383,36.50886003,"c(-121.44383, 36.50886003)",Gonzales
7408,2018,9/30/18,2018-09-30T13:31:00Z,Sunday,1,SHELL GAS STATION (NORTH RD),N,N,1,NA,4,0,1,A,9,F,A,A,H,A,N,N,Y,N,N,0,0,1,0,0,0,0,0,1,BIG SUR,-121.7686386,36.23589706,"c(-121.7686386, 36.23589706)",Big Sur
7409,2018,9/30/18,2018-09-30T09:43:00Z,Sunday,183,SALINAS ROAD,N,N,NA,NA,2,0,1,C,18,C,C,A,H,A,N,N,N,N,N,1,0,0,0,0,0,0,0,0,CASTROVILLE,-121.7528763,36.76190948,"c(-121.7528763, 36.76190948)",Castroville
7410,2018,9/29/18,2018-09-29T22:34:00Z,Saturday,1,SOLEDAD DR U/C,S,N,NA,NA,3,0,1,A,1,E,J,A,H,D,N,N,N,N,Y,0,1,0,0,0,0,0,0,0,MONTEREY,-121.8996506,36.58189011,"c(-121.8996506, 36.58189011)",Monterey
7411,2018,8/5/18,2018-08-05T13:30:00Z,Sunday,MOLERA ROAD,ARTICHOKE LANE,W,N,NA,NA,1,1,0,A,3,C,C,A,H,A,N,N,Y,N,N,0,0,0,0,0,0,0,1,0,CASTROVILLE,-121.7738953,36.74813461,"c(-121.7738953, 36.74813461)",Castroville
7412,2018,8/8/18,2018-08-08T04:25:00Z,Wednesday,SAN JUAN GRADE ROAD,HEBERT ROAD,N,N,NA,NA,1,1,1,A,1,C,C,A,H,D,N,N,N,N,Y,0,1,0,0,0,0,0,0,0,SALINAS,-121.6155853,36.75975418,"c(-121.6155853, 36.75975418)",Other Unincorporated
7413,2018,9/28/18,2018-09-28T23:30:00Z,Friday,SAN JUAN ROAD,ALLISON STREET,E,N,NA,NA,4,0,1,A,8,E,A,A,H,D,N,N,N,N,N,0,0,1,0,0,0,0,0,0,ROYAL OAKS,-121.7217484,36.90409088,"c(-121.7217484, 36.90409088)",Royal Oake
7414,2018,9/29/18,2018-09-29T20:30:00Z,Saturday,CALLE DEL ADOBE,POST DR,NA,Y,NA,NA,4,0,1,A,9,D,C,A,H,C,N,N,N,N,N,0,0,1,0,0,0,0,0,0,SALINAS,-121.6707001,36.69802856,"c(-121.6707001, 36.69802856)",Other Unincorporated
7415,2018,9/30/18,2018-09-30T23:15:00Z,Sunday,101,PRUNEDALE SOUTH ROAD,NA,Y,101,NA,3,0,1,A,1,D,C,A,H,D,N,N,N,N,Y,0,1,0,0,0,0,0,0,0,SALINAS,-121.6680374,36.78772736,"c(-121.6680374, 36.78772736)",Other Unincorporated
7416,2018,10/1/18,2018-10-01T16:17:00Z,Monday,SAN JUAN ROAD,ALLISON ROAD,E,N,NA,NA,3,0,1,A,3,E,A,A,H,A,N,N,Y,N,N,0,1,0,0,0,0,0,0,1,ROYAL OAKS,-121.7235565,36.90410995,"c(-121.7235565, 36.90410995)",Royal Oake
7417,2018,10/1/18,2018-10-01T10:30:00Z,Monday,1,HANDLEY DRIVE,NA,Y,1,NA,3,0,1,A,9,D,C,A,H,A,N,N,N,N,N,0,1,0,0,0,0,0,0,0,CARMEL,-121.9123535,36.56514359,"c(-121.9123535, 36.56514359)",Other Unincorporated
7418,2018,10/1/18,2018-10-01T06:25:00Z,Monday,101,SR-146,N,N,101,NA,4,0,1,A,8,E,I,A,H,D,N,N,N,N,N,0,0,1,0,0,0,0,0,0,SOLEDAD,-121.3290939,36.4248085,"c(-121.3290939, 36.4248085)",Other Unincorporated
7419,2018,10/2/18,2018-10-02T06:45:00Z,Tuesday,DAVIS ROAD,MARKET STREET,N,N,NA,NA,4,0,1,A,3,C,C,A,H,B,N,N,N,N,N,0,0,1,0,0,0,0,0,0,SALINAS,-121.6743622,36.68526077,"c(-121.6743622, 36.68526077)",Other Unincorporated
7420,2018,10/3/18,2018-10-03T13:02:00Z,Wednesday,101,ALVARADO ROAD,N,N,101,NA,4,0,1,A,8,E,I,A,H,A,N,N,N,N,N,0,0,1,0,0,0,0,0,0,SAN ARDO,-120.8845291,35.96033859,"c(-120.8845291, 35.96033859)",San Ardo
7421,2018,10/3/18,2018-10-03T17:00:00Z,Wednesday,101,OAK AVE,N,N,NA,NA,3,0,3,A,3,C,C,A,H,A,N,N,N,N,N,0,1,2,0,0,0,0,0,0,GREENFIELD,-121.2392883,36.32489777,"c(-121.2392883, 36.32489777)",Greenfield
7422,2018,10/2/18,2018-10-02T08:06:00Z,Tuesday,GEIL STREET,UNION STREET,N,N,NA,NA,2,0,2,A,8,C,E,A,H,A,N,N,N,N,N,1,1,0,0,0,0,0,0,0,CASTROVILLE,-121.7526169,36.76574326,"c(-121.7526169, 36.76574326)",Castroville
7423,2018,10/2/18,2018-10-02T17:53:00Z,Tuesday,1,SAN JOSE CREEK CANYON RD,N,N,1,NA,4,0,1,A,9,D,D,A,H,A,N,N,N,N,N,0,0,1,0,0,0,0,0,0,CARMEL,-121.9269943,36.52259064,"c(-121.9269943, 36.52259064)",Other Unincorporated
7424,2018,10/3/18,2018-10-03T07:10:00Z,Wednesday,ALISAL ROAD,HARTNELL ROAD,N,N,NA,NA,3,0,2,A,1,B,C,A,H,A,N,N,N,N,N,0,1,1,0,0,0,0,0,0,SALINAS,-121.582016,36.65127563,"c(-121.582016, 36.65127563)",Other Unincorporated
7425,2018,10/3/18,2018-10-03T09:00:00Z,Wednesday,OLD STAGE ROAD,ESPERANZA ROAD,S,N,NA,NA,4,0,1,A,3,C,C,A,H,A,N,N,N,N,N,0,0,1,0,0,0,0,0,0,SALINAS,-121.5133667,36.60444641,"c(-121.5133667, 36.60444641)",Other Unincorporated
7426,2018,10/3/18,2018-10-03T05:55:00Z,Wednesday,1,PETER PAN ROAD,N,N,1,NA,3,0,1,A,3,F,A,A,H,D,N,N,N,N,N,0,1,0,0,0,0,0,0,0,CARMEL,-121.9361877,36.49914169,"c(-121.9361877, 36.49914169)",Other Unincorporated
7427,2018,10/4/18,2018-10-04T20:45:00Z,Thursday,183,PAJARO ST,NA,Y,183,NA,3,0,1,A,10,G,B,B,H,C,Y,N,N,N,N,0,1,0,0,1,0,0,0,0,CASTROVILLE,-121.7538528,36.76263428,"c(-121.7538528, 36.76263428)",Castroville
7428,2018,10/4/18,2018-10-04T08:55:00Z,Thursday,1,NASHUA/MOLERA ROAD,S,N,1,NA,3,0,4,A,1,B,C,A,H,A,N,N,N,N,N,0,2,2,0,0,0,0,0,0,CASTROVILLE,-121.7812424,36.73373032,"c(-121.7812424, 36.73373032)",Castroville
7429,2018,10/5/18,2018-10-05T16:30:00Z,Friday,DAVIS ROAD,CENTRAL AVENUE,NA,Y,NA,NA,4,0,1,A,5,D,G,A,H,A,N,Y,N,N,N,0,0,1,0,0,0,1,0,0,SALINAS,-121.6769333,36.67630005,"c(-121.6769333, 36.67630005)",Other Unincorporated
7430,2018,10/3/18,2018-10-03T13:00:00Z,Wednesday,1,SODA SPRINGS TRAILHEAD,S,N,1,NA,2,0,1,A,5,A,C,A,H,A,N,N,Y,N,N,1,0,0,0,0,0,0,0,1,BIG SUR,-121.3741608,35.82141495,"c(-121.3741608, 35.82141495)",Big Sur
7431,2018,10/3/18,2018-10-03T16:30:00Z,Wednesday,1,VISTA POINT MPM 37,N,N,1,NA,4,0,1,A,3,E,I,A,H,A,N,N,N,N,N,0,0,1,0,0,0,0,0,0,BIG SUR,-121.6886063,36.17199326,"c(-121.6886063, 36.17199326)",Big Sur
7432,2018,10/5/18,2018-10-05T12:06:00Z,Friday,RIO RD,SR-1,E,N,NA,NA,4,0,2,A,21,C,C,A,H,A,N,N,N,N,N,0,0,2,0,0,0,0,0,0,CARMEL,-121.9100571,36.53930664,"c(-121.9100571, 36.53930664)",Other Unincorporated
7433,2018,10/4/18,2018-10-04T16:10:00Z,Thursday,146,METZ RD,N,N,146,NA,2,0,1,A,8,E,I,A,H,A,N,N,N,N,N,1,0,0,0,0,0,0,0,0,SOLEDAD,-121.2836685,36.42040253,"c(-121.2836685, 36.42040253)",Other Unincorporated
7434,2018,10/5/18,2018-10-05T12:35:00Z,Friday,SAN MIGUEL CANYON ROAD,APRICOT LANE,E,N,NA,NA,3,0,1,A,8,E,I,A,H,A,N,N,N,N,N,0,1,0,0,0,0,0,0,0,ROYAL OAKS,-121.69084169999999,36.85290909,"c(-121.6908417, 36.85290909)",Royal Oake
7435,2018,10/6/18,2018-10-06T06:10:00Z,Saturday,1,STRUVE ROAD (SOUTH),S,N,1,NA,4,0,2,A,9,D,C,A,H,B,N,N,N,N,N,0,0,2,0,0,0,0,0,0,MOSS LANDING,-121.7845001,36.82132339,"c(-121.7845001, 36.82132339)",Moss Landing
7436,2018,10/4/18,2018-10-04T15:10:00Z,Thursday,HEBERT ROAD,SAN JUAN GRADE ROAD,E,N,NA,NA,4,0,1,A,8,B,C,A,H,A,N,N,N,N,N,0,0,1,0,0,0,0,0,0,SALINAS,-121.6127777,36.75792694,"c(-121.6127777, 36.75792694)",Other Unincorporated
7437,2018,10/6/18,2018-10-06T12:50:00Z,Saturday,101,SPENCE ROAD,S,N,101,NA,4,0,2,A,3,C,C,A,H,A,N,N,N,N,N,0,0,2,0,0,0,0,0,0,SALINAS,-121.5652771,36.61159897,"c(-121.5652771, 36.61159897)",Other Unincorporated
7438,2018,10/7/18,2018-10-07T03:15:00Z,Sunday,101,WILDHORSE RD.,S,N,101,R,2,0,1,A,8,B,C,A,H,C,N,N,N,Y,N,1,0,0,0,0,0,0,0,0,KING CITY,-121.0715485,36.18753815,"c(-121.0715485, 36.18753815)",Other Unincorporated
7439,2018,10/8/18,2018-10-08T17:00:00Z,Monday,1,RIBERA ROAD,S,N,1,NA,3,0,1,A,3,C,C,A,H,A,N,N,Y,N,N,0,1,0,0,0,0,0,0,0,CARMEL,-121.9238968,36.52507019,"c(-121.9238968, 36.52507019)",Other Unincorporated
7440,2018,10/8/18,2018-10-08T12:55:00Z,Monday,MAIN STREET,GRANT STREET,W,N,NA,NA,4,0,2,A,5,B,C,A,H,A,N,N,N,N,N,0,0,2,0,0,0,0,0,0,CHUALAR,-121.5177078,36.56957245,"c(-121.5177078, 36.56957245)",Chualar
7441,2018,10/9/18,2018-10-09T20:02:00Z,Tuesday,BLANCO ROAD,DAVIS ROAD,NA,Y,NA,NA,3,0,2,A,9,D,C,A,H,C,N,N,N,N,N,0,1,1,0,0,0,0,0,0,SALINAS,-121.685112,36.66680145,"c(-121.685112, 36.66680145)",Other Unincorporated