X1,ACCIDENT_YEAR,COLLISION_DATE,COLLISION_TIME,DAY_OF_WEEK,PRIMARY_RD,SECONDARY_RD,DIRECTION,INTERSECTION,STATE_ROUTE,LOCATION_TYPE,COLLISION_SEVERITY,NUMBER_KILLED,NUMBER_INJURED,PRIMARY_COLL_FACTOR,PCF_VIOL_CATEGORY,TYPE_OF_COLLISION,MVIW,PED_ACTION,ROAD_COND_1,LIGHTING,PEDESTRIAN_ACCIDENT,BICYCLE_ACCIDENT,MOTORCYCLE_ACCIDENT,TRUCK_ACCIDENT,ALCOHOL_INVOLVED,COUNT_SEVERE_INJ,COUNT_VISIBLE_INJ,COUNT_COMPLAINT_PAIN,COUNT_PED_KILLED,COUNT_PED_INJURED,COUNT_BICYCLIST_KILLED,COUNT_BICYCLIST_INJURED,COUNT_MC_KILLED,COUNT_MC_INJURED,CITY,lon,lat,geometry,city_new
7618,2018,11/16/18,2018-11-16T17:25:00Z,Friday,1,IRIS CANYON ROAD O/C,S,N,NA,NA,4,0,1,A,3,C,C,A,H,C,N,N,N,N,N,0,0,1,0,0,0,0,0,0,MONTEREY,-121.8915863,36.58306122,"c(-121.8915863, 36.58306122)",Monterey
7619,2017,11/13/17,2017-11-13T12:40:00Z,Monday,WEST ROSSI ST,NORTH DAVIS RD,NA,Y,NA,NA,3,0,1,A,12,D,C,A,H,A,N,N,N,N,N,0,1,0,0,0,0,0,0,0,SALINAS,-121.6719299,36.68842008,"c(-121.6719299, 36.68842008)",Other Unincorporated
7620,2017,11/16/17,2017-11-16T13:28:00Z,Thursday,E ALISAL ST,MURPHY ST,NA,Y,NA,NA,3,0,3,A,9,A,C,A,H,A,N,N,N,N,N,0,1,2,0,0,0,0,0,0,SALINAS,-121.6453599,36.67467006,"c(-121.6453599, 36.67467006)",Salinas
7621,2018,1/18/18,2018-01-18T15:11:00Z,Thursday,ABREGO ST,EL DORADO ST,N,N,NA,NA,4,0,1,A,9,D,C,A,H,A,N,N,N,N,N,0,0,1,0,0,0,0,0,0,MONTEREY,-121.8930969,36.59319687,"c(-121.8930969, 36.59319687)",Monterey
7622,2018,1/17/18,2018-01-17T16:13:00Z,Wednesday,IMJIN PKWY,ABRAMS DR,S,N,NA,NA,4,0,1,A,4,C,C,A,H,A,N,N,N,N,N,0,0,1,0,0,0,0,0,0,MARINA,-121.7922134,36.66213989,"c(-121.7922134, 36.66213989)",Marina
7623,2018,1/13/18,2018-01-13T18:43:00Z,Saturday,LIGHTHOUSE AV,CYPRESS AV,NA,Y,NA,NA,4,0,1,A,3,B,E,E,H,C,Y,N,N,N,N,0,0,1,0,1,0,0,0,0,PACIFIC GROVE,-121.9212723,36.62266159,"c(-121.9212723, 36.62266159)",Pacific Grove
7624,2017,11/9/17,2017-11-09T09:26:00Z,Thursday,1,FREMONT BL,NA,Y,1,R,4,0,1,A,12,A,C,A,H,A,N,N,N,N,N,0,0,1,0,0,0,0,0,0,SEASIDE,-121.8386304,36.62773054,"c(-121.8386304, 36.62773054)",Seaside
7625,2017,2/25/17,2017-02-25T02:02:00Z,Saturday,68,JOHN ST,NA,Y,68,H,3,0,1,A,1,A,I,A,H,C,N,N,N,N,Y,0,1,0,0,0,0,0,0,0,SALINAS,-121.6549346,36.67073535,"c(-121.6549346, 36.67073535)",Salinas
7626,2017,11/27/17,2017-11-27T17:24:00Z,Monday,68,BLANCO RD,S,N,68,H,4,0,1,A,3,C,C,A,H,B,N,N,N,N,N,0,0,1,0,0,0,0,0,0,SALINAS,-121.6603483,36.65510493,"c(-121.6603483, 36.65510493)",Salinas
7627,2017,12/4/17,2017-12-04T05:47:00Z,Monday,183,CASENTINI ST,NA,Y,183,I,4,0,1,A,12,D,C,A,H,C,N,N,N,N,N,0,0,1,0,0,0,0,0,0,SALINAS,-121.6529364,36.68387138,"c(-121.6529364, 36.68387138)",Salinas
7628,2018,11/17/18,2018-11-17T18:35:00Z,Saturday,101,CRAZY HORSE CANYON ROAD,N,N,101,NA,4,0,1,A,3,C,C,A,H,D,N,N,N,N,N,0,0,1,0,0,0,0,0,0,SALINAS,-121.6290359,36.82941437,"c(-121.6290359, 36.82941437)",Other Unincorporated
7629,2018,11/18/18,2018-11-18T19:11:00Z,Sunday,1,JENSEN ROAD,N,N,1,NA,4,0,3,A,9,C,C,A,H,D,N,N,N,N,N,0,0,3,0,0,0,0,0,0,ROYAL OAKS,-121.7711029,36.85728073,"c(-121.7711029, 36.85728073)",Royal Oake
7630,2018,11/17/18,2018-11-17T18:25:00Z,Saturday,ROBLEY RD,CAMINO DE CHAMISAL,E,N,NA,NA,3,0,1,A,8,E,I,A,H,D,N,N,N,N,N,0,1,0,0,0,0,0,0,0,SALINAS,-121.7495499,36.56058884,"c(-121.7495499, 36.56058884)",Other Unincorporated
7631,2018,11/18/18,2018-11-18T18:35:00Z,Sunday,1,SPRINGFIELD ROAD,N,N,1,NA,2,0,11,A,5,A,C,A,H,D,N,N,N,N,N,5,3,3,0,0,0,0,0,0,ROYAL OAKS,-121.7711487,36.84540939,"c(-121.7711487, 36.84540939)",Royal Oake
7632,2018,11/18/18,2018-11-18T17:23:00Z,Sunday,1,SR-68 OVER-CROSSING,S,N,1,NA,4,0,1,A,3,C,C,A,H,C,N,N,N,N,N,0,0,1,0,0,0,0,0,0,MONTEREY,-121.872261,36.59407425,"c(-121.872261, 36.59407425)",Monterey
7633,2018,11/17/18,2018-11-17T23:30:00Z,Saturday,1,IMJIN PKWY O/C,N,N,1,NA,3,0,1,A,3,E,I,A,H,D,N,N,N,N,N,0,1,0,0,0,0,0,0,0,MARINA,-121.8077927,36.67822266,"c(-121.8077927, 36.67822266)",Marina
7634,2018,11/18/18,2018-11-18T23:30:00Z,Sunday,1,CARMEL HILLS DRIVE,N,N,1,NA,3,0,1,A,1,C,E,A,H,D,N,N,Y,N,Y,0,1,0,0,0,0,0,0,1,CARMEL,-121.9100647,36.54896927,"c(-121.9100647, 36.54896927)",Other Unincorporated
7635,2018,11/19/18,2018-11-19T14:50:00Z,Monday,156,SR-183,W,N,156,NA,4,0,1,A,9,C,C,A,H,A,N,N,N,N,N,0,0,1,0,0,0,0,0,0,SALINAS,-121.7585831,36.75744247,"c(-121.7585831, 36.75744247)",Other Unincorporated
7636,2018,11/19/18,2018-11-19T07:20:00Z,Monday,HALL ROAD,LAS LOMAS DRIVE,S,N,NA,NA,4,0,2,A,3,B,C,A,H,A,N,N,N,N,N,0,0,2,0,0,0,0,0,0,ROYAL OAKS,-121.7332382,36.86505508,"c(-121.7332382, 36.86505508)",Royal Oake
7637,2018,11/20/18,2018-11-20T16:06:00Z,Tuesday,1,PFEIFFER ROAD,S,N,1,NA,4,0,3,A,3,C,C,A,H,B,N,N,N,N,N,0,0,3,0,0,0,0,0,0,BIG SUR,-121.7933121,36.2612114,"c(-121.7933121, 36.2612114)",Big Sur
7638,2018,11/16/18,2018-11-16T18:20:00Z,Friday,SAN MIGUEL CANYON ROAD,MORO ROAD,NA,Y,NA,NA,4,0,1,A,17,A,C,A,H,C,N,N,N,N,N,0,0,1,0,0,0,0,0,0,SALINAS,-121.6667175,36.80266953,"c(-121.6667175, 36.80266953)",Other Unincorporated
7639,2018,11/23/18,2018-11-23T11:18:00Z,Friday,101,CRAZY HORSE CANYON RD,S,N,101,NA,2,0,1,A,3,F,A,A,H,A,N,N,N,N,N,1,0,0,0,0,0,0,0,0,SALINAS,-121.6335907,36.81804657,"c(-121.6335907, 36.81804657)",Other Unincorporated
7640,2018,11/22/18,2018-11-22T01:45:00Z,Thursday,1,NASHUA ROAD,S,N,1,NA,4,0,1,A,1,C,C,A,H,C,N,N,N,N,Y,0,0,1,0,0,0,0,0,0,SALINAS,-121.773735,36.74222183,"c(-121.773735, 36.74222183)",Other Unincorporated
7641,2018,11/21/18,2018-11-21T04:55:00Z,Wednesday,101,HARTNELL ROAD,N,N,101,NA,4,0,1,A,9,D,C,A,H,D,N,N,N,N,N,0,0,1,0,0,0,0,0,0,SALINAS,-121.5805511,36.62272263,"c(-121.5805511, 36.62272263)",Other Unincorporated
7642,2018,11/22/18,2018-11-22T04:00:00Z,Thursday,HALL ROAD,SAN MIGUEL CANYON ROAD,NA,Y,NA,NA,4,0,1,A,8,E,I,A,H,C,N,N,N,N,Y,0,0,1,0,0,0,0,0,0,ROYAL OAKS,-121.6951981,36.85932159,"c(-121.6951981, 36.85932159)",Royal Oake
7643,2018,11/22/18,2018-11-22T22:47:00Z,Thursday,1,CARMEL VALLEY ROAD,S,N,1,NA,4,0,1,A,1,C,C,A,H,D,N,N,N,N,N,0,0,1,0,0,0,0,0,0,CARMEL,-121.9083328,36.5432663,"c(-121.9083328, 36.5432663)",Other Unincorporated
7644,2018,11/22/18,2018-11-22T22:00:00Z,Thursday,1,CASA VERDE ROAD,S,N,1,R,4,0,1,A,3,C,C,A,H,D,N,N,N,N,N,0,0,1,0,0,0,0,0,0,MONTEREY,-121.8642807,36.59859085,"c(-121.8642807, 36.59859085)",Monterey
7645,2018,11/26/18,2018-11-26T05:10:00Z,Monday,101,FOLETTA ROAD,NA,Y,101,R,4,0,1,A,9,D,C,A,H,C,N,N,N,N,N,0,0,1,0,0,0,0,0,0,GONZALES,-121.4659576,36.52360916,"c(-121.4659576, 36.52360916)",Other Unincorporated
7646,2018,11/26/18,2018-11-26T21:27:00Z,Monday,SAN MIGUEL CANYON ROAD,DAMASCUS ROAD,S,N,NA,NA,3,0,1,A,3,E,I,A,H,D,N,N,N,N,N,0,1,0,0,0,0,0,0,0,ROYAL OAKS,-121.6897964,36.84518814,"c(-121.6897964, 36.84518814)",Royal Oake
7647,2018,11/22/18,2018-11-22T03:00:00Z,Thursday,ALISAL RD,HARTNELL RD,N,N,NA,NA,3,0,2,A,3,E,I,A,H,D,N,N,N,N,N,0,2,0,0,0,0,0,0,0,SALINAS,-121.5778427,36.64658737,"c(-121.5778427, 36.64658737)",Other Unincorporated
7648,2018,11/17/18,2018-11-17T23:30:00Z,Saturday,SAN JUAN ROAD,ALLISON ST,E,N,NA,NA,2,0,2,A,9,D,C,A,H,D,N,N,N,N,Y,1,1,0,0,0,0,0,0,0,ROYAL OAKS,-121.7289734,36.90416718,"c(-121.7289734, 36.90416718)",Royal Oake
7649,2018,11/23/18,2018-11-23T09:26:00Z,Friday,CALLE DEL ADOBE,POST DRIVE,NA,Y,NA,NA,3,0,1,A,9,D,C,A,H,A,N,N,N,N,N,0,1,0,0,0,0,0,0,0,SALINAS,-121.6707001,36.69802856,"c(-121.6707001, 36.69802856)",Other Unincorporated
7650,2018,11/23/18,2018-11-23T17:25:00Z,Friday,SAN JUAN ROAD,CARPENTERIA ROAD,E,N,NA,NA,3,0,1,A,9,D,C,A,H,C,N,N,N,Y,N,0,1,0,0,0,0,0,0,0,AROMAS,-121.6531219,36.86005402,"c(-121.6531219, 36.86005402)",Other Unincorporated
7651,2018,11/27/18,2018-11-27T06:35:00Z,Tuesday,101,SPENCE ROAD,NA,Y,101,NA,4,0,3,A,9,D,C,A,H,A,N,N,N,N,N,0,0,3,0,0,0,0,0,0,SALINAS,-121.5671387,36.6126976,"c(-121.5671387, 36.6126976)",Other Unincorporated
7652,2018,11/26/18,2018-11-26T19:50:00Z,Monday,SALINAS RD,FRUITLAND AVE,NA,Y,NA,NA,3,0,2,A,9,A,C,A,H,D,N,N,N,N,N,0,2,0,0,0,0,0,0,0,ROYAL OAKS,-121.7525635,36.8780098,"c(-121.7525635, 36.8780098)",Royal Oake
7653,2018,9/26/18,2018-09-26T11:25:00Z,Wednesday,CASTROVILLE BLVD,ORMART ROAD,E,N,NA,NA,1,1,0,A,3,E,I,A,H,A,N,N,N,N,N,0,0,0,0,0,0,0,0,0,CASTROVILLE,-121.7168579,36.79507446,"c(-121.7168579, 36.79507446)",Castroville
7654,2018,11/29/18,2018-11-29T10:57:00Z,Thursday,BLANCO ROAD,DAVIS ROAD,NA,Y,NA,NA,4,0,3,A,12,D,C,A,H,A,N,N,N,N,N,0,0,3,0,0,0,0,0,0,SALINAS,-121.685112,36.66680145,"c(-121.685112, 36.66680145)",Other Unincorporated
7655,2018,11/29/18,2018-11-29T07:40:00Z,Thursday,SAN JUAN RD,CARPENTERIA RD,NA,Y,NA,NA,3,0,2,A,9,D,C,A,H,A,N,N,N,N,N,0,2,0,0,0,0,0,0,0,AROMAS,-121.6534271,36.8601799,"c(-121.6534271, 36.8601799)",Other Unincorporated
7656,2018,11/29/18,2018-11-29T08:50:00Z,Thursday,1,SALINAS RD.,N,N,1,NA,4,0,1,A,3,F,A,A,H,A,N,N,N,N,N,0,0,1,0,0,0,0,0,0,ROYAL OAKS,-121.772171,36.8814888,"c(-121.772171, 36.8814888)",Royal Oake
7657,2017,12/8/17,2017-12-08T19:04:00Z,Friday,HILBY AV,LUXTON ST,W,N,NA,NA,4,0,1,A,1,C,E,A,H,C,N,N,N,N,Y,0,0,1,0,0,0,0,0,0,SEASIDE,-121.8362957,36.60237436,"c(-121.8362957, 36.60237436)",Seaside
7658,2017,12/27/17,2017-12-27T15:46:00Z,Wednesday,FREMONT BL,HILBY AV,S,N,NA,NA,2,0,1,A,10,G,B,B,H,A,Y,N,N,N,N,1,0,0,0,1,0,0,0,0,SEASIDE,-121.8488309,36.60258687,"c(-121.8488309, 36.60258687)",Seaside
7659,2016,9/7/16,2016-09-07T10:44:00Z,Wednesday,CONSTITUTION,TWIN CREEKS DR,S,N,NA,NA,4,0,1,A,21,A,I,A,H,A,N,N,N,N,N,0,0,1,0,0,0,0,0,0,SALINAS,-121.6232216,36.69991776,"c(-121.6232216, 36.69991776)",Salinas
7660,2017,8/28/17,2017-08-28T19:52:00Z,Monday,MOHAR ST,BEECH ST,W,N,NA,NA,4,0,1,A,11,G,B,D,H,C,Y,N,N,N,N,0,0,1,0,1,0,0,0,0,SALINAS,-121.6165104,36.68132427,"c(-121.6165104, 36.68132427)",Salinas
7661,2017,6/14/17,2017-06-14T16:21:00Z,Wednesday,183,RIKER ST,E,N,NA,NA,4,0,1,A,1,B,C,A,H,A,N,N,N,N,Y,0,0,1,0,0,0,0,0,0,SALINAS,-121.6614882,36.6796441,"c(-121.6614882, 36.6796441)",Salinas
7662,2018,1/17/18,2018-01-17T08:06:00Z,Wednesday,LIGHTHOUSE AV,EARDLEY AV,N,N,NA,NA,4,0,1,A,9,D,C,A,H,A,N,N,N,N,N,0,0,1,0,0,0,0,0,0,PACIFIC GROVE,-121.9061127,36.61690521,"c(-121.9061127, 36.61690521)",Pacific Grove
7663,2018,1/25/18,2018-01-25T15:20:00Z,Thursday,PEARL ST,CAMINO AGUAJITO,NA,Y,NA,NA,4,0,1,A,9,D,C,A,H,A,N,N,N,N,N,0,0,1,0,0,0,0,0,0,MONTEREY,-121.8827209,36.59740067,"c(-121.8827209, 36.59740067)",Monterey
7664,2018,1/26/18,2018-01-26T12:15:00Z,Friday,NORTH FREMONT ST,CASANOVA AV,E,N,NA,NA,4,0,1,C,18,E,I,A,H,A,N,N,N,N,N,0,0,1,0,0,0,0,0,0,MONTEREY,-121.852684,36.5978241,"c(-121.852684, 36.5978241)",Monterey
7665,2018,1/25/18,2018-01-25T17:49:00Z,Thursday,DEL MONTE AV,CAMINO AGUAJITO,W,N,NA,NA,3,0,5,A,7,B,C,A,H,C,N,N,N,N,N,0,1,4,0,0,0,0,0,0,MONTEREY,-121.8853378,36.59994125,"c(-121.8853378, 36.59994125)",Monterey
7666,2018,2/3/18,2018-02-03T09:41:00Z,Saturday,RAMONA AV,MONTECITO,N,N,NA,NA,4,0,1,A,21,D,C,A,H,A,N,N,N,N,N,0,0,1,0,0,0,0,0,0,MONTEREY,-121.860466,36.60056686,"c(-121.860466, 36.60056686)",Monterey
7667,2018,1/17/18,2018-01-17T11:19:00Z,Wednesday,RESERVATION RD,CALIFORNIA AV,NA,Y,NA,NA,4,0,2,A,3,C,C,A,H,A,N,N,N,N,N,0,0,2,0,0,0,0,0,0,MARINA,-121.7848892,36.68059921,"c(-121.7848892, 36.68059921)",Marina
7668,2017,12/4/17,2017-12-04T16:46:00Z,Monday,DELMONTE BL,CANYON DEL REY BL,S,N,NA,NA,4,0,1,A,21,C,C,A,H,C,N,N,N,N,N,0,0,1,0,0,0,0,0,0,SEASIDE,-121.8560771,36.60759076,"c(-121.8560771, 36.60759076)",Seaside
7669,2018,11/30/18,2018-11-30T10:35:00Z,Friday,101,RALPH LANE,S,N,101,NA,4,0,2,A,3,C,C,A,D,A,N,N,N,N,N,0,0,2,0,0,0,0,0,0,SALINAS,-121.6637802,36.75242233,"c(-121.6637802, 36.75242233)",Other Unincorporated
7670,2018,11/30/18,2018-11-30T07:45:00Z,Friday,ROGGE RD,BOLLENBACHER DR,E,N,NA,NA,4,0,1,A,10,G,B,B,H,A,Y,N,N,N,N,0,0,1,0,1,0,0,0,0,SALINAS,-121.6334076,36.73273468,"c(-121.6334076, 36.73273468)",Other Unincorporated
7671,2018,12/1/18,2018-12-01T07:40:00Z,Saturday,CASTROVILLE BLVD,PARADISE ROAD,E,N,NA,NA,2,0,1,A,8,E,I,A,H,A,N,N,N,N,N,1,0,0,0,0,0,0,0,0,SALINAS,-121.6981201,36.79944611,"c(-121.6981201, 36.79944611)",Other Unincorporated
7672,2018,11/30/18,2018-11-30T17:04:00Z,Friday,101,PRUNEDALE SOUTH ROAD OVERCROSSING,S,N,101,NA,3,0,3,A,3,C,C,A,H,B,N,N,N,N,N,0,2,1,0,0,0,0,0,0,SALINAS,-121.6672058,36.76277161,"c(-121.6672058, 36.76277161)",Other Unincorporated
7673,2018,12/2/18,2018-12-02T11:40:00Z,Sunday,CARMEL WAY,17 MILE DRIVE,W,N,NA,NA,3,0,1,A,3,A,G,A,H,A,N,Y,N,N,N,0,1,0,0,0,0,1,0,0,PEBBLE BEACH,-121.9270401,36.56066895,"c(-121.9270401, 36.56066895)",Pebble Beach
7674,2018,12/4/18,2018-12-04T14:30:00Z,Tuesday,VIERRA CANYON ROAD,TEICHMAN COURT,E,N,NA,NA,4,0,2,A,9,D,C,A,H,A,N,N,N,N,N,0,0,2,0,0,0,0,0,0,SALINAS,-121.6514435,36.79712296,"c(-121.6514435, 36.79712296)",Other Unincorporated
7675,2018,10/1/18,2018-10-01T19:34:00Z,Monday,101,SPENCE ROAD,N,N,101,NA,1,1,2,A,1,A,C,A,H,D,N,N,N,N,Y,1,0,1,0,0,0,0,0,0,SALINAS,-121.5751572,36.61854553,"c(-121.5751572, 36.61854553)",Other Unincorporated
7676,2018,10/6/18,2018-10-06T01:30:00Z,Saturday,1,IMJIN PARKWAY,S,N,1,NA,1,1,1,A,1,F,C,A,H,D,N,N,Y,N,Y,0,0,1,0,0,0,0,1,1,MARINA,-121.8154221,36.66472244,"c(-121.8154221, 36.66472244)",Marina
7677,2018,10/11/18,2018-10-11T18:55:00Z,Thursday,SALINAS ROAD,TRAFTON ROAD,S,N,NA,NA,1,1,2,A,1,D,C,A,H,B,N,N,N,N,Y,2,0,0,0,0,0,0,0,0,ROYAL OAKS,-121.7470169,36.8853035,"c(-121.7470169, 36.8853035)",Royal Oake
7678,2018,1/31/18,2018-01-31T07:30:00Z,Wednesday,RESERVATION RD,CRESCENT AV,W,N,NA,NA,3,0,1,A,3,C,C,A,H,B,N,N,N,N,N,0,1,0,0,0,0,0,0,0,MARINA,-121.7921448,36.68395615,"c(-121.7921448, 36.68395615)",Marina
7679,2018,2/2/18,2018-02-02T21:03:00Z,Friday,DEL MONTE BL,PALM AV,S,N,NA,NA,4,0,1,A,1,C,C,A,H,C,N,N,N,N,Y,0,0,1,0,0,0,0,0,0,MARINA,-121.8038254,36.68330765,"c(-121.8038254, 36.68330765)",Marina
7680,2018,1/31/18,2018-01-31T08:40:00Z,Wednesday,IMJIN PKWY,CALIFORNIA AV,W,N,NA,NA,3,0,2,A,3,C,C,A,H,A,N,N,N,N,N,0,1,1,0,0,0,0,0,0,MARINA,-121.7983932,36.66654587,"c(-121.7983932, 36.66654587)",Marina
7681,2018,2/1/18,2018-02-01T16:43:00Z,Thursday,IMJIN PKWY,2ND AV,E,N,NA,NA,3,0,2,A,8,C,C,A,H,A,N,N,N,N,N,0,1,1,0,0,0,0,0,0,MARINA,-121.8084412,36.66762543,"c(-121.8084412, 36.66762543)",Marina
7682,2017,12/2/17,2017-12-02T09:08:00Z,Saturday,NORTH DAVIS RD,WESTRIDGE PKWY,S,N,NA,NA,3,0,1,A,9,A,I,A,H,A,N,N,N,N,Y,0,1,0,0,0,0,0,0,0,SALINAS,-121.666936,36.70235307,"c(-121.666936, 36.70235307)",Salinas
7683,2018,1/19/18,2018-01-19T15:30:00Z,Friday,NORTH MAIN ST,SANTA CLARA AV,NA,Y,NA,NA,4,0,1,A,3,C,C,A,H,A,N,N,N,N,N,0,0,1,0,0,0,0,0,0,SALINAS,-121.6524124,36.68796921,"c(-121.6524124, 36.68796921)",Salinas
7684,2018,1/31/18,2018-01-31T16:11:00Z,Wednesday,183,E LAKE ST,S,N,183,H,3,0,1,A,3,C,G,A,H,A,N,Y,N,N,N,0,1,0,0,0,0,1,0,0,SALINAS,-121.6554642,36.67808914,"c(-121.6554642, 36.67808914)",Salinas
7685,2017,12/24/17,2017-12-24T16:52:00Z,Sunday,68,PAJARO ST,NA,Y,68,I,3,0,3,A,12,D,C,A,H,B,N,N,N,N,N,0,1,2,0,0,0,0,0,0,SALINAS,-121.6521053,36.6704682,"c(-121.6521053, 36.6704682)",Salinas
7686,2017,12/19/17,2017-12-19T19:15:00Z,Tuesday,183,CLARK ST,NA,Y,183,I,4,0,1,A,9,D,C,A,H,C,N,N,N,N,N,0,0,1,0,0,0,0,0,0,SALINAS,-121.670927,36.6833039,"c(-121.670927, 36.6833039)",Salinas
7687,2018,1/26/18,2018-01-26T11:54:00Z,Friday,183,E MENKE ST,N,N,183,H,4,0,2,A,9,D,C,A,H,A,N,N,N,N,N,0,0,2,0,0,0,0,0,0,SALINAS,-121.6534271,36.68293381,"c(-121.6534271, 36.68293381)",Salinas
7688,2017,11/14/17,2017-11-14T10:14:00Z,Tuesday,68,WORK ST,NA,N,68,H,3,0,1,A,3,C,C,A,H,A,N,N,N,N,N,0,1,0,0,0,0,0,0,0,SALINAS,-121.6426813,36.67069924,"c(-121.6426813, 36.67069924)",Salinas
7689,2018,1/14/18,2018-01-14T20:21:00Z,Sunday,183,PALMETTO ST,NA,Y,183,I,2,0,1,A,11,G,B,D,H,C,Y,N,N,N,Y,1,0,0,0,1,0,0,0,0,SALINAS,-121.6589737,36.67867279,"c(-121.6589737, 36.67867279)",Salinas
7690,2018,12/9/18,2018-12-09T12:37:00Z,Sunday,183,PAJARO STREET,S,N,NA,NA,4,0,1,A,7,B,C,A,H,A,N,N,N,N,N,0,0,1,0,0,0,0,0,0,CASTROVILLE,-121.75334169999999,36.76227188,"c(-121.7533417, 36.76227188)",Castroville
7691,2018,12/4/18,2018-12-04T17:43:00Z,Tuesday,1,SOLEDAD DRIVE,S,N,1,NA,4,0,2,A,3,C,C,A,H,D,N,N,N,Y,N,0,0,2,0,0,0,0,0,0,MONTEREY,-121.9050598,36.57953262,"c(-121.9050598, 36.57953262)",Monterey
7692,2018,11/30/18,2018-11-30T16:07:00Z,Friday,68,CORRAL DE TIERRA RD,W,N,68,NA,3,0,2,A,3,C,C,A,H,A,N,N,N,N,N,0,2,0,0,0,0,0,0,0,SALINAS,-121.7304077,36.57761002,"c(-121.7304077, 36.57761002)",Other Unincorporated
7693,2018,12/5/18,2018-12-05T06:36:00Z,Wednesday,ESPINOSA RD,CHRISTENSEN RD,W,N,NA,NA,3,0,2,A,5,D,C,A,H,A,N,N,N,N,N,0,1,1,0,0,0,0,0,0,SALINAS,-121.6855164,36.74266815,"c(-121.6855164, 36.74266815)",Other Unincorporated
7694,2018,12/6/18,2018-12-06T07:40:00Z,Thursday,1,DEL MONTE BOULEVARD,S,N,1,NA,4,0,1,C,18,H,A,A,H,A,N,N,N,N,N,0,0,1,0,0,0,0,0,0,MARINA,-121.792778,36.72088623,"c(-121.792778, 36.72088623)",Other Unincorporated
7695,2018,12/8/18,2018-12-08T10:10:00Z,Saturday,LARELES GRADE,BARONET ROAD,NA,Y,NA,NA,4,0,1,A,9,D,C,A,H,A,N,N,N,N,N,0,0,1,0,0,0,0,0,0,SALINAS,-121.7516327,36.55765152,"c(-121.7516327, 36.55765152)",Other Unincorporated
7696,2018,12/4/18,2018-12-04T17:30:00Z,Tuesday,SALINAS RD,JONATHAN ST,NA,Y,NA,NA,3,0,1,A,11,G,B,D,H,C,Y,N,N,N,Y,0,1,0,0,1,0,0,0,0,PAJARO,-121.7481689,36.90082169,"c(-121.7481689, 36.90082169)",Pajaro
7697,2018,12/7/18,2018-12-07T19:50:00Z,Friday,RIO  ROAD,SR-1,W,N,NA,NA,3,0,3,A,1,C,C,A,H,C,N,N,N,N,Y,0,1,2,0,0,0,0,0,0,CARMEL,-121.9102707,36.53942871,"c(-121.9102707, 36.53942871)",Other Unincorporated
7698,2018,12/14/18,2018-12-14T07:25:00Z,Friday,METZ RD,SPRECKELS ROAD,S,N,NA,NA,4,0,1,A,3,F,I,A,H,A,N,N,N,N,N,0,0,1,0,0,0,0,0,0,KING CITY,-121.14151,36.2604599,"c(-121.14151, 36.2604599)",Other Unincorporated
7699,2018,12/1/18,2018-12-01T14:00:00Z,Saturday,1,NASHUA ROAD,S,N,1,NA,4,0,1,A,1,E,I,A,H,A,N,N,N,N,Y,0,0,1,0,0,0,0,0,0,CASTROVILLE,-121.7811127,36.73385239,"c(-121.7811127, 36.73385239)",Castroville
7700,2018,12/5/18,2018-12-05T14:45:00Z,Wednesday,CALLE DE ADOBE,POST DRIVE,NA,Y,NA,NA,4,0,2,A,9,D,C,A,H,A,N,N,N,N,N,0,0,2,0,0,0,0,0,0,SALINAS,-121.6707001,36.69802856,"c(-121.6707001, 36.69802856)",Other Unincorporated
7701,2018,12/5/18,2018-12-05T21:01:00Z,Wednesday,CARMEL VALLEY RD,CARMEL RANCHO BLVD,E,N,NA,NA,3,0,1,A,1,C,C,A,H,D,N,N,N,N,Y,0,1,0,0,0,0,0,0,0,CARMEL,-121.904808,36.5437088,"c(-121.904808, 36.5437088)",Other Unincorporated
7702,2018,12/7/18,2018-12-07T07:30:00Z,Friday,RESERVATION RD.,INTER-GARRISON RD.,NA,Y,NA,NA,4,0,2,A,12,D,D,A,H,A,N,N,N,N,N,0,0,2,0,0,0,0,0,0,MARINA,-121.7417831,36.65967941,"c(-121.7417831, 36.65967941)",Other Unincorporated
7703,2018,12/8/18,2018-12-08T23:50:00Z,Saturday,101,BEATRICE DR.,N,N,101,NA,3,0,1,A,1,B,C,A,H,D,N,N,Y,N,Y,0,1,0,0,0,0,0,0,0,SALINAS,-121.6447906,36.80988312,"c(-121.6447906, 36.80988312)",Other Unincorporated
7704,2018,12/8/18,2018-12-08T13:45:00Z,Saturday,68,LAURELES GRADE RD,E,N,68,NA,4,0,1,A,3,C,C,A,H,A,N,N,N,N,N,0,0,1,0,0,0,0,0,0,SALINAS,-121.7550964,36.56961441,"c(-121.7550964, 36.56961441)",Other Unincorporated
7705,2018,12/10/18,2018-12-10T17:30:00Z,Monday,1,SR-68 (SALINAS HIGHWAY),S,N,1,NA,4,0,1,A,3,C,C,A,H,D,N,N,N,N,N,0,0,1,0,0,0,0,0,0,MONTEREY,-121.8709183,36.59425735,"c(-121.8709183, 36.59425735)",Monterey